season,team,team_name,sacks,interceptions,fumble_recoveries,def_tds,st_tds,safeties,blocked_kicks,source_notes
1920,AKR,Akron Pros,,,,,,,,sacks=unknown; int=unknown; fr=unknown; tds=unknown; sfty=unknown; blk=unknown
1920,BUF,Buffalo All-Americans,,,,,,,,sacks=unknown; int=unknown; fr=unknown; tds=unknown; sfty=unknown; blk=unknown
1920,CAN,Canton Bulldogs,,,,,,,,sacks=unknown; int=unknown; fr=unknown; tds=unknown; sfty=unknown; blk=unknown
1920,CHT,Chicago Tigers,,,,,,,,sacks=unknown; int=unknown; fr=unknown; tds=unknown; sfty=unknown; blk=unknown
1920,CLE,Cleveland Tigers,,,,,,,,sacks=unknown; int=unknown; fr=unknown; tds=unknown; sfty=unknown; blk=unknown
1920,COL,Columbus Panhandles,,,,,,,,sacks=unknown; int=unknown; fr=unknown; tds=unknown; sfty=unknown; blk=unknown
1920,CRD,Chicago Cardinals,,,,,,,,sacks=unknown; int=unknown; fr=unknown; tds=unknown; sfty=unknown; blk=unknown
1920,DAY,Dayton Triangles,,,,,,,,sacks=unknown; int=unknown; fr=unknown; tds=unknown; sfty=unknown; blk=unknown
1920,DEC,Decatur Staleys,,,,,,,,sacks=unknown; int=unknown; fr=unknown; tds=unknown; sfty=unknown; blk=unknown
1920,DET,Detroit Heralds,,,,,,,,sacks=unknown; int=unknown; fr=unknown; tds=unknown; sfty=unknown; blk=unknown
1920,HAM,Hammond Pros,,,,,,,,sacks=unknown; int=unknown; fr=unknown; tds=unknown; sfty=unknown; blk=unknown
1920,MUN,Muncie Flyers,,,,,,,,sacks=unknown; int=unknown; fr=unknown; tds=unknown; sfty=unknown; blk=unknown
1920,RCH,Rochester Jeffersons,,,,,,,,sacks=unknown; int=unknown; fr=unknown; tds=unknown; sfty=unknown; blk=unknown
1920,RII,Rock Island Independents,,,,,,,,sacks=unknown; int=unknown; fr=unknown; tds=unknown; sfty=unknown; blk=unknown
1921,AKR,Akron Pros,,,,,,,,sacks=unknown; int=unknown; fr=unknown; tds=unknown; sfty=unknown; blk=unknown
1921,BUF,Buffalo All-Americans,,,,,,,,sacks=unknown; int=unknown; fr=unknown; tds=unknown; sfty=unknown; blk=unknown
1921,CAN,Canton Bulldogs,,,,,,,,sacks=unknown; int=unknown; fr=unknown; tds=unknown; sfty=unknown; blk=unknown
1921,CHI,Chicago Staleys,,,,,,,,sacks=unknown; int=unknown; fr=unknown; tds=unknown; sfty=unknown; blk=unknown
1921,CIN,Cincinnati Celts,,,,,,,,sacks=unknown; int=unknown; fr=unknown; tds=unknown; sfty=unknown; blk=unknown
1921,CLE,Cleveland Indians,,,,,,,,sacks=unknown; int=unknown; fr=unknown; tds=unknown; sfty=unknown; blk=unknown
1921,COL,Columbus Panhandles,,,,,,,,sacks=unknown; int=unknown; fr=unknown; tds=unknown; sfty=unknown; blk=unknown
1921,CRD,Chicago Cardinals,,,,,,,,sacks=unknown; int=unknown; fr=unknown; tds=unknown; sfty=unknown; blk=unknown
1921,DAY,Dayton Triangles,,,,,,,,sacks=unknown; int=unknown; fr=unknown; tds=unknown; sfty=unknown; blk=unknown
1921,DET,Detroit Tigers,,,,,,,,sacks=unknown; int=unknown; fr=unknown; tds=unknown; sfty=unknown; blk=unknown
1921,EVN,Evansville Crimson Giants,,,,,,,,sacks=unknown; int=unknown; fr=unknown; tds=unknown; sfty=unknown; blk=unknown
1921,GNB,Green Bay Packers,,,,,,,,sacks=unknown; int=unknown; fr=unknown; tds=unknown; sfty=unknown; blk=unknown
1921,HAM,Hammond Pros,,,,,,,,sacks=unknown; int=unknown; fr=unknown; tds=unknown; sfty=unknown; blk=unknown
1921,LOU,Louisville Brecks,,,,,,,,sacks=unknown; int=unknown; fr=unknown; tds=unknown; sfty=unknown; blk=unknown
1921,MIN,Minneapolis Marines,,,,,,,,sacks=unknown; int=unknown; fr=unknown; tds=unknown; sfty=unknown; blk=unknown
1921,MUN,Muncie Flyers,,,,,,,,sacks=unknown; int=unknown; fr=unknown; tds=unknown; sfty=unknown; blk=unknown
1921,NYG,New York Brickley Giants,,,,,,,,sacks=unknown; int=unknown; fr=unknown; tds=unknown; sfty=unknown; blk=unknown
1921,RCH,Rochester Jeffersons,,,,,,,,sacks=unknown; int=unknown; fr=unknown; tds=unknown; sfty=unknown; blk=unknown
1921,RII,Rock Island Independents,,,,,,,,sacks=unknown; int=unknown; fr=unknown; tds=unknown; sfty=unknown; blk=unknown
1921,TON,Tonawanda Kardex,,,,,,,,sacks=unknown; int=unknown; fr=unknown; tds=unknown; sfty=unknown; blk=unknown
1921,WSN,Washington Senators,,,,,,,,sacks=unknown; int=unknown; fr=unknown; tds=unknown; sfty=unknown; blk=unknown
1922,AKR,Akron Pros,,,,2,1,,,sacks=unknown; int=unknown; fr=unknown; tds=pfr; sfty=unknown; blk=unknown
1922,BUF,Buffalo All-Americans,,,,1,0,,,sacks=unknown; int=unknown; fr=unknown; tds=pfr; sfty=unknown; blk=unknown
1922,CAN,Canton Bulldogs,,,,2,2,,,sacks=unknown; int=unknown; fr=unknown; tds=pfr; sfty=unknown; blk=unknown
1922,CHI,Chicago Bears,,,,0,0,,,sacks=unknown; int=unknown; fr=unknown; tds=pfr; sfty=unknown; blk=unknown
1922,COL,Columbus Panhandles,,,,0,0,,,sacks=unknown; int=unknown; fr=unknown; tds=pfr; sfty=unknown; blk=unknown
1922,CRD,Chicago Cardinals,,,,0,0,,,sacks=unknown; int=unknown; fr=unknown; tds=pfr; sfty=unknown; blk=unknown
1922,DAY,Dayton Triangles,,,,1,0,,,sacks=unknown; int=unknown; fr=unknown; tds=pfr; sfty=unknown; blk=unknown
1922,EVN,Evansville Crimson Giants,,,,0,0,,,sacks=unknown; int=unknown; fr=unknown; tds=pfr; sfty=unknown; blk=unknown
1922,GNB,Green Bay Packers,,,,0,1,,,sacks=unknown; int=unknown; fr=unknown; tds=pfr; sfty=unknown; blk=unknown
1922,HAM,Hammond Pros,,,,0,0,,,sacks=unknown; int=unknown; fr=unknown; tds=pfr; sfty=unknown; blk=unknown
1922,LOU,Louisville Brecks,,,,0,0,,,sacks=unknown; int=unknown; fr=unknown; tds=pfr; sfty=unknown; blk=unknown
1922,MIL,Milwaukee Badgers,,,,1,0,,,sacks=unknown; int=unknown; fr=unknown; tds=pfr; sfty=unknown; blk=unknown
1922,MIN,Minneapolis Marines,,,,0,0,,,sacks=unknown; int=unknown; fr=unknown; tds=pfr; sfty=unknown; blk=unknown
1922,OOR,Oorang Indians,,,,0,0,,,sacks=unknown; int=unknown; fr=unknown; tds=pfr; sfty=unknown; blk=unknown
1922,RAC,Racine Legion,,,,0,0,,,sacks=unknown; int=unknown; fr=unknown; tds=pfr; sfty=unknown; blk=unknown
1922,RCH,Rochester Jeffersons,,,,0,0,,,sacks=unknown; int=unknown; fr=unknown; tds=pfr; sfty=unknown; blk=unknown
1922,RII,Rock Island Independents,,,,1,0,,,sacks=unknown; int=unknown; fr=unknown; tds=pfr; sfty=unknown; blk=unknown
1922,TOL,Toledo Maroons,,,,1,0,,,sacks=unknown; int=unknown; fr=unknown; tds=pfr; sfty=unknown; blk=unknown
1923,AKR,Akron Pros,,,,1,0,,,sacks=unknown; int=unknown; fr=unknown; tds=pfr; sfty=unknown; blk=unknown
1923,BUF,Buffalo All-Americans,,,,1,0,,,sacks=unknown; int=unknown; fr=unknown; tds=pfr; sfty=unknown; blk=unknown
1923,CAN,Canton Bulldogs,,,,0,0,,,sacks=unknown; int=unknown; fr=unknown; tds=pfr; sfty=unknown; blk=unknown
1923,CHI,Chicago Bears,,,,2,0,,,sacks=unknown; int=unknown; fr=unknown; tds=pfr; sfty=unknown; blk=unknown
1923,CLI,Cleveland Indians,,,,0,0,,,sacks=unknown; int=unknown; fr=unknown; tds=pfr; sfty=unknown; blk=unknown
1923,COL,Columbus Tigers,,,,1,0,,,sacks=unknown; int=unknown; fr=unknown; tds=pfr; sfty=unknown; blk=unknown
1923,CRD,Chicago Cardinals,,,,0,0,,,sacks=unknown; int=unknown; fr=unknown; tds=pfr; sfty=unknown; blk=unknown
1923,DAY,Dayton Triangles,,,,0,0,,,sacks=unknown; int=unknown; fr=unknown; tds=pfr; sfty=unknown; blk=unknown
1923,DUL,Duluth Kelleys,,,,0,0,,,sacks=unknown; int=unknown; fr=unknown; tds=pfr; sfty=unknown; blk=unknown
1923,GNB,Green Bay Packers,,,,0,0,,,sacks=unknown; int=unknown; fr=unknown; tds=pfr; sfty=unknown; blk=unknown
1923,HAM,Hammond Pros,,,,1,1,,,sacks=unknown; int=unknown; fr=unknown; tds=pfr; sfty=unknown; blk=unknown
1923,LOU,Louisville Brecks,,,,0,0,,,sacks=unknown; int=unknown; fr=unknown; tds=pfr; sfty=unknown; blk=unknown
1923,MIL,Milwaukee Badgers,,,,2,0,,,sacks=unknown; int=unknown; fr=unknown; tds=pfr; sfty=unknown; blk=unknown
1923,MIN,Minneapolis Marines,,,,1,0,,,sacks=unknown; int=unknown; fr=unknown; tds=pfr; sfty=unknown; blk=unknown
1923,OOR,Oorang Indians,,,,2,0,,,sacks=unknown; int=unknown; fr=unknown; tds=pfr; sfty=unknown; blk=unknown
1923,RAC,Racine Legion,,,,0,0,,,sacks=unknown; int=unknown; fr=unknown; tds=pfr; sfty=unknown; blk=unknown
1923,RCH,Rochester Jeffersons,,,,0,0,,,sacks=unknown; int=unknown; fr=unknown; tds=pfr; sfty=unknown; blk=unknown
1923,RII,Rock Island Independents,,,,0,0,,,sacks=unknown; int=unknown; fr=unknown; tds=pfr; sfty=unknown; blk=unknown
1923,STL,St. Louis All-Stars,,,,1,0,,,sacks=unknown; int=unknown; fr=unknown; tds=pfr; sfty=unknown; blk=unknown
1923,TOL,Toledo Maroons,,,,0,0,,,sacks=unknown; int=unknown; fr=unknown; tds=pfr; sfty=unknown; blk=unknown
1924,AKR,Akron Pros,,,,1,1,,,sacks=unknown; int=unknown; fr=unknown; tds=pfr; sfty=unknown; blk=unknown
1924,BUF,Buffalo Bisons,,,,0,1,,,sacks=unknown; int=unknown; fr=unknown; tds=pfr; sfty=unknown; blk=unknown
1924,CHI,Chicago Bears,,,,1,1,,,sacks=unknown; int=unknown; fr=unknown; tds=pfr; sfty=unknown; blk=unknown
1924,CLE,Cleveland Bulldogs,,,,2,2,,,sacks=unknown; int=unknown; fr=unknown; tds=pfr; sfty=unknown; blk=unknown
1924,COL,Columbus Tigers,,,,1,0,,,sacks=unknown; int=unknown; fr=unknown; tds=pfr; sfty=unknown; blk=unknown
1924,CRD,Chicago Cardinals,,,,2,0,,,sacks=unknown; int=unknown; fr=unknown; tds=pfr; sfty=unknown; blk=unknown
1924,DAY,Dayton Triangles,,,,3,0,,,sacks=unknown; int=unknown; fr=unknown; tds=pfr; sfty=unknown; blk=unknown
1924,DUL,Duluth Kelleys,,,,1,1,,,sacks=unknown; int=unknown; fr=unknown; tds=pfr; sfty=unknown; blk=unknown
1924,FRN,Frankford Yellow Jackets,,,,1,0,,,sacks=unknown; int=unknown; fr=unknown; tds=pfr; sfty=unknown; blk=unknown
1924,GNB,Green Bay Packers,,,,0,0,,,sacks=unknown; int=unknown; fr=unknown; tds=pfr; sfty=unknown; blk=unknown
1924,HAM,Hammond Pros,,,,0,0,,,sacks=unknown; int=unknown; fr=unknown; tds=pfr; sfty=unknown; blk=unknown
1924,KAN,Kansas City Blues,,,,1,0,,,sacks=unknown; int=unknown; fr=unknown; tds=pfr; sfty=unknown; blk=unknown
1924,KEN,Kenosha Maroons,,,,0,0,,,sacks=unknown; int=unknown; fr=unknown; tds=pfr; sfty=unknown; blk=unknown
1924,MIL,Milwaukee Badgers,,,,1,0,,,sacks=unknown; int=unknown; fr=unknown; tds=pfr; sfty=unknown; blk=unknown
1924,MIN,Minneapolis Marines,,,,0,0,,,sacks=unknown; int=unknown; fr=unknown; tds=pfr; sfty=unknown; blk=unknown
1924,RAC,Racine Legion,,,,0,0,,,sacks=unknown; int=unknown; fr=unknown; tds=pfr; sfty=unknown; blk=unknown
1924,RCH,Rochester Jeffersons,,,,0,0,,,sacks=unknown; int=unknown; fr=unknown; tds=pfr; sfty=unknown; blk=unknown
1924,RII,Rock Island Independents,,,,1,0,,,sacks=unknown; int=unknown; fr=unknown; tds=pfr; sfty=unknown; blk=unknown
1925,AKR,Akron Pros,,,,1,0,,,sacks=unknown; int=unknown; fr=unknown; tds=pfr; sfty=unknown; blk=unknown
1925,BUF,Buffalo Bisons,,,,0,0,,,sacks=unknown; int=unknown; fr=unknown; tds=pfr; sfty=unknown; blk=unknown
1925,CAN,Canton Bulldogs,,,,0,0,,,sacks=unknown; int=unknown; fr=unknown; tds=pfr; sfty=unknown; blk=unknown
1925,CHI,Chicago Bears,,,,2,1,,,sacks=unknown; int=unknown; fr=unknown; tds=pfr; sfty=unknown; blk=unknown
1925,CLE,Cleveland Bulldogs,,,,1,0,,,sacks=unknown; int=unknown; fr=unknown; tds=pfr; sfty=unknown; blk=unknown
1925,COL,Columbus Tigers,,,,0,0,,,sacks=unknown; int=unknown; fr=unknown; tds=pfr; sfty=unknown; blk=unknown
1925,CRD,Chicago Cardinals,,,,4,1,,,sacks=unknown; int=unknown; fr=unknown; tds=pfr; sfty=unknown; blk=unknown
1925,DAY,Dayton Triangles,,,,0,0,,,sacks=unknown; int=unknown; fr=unknown; tds=pfr; sfty=unknown; blk=unknown
1925,DET,Detroit Panthers,,,,0,0,,,sacks=unknown; int=unknown; fr=unknown; tds=pfr; sfty=unknown; blk=unknown
1925,DUL,Duluth Kelleys,,,,0,0,,,sacks=unknown; int=unknown; fr=unknown; tds=pfr; sfty=unknown; blk=unknown
1925,FRN,Frankford Yellow Jackets,,,,3,3,,,sacks=unknown; int=unknown; fr=unknown; tds=pfr; sfty=unknown; blk=unknown
1925,GNB,Green Bay Packers,,,,2,1,,,sacks=unknown; int=unknown; fr=unknown; tds=pfr; sfty=unknown; blk=unknown
1925,HAM,Hammond Pros,,,,1,0,,,sacks=unknown; int=unknown; fr=unknown; tds=pfr; sfty=unknown; blk=unknown
1925,KAN,Kansas City Cowboys,,,,1,0,,,sacks=unknown; int=unknown; fr=unknown; tds=pfr; sfty=unknown; blk=unknown
1925,MIL,Milwaukee Badgers,,,,1,0,,,sacks=unknown; int=unknown; fr=unknown; tds=pfr; sfty=unknown; blk=unknown
1925,NYG,New York Giants,,,,1,0,,,sacks=unknown; int=unknown; fr=unknown; tds=pfr; sfty=unknown; blk=unknown
1925,POT,Pottsville Maroons,,,,3,3,,,sacks=unknown; int=unknown; fr=unknown; tds=pfr; sfty=unknown; blk=unknown
1925,PRV,Providence Steam Roller,,,,4,3,,,sacks=unknown; int=unknown; fr=unknown; tds=pfr; sfty=unknown; blk=unknown
1925,RCH,Rochester Jeffersons,,,,0,0,,,sacks=unknown; int=unknown; fr=unknown; tds=pfr; sfty=unknown; blk=unknown
1925,RII,Rock Island Independents,,,,1,2,,,sacks=unknown; int=unknown; fr=unknown; tds=pfr; sfty=unknown; blk=unknown
1926,AKR,Akron Indians,,,,0,0,,,sacks=unknown; int=unknown; fr=unknown; tds=pfr; sfty=unknown; blk=unknown
1926,BRL,Brooklyn Lions,,,,2,0,,,sacks=unknown; int=unknown; fr=unknown; tds=pfr; sfty=unknown; blk=unknown
1926,BUF,Buffalo Rangers,,,,0,0,,,sacks=unknown; int=unknown; fr=unknown; tds=pfr; sfty=unknown; blk=unknown
1926,CAN,Canton Bulldogs,,,,1,0,,,sacks=unknown; int=unknown; fr=unknown; tds=pfr; sfty=unknown; blk=unknown
1926,CHI,Chicago Bears,,,,1,0,,,sacks=unknown; int=unknown; fr=unknown; tds=pfr; sfty=unknown; blk=unknown
1926,COL,Columbus Tigers,,,,1,0,,,sacks=unknown; int=unknown; fr=unknown; tds=pfr; sfty=unknown; blk=unknown
1926,CRD,Chicago Cardinals,,,,2,1,,,sacks=unknown; int=unknown; fr=unknown; tds=pfr; sfty=unknown; blk=unknown
1926,DAY,Dayton Triangles,,,,0,0,,,sacks=unknown; int=unknown; fr=unknown; tds=pfr; sfty=unknown; blk=unknown
1926,DET,Detroit Panthers,,,,2,0,,,sacks=unknown; int=unknown; fr=unknown; tds=pfr; sfty=unknown; blk=unknown
1926,DUL,Duluth Eskimos,,,,2,0,,,sacks=unknown; int=unknown; fr=unknown; tds=pfr; sfty=unknown; blk=unknown
1926,FRN,Frankford Yellow Jackets,,,,4,3,,,sacks=unknown; int=unknown; fr=unknown; tds=pfr; sfty=unknown; blk=unknown
1926,GNB,Green Bay Packers,,,,1,0,,,sacks=unknown; int=unknown; fr=unknown; tds=pfr; sfty=unknown; blk=unknown
1926,HAM,Hammond Pros,,,,0,0,,,sacks=unknown; int=unknown; fr=unknown; tds=pfr; sfty=unknown; blk=unknown
1926,HRT,Hartford Blues,,,,2,0,,,sacks=unknown; int=unknown; fr=unknown; tds=pfr; sfty=unknown; blk=unknown
1926,KAN,Kansas City Cowboys,,,,2,0,,,sacks=unknown; int=unknown; fr=unknown; tds=pfr; sfty=unknown; blk=unknown
1926,LAB,Los Angeles Buccaneers,,,,2,0,,,sacks=unknown; int=unknown; fr=unknown; tds=pfr; sfty=unknown; blk=unknown
1926,LOU,Louisville Colonels,,,,0,0,,,sacks=unknown; int=unknown; fr=unknown; tds=pfr; sfty=unknown; blk=unknown
1926,MIL,Milwaukee Badgers,,,,1,0,,,sacks=unknown; int=unknown; fr=unknown; tds=pfr; sfty=unknown; blk=unknown
1926,NYG,New York Giants,,,,3,0,,,sacks=unknown; int=unknown; fr=unknown; tds=pfr; sfty=unknown; blk=unknown
1926,POT,Pottsville Maroons,,,,2,0,,,sacks=unknown; int=unknown; fr=unknown; tds=pfr; sfty=unknown; blk=unknown
1926,PRV,Providence Steam Roller,,,,0,3,,,sacks=unknown; int=unknown; fr=unknown; tds=pfr; sfty=unknown; blk=unknown
1926,RAC,Racine Tornadoes,,,,0,0,,,sacks=unknown; int=unknown; fr=unknown; tds=pfr; sfty=unknown; blk=unknown
1927,BUF,Buffalo Bisons,,,,0,0,,,sacks=unknown; int=unknown; fr=unknown; tds=pfr; sfty=unknown; blk=unknown
1927,CHI,Chicago Bears,,,,2,0,,,sacks=unknown; int=unknown; fr=unknown; tds=pfr; sfty=unknown; blk=unknown
1927,CLE,Cleveland Bulldogs,,,,1,0,,,sacks=unknown; int=unknown; fr=unknown; tds=pfr; sfty=unknown; blk=unknown
1927,CRD,Chicago Cardinals,,,,0,0,,,sacks=unknown; int=unknown; fr=unknown; tds=pfr; sfty=unknown; blk=unknown
1927,DAY,Dayton Triangles,,,,2,0,,,sacks=unknown; int=unknown; fr=unknown; tds=pfr; sfty=unknown; blk=unknown
1927,DUL,Duluth Eskimos,,,,0,0,,,sacks=unknown; int=unknown; fr=unknown; tds=pfr; sfty=unknown; blk=unknown
1927,FRN,Frankford Yellow Jackets,,,,1,0,,,sacks=unknown; int=unknown; fr=unknown; tds=pfr; sfty=unknown; blk=unknown
1927,GNB,Green Bay Packers,,,,1,1,,,sacks=unknown; int=unknown; fr=unknown; tds=pfr; sfty=unknown; blk=unknown
1927,NYG,New York Giants,,,,3,2,,,sacks=unknown; int=unknown; fr=unknown; tds=pfr; sfty=unknown; blk=unknown
1927,NYY,New York Yankees,,,,5,0,,,sacks=unknown; int=unknown; fr=unknown; tds=pfr; sfty=unknown; blk=unknown
1927,POT,Pottsville Maroons,,,,1,1,,,sacks=unknown; int=unknown; fr=unknown; tds=pfr; sfty=unknown; blk=unknown
1927,PRV,Providence Steam Roller,,,,0,2,,,sacks=unknown; int=unknown; fr=unknown; tds=pfr; sfty=unknown; blk=unknown
1928,CHI,Chicago Bears,,,,0,3,,,sacks=unknown; int=unknown; fr=unknown; tds=pfr; sfty=unknown; blk=unknown
1928,CRD,Chicago Cardinals,,,,1,0,,,sacks=unknown; int=unknown; fr=unknown; tds=pfr; sfty=unknown; blk=unknown
1928,DAY,Dayton Triangles,,,,0,0,,,sacks=unknown; int=unknown; fr=unknown; tds=pfr; sfty=unknown; blk=unknown
1928,DET,Detroit Wolverines,,,,0,0,,,sacks=unknown; int=unknown; fr=unknown; tds=pfr; sfty=unknown; blk=unknown
1928,FRN,Frankford Yellow Jackets,,,,3,2,,,sacks=unknown; int=unknown; fr=unknown; tds=pfr; sfty=unknown; blk=unknown
1928,GNB,Green Bay Packers,,,,1,0,,,sacks=unknown; int=unknown; fr=unknown; tds=pfr; sfty=unknown; blk=unknown
1928,NYG,New York Giants,,,,0,2,,,sacks=unknown; int=unknown; fr=unknown; tds=pfr; sfty=unknown; blk=unknown
1928,NYY,New York Yankees,,,,2,0,,,sacks=unknown; int=unknown; fr=unknown; tds=pfr; sfty=unknown; blk=unknown
1928,POT,Pottsville Maroons,,,,1,0,,,sacks=unknown; int=unknown; fr=unknown; tds=pfr; sfty=unknown; blk=unknown
1928,PRV,Providence Steam Roller,,,,1,0,,,sacks=unknown; int=unknown; fr=unknown; tds=pfr; sfty=unknown; blk=unknown
1929,BOS,Boston Bulldogs,,,,1,1,,,sacks=unknown; int=unknown; fr=unknown; tds=pfr; sfty=unknown; blk=unknown
1929,BUF,Buffalo Bisons,,,,0,1,,,sacks=unknown; int=unknown; fr=unknown; tds=pfr; sfty=unknown; blk=unknown
1929,CHI,Chicago Bears,,,,1,0,,,sacks=unknown; int=unknown; fr=unknown; tds=pfr; sfty=unknown; blk=unknown
1929,CRD,Chicago Cardinals,,,,1,1,,,sacks=unknown; int=unknown; fr=unknown; tds=pfr; sfty=unknown; blk=unknown
1929,DAY,Dayton Triangles,,,,1,0,,,sacks=unknown; int=unknown; fr=unknown; tds=pfr; sfty=unknown; blk=unknown
1929,FRN,Frankford Yellow Jackets,,,,1,0,,,sacks=unknown; int=unknown; fr=unknown; tds=pfr; sfty=unknown; blk=unknown
1929,GNB,Green Bay Packers,,,,2,1,,,sacks=unknown; int=unknown; fr=unknown; tds=pfr; sfty=unknown; blk=unknown
1929,MIN,Minneapolis Red Jackets,,,,0,1,,,sacks=unknown; int=unknown; fr=unknown; tds=pfr; sfty=unknown; blk=unknown
1929,NYG,New York Giants,,,,1,1,,,sacks=unknown; int=unknown; fr=unknown; tds=pfr; sfty=unknown; blk=unknown
1929,PRV,Providence Steam Roller,,,,0,0,,,sacks=unknown; int=unknown; fr=unknown; tds=pfr; sfty=unknown; blk=unknown
1929,SIS,Staten Island Stapletons,,,,0,1,,,sacks=unknown; int=unknown; fr=unknown; tds=pfr; sfty=unknown; blk=unknown
1929,TOR,Orange Tornadoes,,,,0,0,,,sacks=unknown; int=unknown; fr=unknown; tds=pfr; sfty=unknown; blk=unknown
1930,BKN,Brooklyn Dodgers,,,,1,0,,,sacks=unknown; int=unknown; fr=unknown; tds=pfr; sfty=unknown; blk=unknown
1930,CHI,Chicago Bears,,,,1,0,,,sacks=unknown; int=unknown; fr=unknown; tds=pfr; sfty=unknown; blk=unknown
1930,CRD,Chicago Cardinals,,,,0,0,,,sacks=unknown; int=unknown; fr=unknown; tds=pfr; sfty=unknown; blk=unknown
1930,FRN,Frankford Yellow Jackets,,,,1,0,,,sacks=unknown; int=unknown; fr=unknown; tds=pfr; sfty=unknown; blk=unknown
1930,GNB,Green Bay Packers,,,,1,0,,,sacks=unknown; int=unknown; fr=unknown; tds=pfr; sfty=unknown; blk=unknown
1930,MIN,Minneapolis Red Jackets,,,,0,0,,,sacks=unknown; int=unknown; fr=unknown; tds=pfr; sfty=unknown; blk=unknown
1930,NYG,New York Giants,,,,0,3,,,sacks=unknown; int=unknown; fr=unknown; tds=pfr; sfty=unknown; blk=unknown
1930,PRT,Portsmouth Spartans,,,,2,1,,,sacks=unknown; int=unknown; fr=unknown; tds=pfr; sfty=unknown; blk=unknown
1930,PRV,Providence Steam Roller,,,,2,1,,,sacks=unknown; int=unknown; fr=unknown; tds=pfr; sfty=unknown; blk=unknown
1930,SIS,Staten Island Stapletons,,,,1,0,,,sacks=unknown; int=unknown; fr=unknown; tds=pfr; sfty=unknown; blk=unknown
1930,TOR,Newark Tornadoes,,,,3,1,,,sacks=unknown; int=unknown; fr=unknown; tds=pfr; sfty=unknown; blk=unknown
1931,BKN,Brooklyn Dodgers,,,,1,0,,,sacks=unknown; int=unknown; fr=unknown; tds=pfr; sfty=unknown; blk=unknown
1931,CHI,Chicago Bears,,,,2,0,,,sacks=unknown; int=unknown; fr=unknown; tds=pfr; sfty=unknown; blk=unknown
1931,CLE,Cleveland Indians,,,,0,0,,,sacks=unknown; int=unknown; fr=unknown; tds=pfr; sfty=unknown; blk=unknown
1931,CRD,Chicago Cardinals,,,,0,0,,,sacks=unknown; int=unknown; fr=unknown; tds=pfr; sfty=unknown; blk=unknown
1931,FRN,Frankford Yellow Jackets,,,,0,1,,,sacks=unknown; int=unknown; fr=unknown; tds=pfr; sfty=unknown; blk=unknown
1931,GNB,Green Bay Packers,,,,3,2,,,sacks=unknown; int=unknown; fr=unknown; tds=pfr; sfty=unknown; blk=unknown
1931,NYG,New York Giants,,,,1,1,,,sacks=unknown; int=unknown; fr=unknown; tds=pfr; sfty=unknown; blk=unknown
1931,PRT,Portsmouth Spartans,,,,1,2,,,sacks=unknown; int=unknown; fr=unknown; tds=pfr; sfty=unknown; blk=unknown
1931,PRV,Providence Steam Roller,,,,0,2,,,sacks=unknown; int=unknown; fr=unknown; tds=pfr; sfty=unknown; blk=unknown
1931,SIS,Staten Island Stapletons,,,,0,2,,,sacks=unknown; int=unknown; fr=unknown; tds=pfr; sfty=unknown; blk=unknown
1932,BKN,Brooklyn Dodgers,,,,0,0,,,sacks=unknown; int=unknown; fr=unknown; tds=pfr; sfty=unknown; blk=unknown
1932,BOS,Boston Braves,,,,1,2,,,sacks=unknown; int=unknown; fr=unknown; tds=pfr; sfty=unknown; blk=unknown
1932,CHI,Chicago Bears,,,,1,1,,,sacks=unknown; int=unknown; fr=unknown; tds=pfr; sfty=unknown; blk=unknown
1932,CRD,Chicago Cardinals,,,,0,2,,,sacks=unknown; int=unknown; fr=unknown; tds=pfr; sfty=unknown; blk=unknown
1932,GNB,Green Bay Packers,,,,5,1,,,sacks=unknown; int=unknown; fr=unknown; tds=pfr; sfty=unknown; blk=unknown
1932,NYG,New York Giants,,,,1,1,,,sacks=unknown; int=unknown; fr=unknown; tds=pfr; sfty=unknown; blk=unknown
1932,PRT,Portsmouth Spartans,,,,1,0,,,sacks=unknown; int=unknown; fr=unknown; tds=pfr; sfty=unknown; blk=unknown
1932,SIS,Staten Island Stapletons,,,,0,0,,,sacks=unknown; int=unknown; fr=unknown; tds=pfr; sfty=unknown; blk=unknown
1933,BKN,Brooklyn Dodgers,,,,0,2,,,sacks=unknown; int=unknown; fr=unknown; tds=pfr; sfty=unknown; blk=unknown
1933,BOS,Boston Redskins,,,,1,1,,,sacks=unknown; int=unknown; fr=unknown; tds=pfr; sfty=unknown; blk=unknown
1933,CHI,Chicago Bears,,,,0,2,,,sacks=unknown; int=unknown; fr=unknown; tds=pfr; sfty=unknown; blk=unknown
1933,CIN,Cincinnati Reds,,,,0,1,,,sacks=unknown; int=unknown; fr=unknown; tds=pfr; sfty=unknown; blk=unknown
1933,CRD,Chicago Cardinals,,,,0,2,,,sacks=unknown; int=unknown; fr=unknown; tds=pfr; sfty=unknown; blk=unknown
1933,GNB,Green Bay Packers,,,,2,3,,,sacks=unknown; int=unknown; fr=unknown; tds=pfr; sfty=unknown; blk=unknown
1933,NYG,New York Giants,,,,3,0,,,sacks=unknown; int=unknown; fr=unknown; tds=pfr; sfty=unknown; blk=unknown
1933,PHI,Philadelphia Eagles,,,,1,0,,,sacks=unknown; int=unknown; fr=unknown; tds=pfr; sfty=unknown; blk=unknown
1933,PIT,Pittsburgh Pirates,,,,1,0,,,sacks=unknown; int=unknown; fr=unknown; tds=pfr; sfty=unknown; blk=unknown
1933,PRT,Portsmouth Spartans,,,,0,0,,,sacks=unknown; int=unknown; fr=unknown; tds=pfr; sfty=unknown; blk=unknown
1934,BKN,Brooklyn Dodgers,,,,0,1,,,sacks=unknown; int=unknown; fr=unknown; tds=pfr; sfty=unknown; blk=unknown
1934,BOS,Boston Redskins,,,,2,0,,,sacks=unknown; int=unknown; fr=unknown; tds=pfr; sfty=unknown; blk=unknown
1934,CHI,Chicago Bears,,,,1,0,,,sacks=unknown; int=unknown; fr=unknown; tds=pfr; sfty=unknown; blk=unknown
1934,CIN,Cincinnati Reds,,,,0,0,,,sacks=unknown; int=unknown; fr=unknown; tds=pfr; sfty=unknown; blk=unknown
1934,CRD,Chicago Cardinals,,,,0,3,,,sacks=unknown; int=unknown; fr=unknown; tds=pfr; sfty=unknown; blk=unknown
1934,DET,Detroit Lions,,,,2,0,,,sacks=unknown; int=unknown; fr=unknown; tds=pfr; sfty=unknown; blk=unknown
1934,GNB,Green Bay Packers,,,,1,0,,,sacks=unknown; int=unknown; fr=unknown; tds=pfr; sfty=unknown; blk=unknown
1934,NYG,New York Giants,,,,0,1,,,sacks=unknown; int=unknown; fr=unknown; tds=pfr; sfty=unknown; blk=unknown
1934,PHI,Philadelphia Eagles,,,,1,0,,,sacks=unknown; int=unknown; fr=unknown; tds=pfr; sfty=unknown; blk=unknown
1934,PIT,Pittsburgh Pirates,,,,0,0,,,sacks=unknown; int=unknown; fr=unknown; tds=pfr; sfty=unknown; blk=unknown
1934,STL,St. Louis Gunners,,,,0,0,,,sacks=unknown; int=unknown; fr=unknown; tds=pfr; sfty=unknown; blk=unknown
1935,BKN,Brooklyn Dodgers,,,,0,0,,,sacks=unknown; int=unknown; fr=unknown; tds=pfr; sfty=unknown; blk=unknown
1935,BOS,Boston Redskins,,,,0,2,,,sacks=unknown; int=unknown; fr=unknown; tds=pfr; sfty=unknown; blk=unknown
1935,CHI,Chicago Bears,,,,1,0,,,sacks=unknown; int=unknown; fr=unknown; tds=pfr; sfty=unknown; blk=unknown
1935,CRD,Chicago Cardinals,,,,1,3,,,sacks=unknown; int=unknown; fr=unknown; tds=pfr; sfty=unknown; blk=unknown
1935,DET,Detroit Lions,,,,0,1,,,sacks=unknown; int=unknown; fr=unknown; tds=pfr; sfty=unknown; blk=unknown
1935,GNB,Green Bay Packers,,,,4,1,,,sacks=unknown; int=unknown; fr=unknown; tds=pfr; sfty=unknown; blk=unknown
1935,NYG,New York Giants,,,,2,2,,,sacks=unknown; int=unknown; fr=unknown; tds=pfr; sfty=unknown; blk=unknown
1935,PHI,Philadelphia Eagles,,,,0,0,,,sacks=unknown; int=unknown; fr=unknown; tds=pfr; sfty=unknown; blk=unknown
1935,PIT,Pittsburgh Pirates,,,,1,2,,,sacks=unknown; int=unknown; fr=unknown; tds=pfr; sfty=unknown; blk=unknown
1936,BKN,Brooklyn Dodgers,,,,1,0,,,sacks=unknown; int=unknown; fr=unknown; tds=pfr; sfty=unknown; blk=unknown
1936,BOS,Boston Redskins,,,,4,2,,,sacks=unknown; int=unknown; fr=unknown; tds=pfr; sfty=unknown; blk=unknown
1936,CHI,Chicago Bears,,,,2,0,,,sacks=unknown; int=unknown; fr=unknown; tds=pfr; sfty=unknown; blk=unknown
1936,CRD,Chicago Cardinals,,,,0,2,,,sacks=unknown; int=unknown; fr=unknown; tds=pfr; sfty=unknown; blk=unknown
1936,DET,Detroit Lions,,,,2,2,,,sacks=unknown; int=unknown; fr=unknown; tds=pfr; sfty=unknown; blk=unknown
1936,GNB,Green Bay Packers,,,,2,1,,,sacks=unknown; int=unknown; fr=unknown; tds=pfr; sfty=unknown; blk=unknown
1936,NYG,New York Giants,,,,2,0,,,sacks=unknown; int=unknown; fr=unknown; tds=pfr; sfty=unknown; blk=unknown
1936,PHI,Philadelphia Eagles,,,,0,1,,,sacks=unknown; int=unknown; fr=unknown; tds=pfr; sfty=unknown; blk=unknown
1936,PIT,Pittsburgh Pirates,,,,1,0,,,sacks=unknown; int=unknown; fr=unknown; tds=pfr; sfty=unknown; blk=unknown
1937,BKN,Brooklyn Dodgers,,,,0,1,,,sacks=unknown; int=unknown; fr=unknown; tds=pfr; sfty=unknown; blk=unknown
1937,CHI,Chicago Bears,,,,3,1,,,sacks=unknown; int=unknown; fr=unknown; tds=pfr; sfty=unknown; blk=unknown
1937,CRD,Chicago Cardinals,,,,2,2,,,sacks=unknown; int=unknown; fr=unknown; tds=pfr; sfty=unknown; blk=unknown
1937,DET,Detroit Lions,,,,7,0,,,sacks=unknown; int=unknown; fr=unknown; tds=pfr; sfty=unknown; blk=unknown
1937,GNB,Green Bay Packers,,,,2,2,,,sacks=unknown; int=unknown; fr=unknown; tds=pfr; sfty=unknown; blk=unknown
1937,NYG,New York Giants,,,,1,0,,,sacks=unknown; int=unknown; fr=unknown; tds=pfr; sfty=unknown; blk=unknown
1937,PHI,Philadelphia Eagles,,,,2,0,,,sacks=unknown; int=unknown; fr=unknown; tds=pfr; sfty=unknown; blk=unknown
1937,PIT,Pittsburgh Pirates,,,,1,1,,,sacks=unknown; int=unknown; fr=unknown; tds=pfr; sfty=unknown; blk=unknown
1937,RAM,Cleveland Rams,,,,0,1,,,sacks=unknown; int=unknown; fr=unknown; tds=pfr; sfty=unknown; blk=unknown
1937,WAS,Washington Redskins,,,,3,1,,,sacks=unknown; int=unknown; fr=unknown; tds=pfr; sfty=unknown; blk=unknown
1938,BKN,Brooklyn Dodgers,,,,1,0,,,sacks=unknown; int=unknown; fr=unknown; tds=pfr; sfty=unknown; blk=unknown
1938,CHI,Chicago Bears,,,,3,0,,,sacks=unknown; int=unknown; fr=unknown; tds=pfr; sfty=unknown; blk=unknown
1938,CRD,Chicago Cardinals,,,,2,0,,,sacks=unknown; int=unknown; fr=unknown; tds=pfr; sfty=unknown; blk=unknown
1938,DET,Detroit Lions,,,,0,0,,,sacks=unknown; int=unknown; fr=unknown; tds=pfr; sfty=unknown; blk=unknown
1938,GNB,Green Bay Packers,,,,1,0,,,sacks=unknown; int=unknown; fr=unknown; tds=pfr; sfty=unknown; blk=unknown
1938,NYG,New York Giants,,,,4,0,,,sacks=unknown; int=unknown; fr=unknown; tds=pfr; sfty=unknown; blk=unknown
1938,PHI,Philadelphia Eagles,,,,4,1,,,sacks=unknown; int=unknown; fr=unknown; tds=pfr; sfty=unknown; blk=unknown
1938,PIT,Pittsburgh Pirates,,,,1,0,,,sacks=unknown; int=unknown; fr=unknown; tds=pfr; sfty=unknown; blk=unknown
1938,RAM,Cleveland Rams,,,,2,2,,,sacks=unknown; int=unknown; fr=unknown; tds=pfr; sfty=unknown; blk=unknown
1938,WAS,Washington Redskins,,,,0,1,,,sacks=unknown; int=unknown; fr=unknown; tds=pfr; sfty=unknown; blk=unknown
1939,BKN,Brooklyn Dodgers,,,,1,0,,,sacks=unknown; int=unknown; fr=unknown; tds=pfr; sfty=unknown; blk=unknown
1939,CHI,Chicago Bears,,,,5,0,,,sacks=unknown; int=unknown; fr=unknown; tds=pfr; sfty=unknown; blk=unknown
1939,CRD,Chicago Cardinals,,,,2,0,,,sacks=unknown; int=unknown; fr=unknown; tds=pfr; sfty=unknown; blk=unknown
1939,DET,Detroit Lions,,,,1,0,,,sacks=unknown; int=unknown; fr=unknown; tds=pfr; sfty=unknown; blk=unknown
1939,GNB,Green Bay Packers,,,,3,1,,,sacks=unknown; int=unknown; fr=unknown; tds=pfr; sfty=unknown; blk=unknown
1939,NYG,New York Giants,,,,1,0,,,sacks=unknown; int=unknown; fr=unknown; tds=pfr; sfty=unknown; blk=unknown
1939,PHI,Philadelphia Eagles,,,,1,1,,,sacks=unknown; int=unknown; fr=unknown; tds=pfr; sfty=unknown; blk=unknown
1939,PIT,Pittsburgh Pirates,,,,0,0,,,sacks=unknown; int=unknown; fr=unknown; tds=pfr; sfty=unknown; blk=unknown
1939,RAM,Cleveland Rams,,,,1,1,,,sacks=unknown; int=unknown; fr=unknown; tds=pfr; sfty=unknown; blk=unknown
1939,WAS,Washington Redskins,,,,1,4,,,sacks=unknown; int=unknown; fr=unknown; tds=pfr; sfty=unknown; blk=unknown
1940,BKN,Brooklyn Dodgers,,18,,1,1,1,,sacks=unknown; int=profootballarchives; fr=unknown; tds=pfr; sfty=profootballarchives (incl. team safeties); blk=unknown
1940,CHI,Chicago Bears,,27,,3,3,0,,sacks=unknown; int=profootballarchives; fr=unknown; tds=pfr; sfty=profootballarchives (incl. team safeties); blk=unknown
1940,CRD,Chicago Cardinals,,23,,1,1,1,,sacks=unknown; int=profootballarchives; fr=unknown; tds=pfr; sfty=profootballarchives (incl. team safeties); blk=unknown
1940,DET,Detroit Lions,,29,,3,1,1,,sacks=unknown; int=profootballarchives; fr=unknown; tds=pfr; sfty=profootballarchives (incl. team safeties); blk=unknown
1940,GNB,Green Bay Packers,,40,,2,0,0,,sacks=unknown; int=profootballarchives; fr=unknown; tds=pfr; sfty=profootballarchives (incl. team safeties); blk=unknown
1940,NYG,New York Giants,,23,,1,0,1,,sacks=unknown; int=profootballarchives; fr=unknown; tds=pfr; sfty=profootballarchives (incl. team safeties); blk=unknown
1940,PHI,Philadelphia Eagles,,12,,1,0,0,,sacks=unknown; int=profootballarchives; fr=unknown; tds=pfr; sfty=profootballarchives (incl. team safeties); blk=unknown
1940,PIT,Pittsburgh Steelers,,8,,0,0,0,,sacks=unknown; int=profootballarchives; fr=unknown; tds=pfr; sfty=profootballarchives (incl. team safeties); blk=unknown
1940,RAM,Cleveland Rams,,25,,2,0,1,,sacks=unknown; int=profootballarchives; fr=unknown; tds=pfr; sfty=profootballarchives (incl. team safeties); blk=unknown
1940,WAS,Washington Redskins,,18,,1,1,0,,sacks=unknown; int=profootballarchives; fr=unknown; tds=pfr; sfty=profootballarchives (incl. team safeties); blk=unknown
1941,BKN,Brooklyn Dodgers,,20,,2,2,1,,sacks=unknown; int=profootballarchives; fr=unknown; tds=pfr; sfty=profootballarchives (incl. team safeties); blk=unknown
1941,CHI,Chicago Bears,,34,,4,3,0,,sacks=unknown; int=profootballarchives; fr=unknown; tds=pfr; sfty=profootballarchives (incl. team safeties); blk=unknown
1941,CRD,Chicago Cardinals,,16,,3,0,0,,sacks=unknown; int=profootballarchives; fr=unknown; tds=pfr; sfty=profootballarchives (incl. team safeties); blk=unknown
1941,DET,Detroit Lions,,18,,3,2,0,,sacks=unknown; int=profootballarchives; fr=unknown; tds=pfr; sfty=profootballarchives (incl. team safeties); blk=unknown
1941,GNB,Green Bay Packers,,25,,2,1,1,,sacks=unknown; int=profootballarchives; fr=unknown; tds=pfr; sfty=profootballarchives (incl. team safeties); blk=unknown
1941,NYG,New York Giants,,29,,1,2,0,,sacks=unknown; int=profootballarchives; fr=unknown; tds=pfr; sfty=profootballarchives (incl. team safeties); blk=unknown
1941,PHI,Philadelphia Eagles,,21,,0,0,0,,sacks=unknown; int=profootballarchives; fr=unknown; tds=pfr; sfty=profootballarchives (incl. team safeties); blk=unknown
1941,PIT,Pittsburgh Steelers,,19,,0,0,0,,sacks=unknown; int=profootballarchives; fr=unknown; tds=pfr; sfty=profootballarchives (incl. team safeties); blk=unknown
1941,RAM,Cleveland Rams,,15,,0,2,0,,sacks=unknown; int=profootballarchives; fr=unknown; tds=pfr; sfty=profootballarchives (incl. team safeties); blk=unknown
1941,WAS,Washington Redskins,,23,,1,3,0,,sacks=unknown; int=profootballarchives; fr=unknown; tds=pfr; sfty=profootballarchives (incl. team safeties); blk=unknown
1942,BKN,Brooklyn Dodgers,,14,,1,0,0,,sacks=unknown; int=profootballarchives; fr=unknown; tds=pfr; sfty=profootballarchives (incl. team safeties); blk=unknown
1942,CHI,Chicago Bears,,33,,7,3,0,,sacks=unknown; int=profootballarchives; fr=unknown; tds=pfr; sfty=profootballarchives (incl. team safeties); blk=unknown
1942,CRD,Chicago Cardinals,,25,,1,1,0,,sacks=unknown; int=profootballarchives; fr=unknown; tds=pfr; sfty=profootballarchives (incl. team safeties); blk=unknown
1942,DET,Detroit Lions,,18,,0,0,0,,sacks=unknown; int=profootballarchives; fr=unknown; tds=pfr; sfty=profootballarchives (incl. team safeties); blk=unknown
1942,GNB,Green Bay Packers,,33,,2,1,0,,sacks=unknown; int=profootballarchives; fr=unknown; tds=pfr; sfty=profootballarchives (incl. team safeties); blk=unknown
1942,NYG,New York Giants,,15,,1,0,0,,sacks=unknown; int=profootballarchives; fr=unknown; tds=pfr; sfty=profootballarchives (incl. team safeties); blk=unknown
1942,PHI,Philadelphia Eagles,,18,,2,2,0,,sacks=unknown; int=profootballarchives; fr=unknown; tds=pfr; sfty=profootballarchives (incl. team safeties); blk=unknown
1942,PIT,Pittsburgh Steelers,,21,,1,5,0,,sacks=unknown; int=profootballarchives; fr=unknown; tds=pfr; sfty=profootballarchives (incl. team safeties); blk=unknown
1942,RAM,Cleveland Rams,,23,,1,1,1,,sacks=unknown; int=profootballarchives; fr=unknown; tds=pfr; sfty=profootballarchives (incl. team safeties); blk=unknown
1942,WAS,Washington Redskins,,19,,3,4,2,,sacks=unknown; int=profootballarchives; fr=unknown; tds=pfr; sfty=profootballarchives (incl. team safeties); blk=unknown
1943,BKN,Brooklyn Dodgers,,15,,0,0,0,,sacks=unknown; int=profootballarchives; fr=unknown; tds=pfr; sfty=profootballarchives (incl. team safeties); blk=unknown
1943,CHI,Chicago Bears,,24,,0,3,0,,sacks=unknown; int=profootballarchives; fr=unknown; tds=pfr; sfty=profootballarchives (incl. team safeties); blk=unknown
1943,CRD,Chicago Cardinals,,16,,1,1,0,,sacks=unknown; int=profootballarchives; fr=unknown; tds=pfr; sfty=profootballarchives (incl. team safeties); blk=unknown
1943,DET,Detroit Lions,,19,,2,4,0,,sacks=unknown; int=profootballarchives; fr=unknown; tds=pfr; sfty=profootballarchives (incl. team safeties); blk=unknown
1943,GNB,Green Bay Packers,,42,,2,0,0,,sacks=unknown; int=profootballarchives; fr=unknown; tds=pfr; sfty=profootballarchives (incl. team safeties); blk=unknown
1943,NYG,New York Giants,,18,,1,4,0,,sacks=unknown; int=profootballarchives; fr=unknown; tds=pfr; sfty=profootballarchives (incl. team safeties); blk=unknown
1943,PHI,Phil-Pitt Combine,,22,,4,0,0,,sacks=unknown; int=profootballarchives; fr=unknown; tds=pfr; sfty=profootballarchives (incl. team safeties); blk=unknown
1943,WAS,Washington Redskins,,26,,1,1,0,,sacks=unknown; int=profootballarchives; fr=unknown; tds=pfr; sfty=profootballarchives (incl. team safeties); blk=unknown
1944,BKN,Brooklyn Tigers,,10,,0,1,0,,sacks=unknown; int=profootballarchives; fr=unknown; tds=pfr; sfty=profootballarchives (incl. team safeties); blk=unknown
1944,BOS,Boston Yanks,,16,,2,0,0,,sacks=unknown; int=profootballarchives; fr=unknown; tds=pfr; sfty=profootballarchives (incl. team safeties); blk=unknown
1944,CHI,Chicago Bears,,24,,0,1,0,,sacks=unknown; int=profootballarchives; fr=unknown; tds=pfr; sfty=profootballarchives (incl. team safeties); blk=unknown
1944,CRD,Card-Pitt Combine,,16,,0,1,0,,sacks=unknown; int=profootballarchives; fr=unknown; tds=pfr; sfty=profootballarchives (incl. team safeties); blk=unknown
1944,DET,Detroit Lions,,26,,0,1,0,,sacks=unknown; int=profootballarchives; fr=unknown; tds=pfr; sfty=profootballarchives (incl. team safeties); blk=unknown
1944,GNB,Green Bay Packers,,29,,3,0,1,,sacks=unknown; int=profootballarchives; fr=unknown; tds=pfr; sfty=profootballarchives (incl. team safeties); blk=unknown
1944,NYG,New York Giants,,34,,5,1,2,,sacks=unknown; int=profootballarchives; fr=unknown; tds=pfr; sfty=profootballarchives (incl. team safeties); blk=unknown
1944,PHI,Philadelphia Eagles,,33,,3,3,0,,sacks=unknown; int=profootballarchives; fr=unknown; tds=pfr; sfty=profootballarchives (incl. team safeties); blk=unknown
1944,RAM,Cleveland Rams,,27,,1,0,0,,sacks=unknown; int=profootballarchives; fr=unknown; tds=pfr; sfty=profootballarchives (incl. team safeties); blk=unknown
1944,WAS,Washington Redskins,,19,,0,0,0,,sacks=unknown; int=profootballarchives; fr=unknown; tds=pfr; sfty=profootballarchives (incl. team safeties); blk=unknown
1945,BOS,Boston Yanks,,30,,0,1,0,,sacks=unknown; int=profootballarchives; fr=unknown; tds=pfr; sfty=profootballarchives (incl. team safeties); blk=unknown
1945,CHI,Chicago Bears,,15,,0,0,0,,sacks=unknown; int=profootballarchives; fr=unknown; tds=pfr; sfty=profootballarchives (incl. team safeties); blk=unknown
1945,CRD,Chicago Cardinals,,12,,1,0,1,,sacks=unknown; int=profootballarchives; fr=unknown; tds=pfr; sfty=profootballarchives (incl. team safeties); blk=unknown
1945,DET,Detroit Lions,,23,,2,2,1,,sacks=unknown; int=profootballarchives; fr=unknown; tds=pfr; sfty=profootballarchives (incl. team safeties); blk=unknown
1945,GNB,Green Bay Packers,,24,,6,0,1,,sacks=unknown; int=profootballarchives; fr=unknown; tds=pfr; sfty=profootballarchives (incl. team safeties); blk=unknown
1945,NYG,New York Giants,,13,,1,0,0,,sacks=unknown; int=profootballarchives; fr=unknown; tds=pfr; sfty=profootballarchives (incl. team safeties); blk=unknown
1945,PHI,Philadelphia Eagles,,19,,0,1,0,,sacks=unknown; int=profootballarchives; fr=unknown; tds=pfr; sfty=profootballarchives (incl. team safeties); blk=unknown
1945,PIT,Pittsburgh Steelers,,13,,1,1,0,,sacks=unknown; int=profootballarchives; fr=unknown; tds=pfr; sfty=profootballarchives (incl. team safeties); blk=unknown
1945,RAM,Cleveland Rams,,28,,0,0,0,,sacks=unknown; int=profootballarchives; fr=unknown; tds=pfr; sfty=profootballarchives (incl. team safeties); blk=unknown
1945,WAS,Washington Redskins,,16,,0,0,0,,sacks=unknown; int=profootballarchives; fr=unknown; tds=pfr; sfty=profootballarchives (incl. team safeties); blk=unknown
1946,BOS,Boston Yanks,,17,,2,1,0,,sacks=unknown; int=profootballarchives; fr=unknown; tds=pfr; sfty=profootballarchives (incl. team safeties); blk=unknown
1946,CHI,Chicago Bears,,27,,2,1,0,,sacks=unknown; int=profootballarchives; fr=unknown; tds=pfr; sfty=profootballarchives (incl. team safeties); blk=unknown
1946,CRD,Chicago Cardinals,,25,,0,2,1,,sacks=unknown; int=profootballarchives; fr=unknown; tds=pfr; sfty=profootballarchives (incl. team safeties); blk=unknown
1946,DET,Detroit Lions,,13,,1,0,1,,sacks=unknown; int=profootballarchives; fr=unknown; tds=pfr; sfty=profootballarchives (incl. team safeties); blk=unknown
1946,GNB,Green Bay Packers,,24,,0,0,2,,sacks=unknown; int=profootballarchives; fr=unknown; tds=pfr; sfty=profootballarchives (incl. team safeties); blk=unknown
1946,NYG,New York Giants,,19,,2,2,0,,sacks=unknown; int=profootballarchives; fr=unknown; tds=pfr; sfty=profootballarchives (incl. team safeties); blk=unknown
1946,PHI,Philadelphia Eagles,,26,,1,2,2,,sacks=unknown; int=profootballarchives; fr=unknown; tds=pfr; sfty=profootballarchives (incl. team safeties); blk=unknown
1946,PIT,Pittsburgh Steelers,,14,,2,1,0,,sacks=unknown; int=profootballarchives; fr=unknown; tds=pfr; sfty=profootballarchives (incl. team safeties); blk=unknown
1946,RAM,Los Angeles Rams,,23,,1,2,0,,sacks=unknown; int=profootballarchives; fr=unknown; tds=pfr; sfty=profootballarchives (incl. team safeties); blk=unknown
1946,WAS,Washington Redskins,,24,,2,0,0,,sacks=unknown; int=profootballarchives; fr=unknown; tds=pfr; sfty=profootballarchives (incl. team safeties); blk=unknown
1947,BOS,Boston Yanks,,28,,2,2,0,,sacks=unknown; int=profootballarchives; fr=unknown; tds=pfr; sfty=profootballarchives (incl. team safeties); blk=unknown
1947,CHI,Chicago Bears,,27,,3,0,0,,sacks=unknown; int=profootballarchives; fr=unknown; tds=pfr; sfty=profootballarchives (incl. team safeties); blk=unknown
1947,CRD,Chicago Cardinals,,27,,3,0,0,,sacks=unknown; int=profootballarchives; fr=unknown; tds=pfr; sfty=profootballarchives (incl. team safeties); blk=unknown
1947,DET,Detroit Lions,,25,,1,1,0,,sacks=unknown; int=profootballarchives; fr=unknown; tds=pfr; sfty=profootballarchives (incl. team safeties); blk=unknown
1947,GNB,Green Bay Packers,,30,,1,1,2,,sacks=unknown; int=profootballarchives; fr=unknown; tds=pfr; sfty=profootballarchives (incl. team safeties); blk=unknown
1947,NYG,New York Giants,,27,,1,0,0,,sacks=unknown; int=profootballarchives; fr=unknown; tds=pfr; sfty=profootballarchives (incl. team safeties); blk=unknown
1947,PHI,Philadelphia Eagles,,23,,1,3,0,,sacks=unknown; int=profootballarchives; fr=unknown; tds=pfr; sfty=profootballarchives (incl. team safeties); blk=unknown
1947,PIT,Pittsburgh Steelers,,18,,5,1,3,,sacks=unknown; int=profootballarchives; fr=unknown; tds=pfr; sfty=profootballarchives (incl. team safeties); blk=unknown
1947,RAM,Los Angeles Rams,,24,,4,2,0,,sacks=unknown; int=profootballarchives; fr=unknown; tds=pfr; sfty=profootballarchives (incl. team safeties); blk=unknown
1947,WAS,Washington Redskins,,21,,0,2,0,,sacks=unknown; int=profootballarchives; fr=unknown; tds=pfr; sfty=profootballarchives (incl. team safeties); blk=unknown
1948,BOS,Boston Yanks,,18,,7,0,0,,sacks=unknown; int=profootballarchives; fr=unknown; tds=pfr; sfty=profootballarchives (incl. team safeties); blk=unknown
1948,CHI,Chicago Bears,,30,,5,2,0,,sacks=unknown; int=profootballarchives; fr=unknown; tds=pfr; sfty=profootballarchives (incl. team safeties); blk=unknown
1948,CRD,Chicago Cardinals,,23,,2,4,0,,sacks=unknown; int=profootballarchives; fr=unknown; tds=pfr; sfty=profootballarchives (incl. team safeties); blk=unknown
1948,DET,Detroit Lions,,14,,1,1,0,,sacks=unknown; int=profootballarchives; fr=unknown; tds=pfr; sfty=profootballarchives (incl. team safeties); blk=unknown
1948,GNB,Green Bay Packers,,29,,1,0,0,,sacks=unknown; int=profootballarchives; fr=unknown; tds=pfr; sfty=profootballarchives (incl. team safeties); blk=unknown
1948,NYG,New York Giants,,39,,3,3,1,,sacks=unknown; int=profootballarchives; fr=unknown; tds=pfr; sfty=profootballarchives (incl. team safeties); blk=unknown
1948,PHI,Philadelphia Eagles,,23,,1,1,1,,sacks=unknown; int=profootballarchives; fr=unknown; tds=pfr; sfty=profootballarchives (incl. team safeties); blk=unknown
1948,PIT,Pittsburgh Steelers,,13,,2,0,0,,sacks=unknown; int=profootballarchives; fr=unknown; tds=pfr; sfty=profootballarchives (incl. team safeties); blk=unknown
1948,RAM,Los Angeles Rams,,19,,1,3,0,,sacks=unknown; int=profootballarchives; fr=unknown; tds=pfr; sfty=profootballarchives (incl. team safeties); blk=unknown
1948,WAS,Washington Redskins,,24,,4,1,1,,sacks=unknown; int=profootballarchives; fr=unknown; tds=pfr; sfty=profootballarchives (incl. team safeties); blk=unknown
1949,CHI,Chicago Bears,,27,,2,0,1,,sacks=unknown; int=profootballarchives; fr=unknown; tds=pfr; sfty=profootballarchives (incl. team safeties); blk=unknown
1949,CRD,Chicago Cardinals,,33,,4,2,1,,sacks=unknown; int=profootballarchives; fr=unknown; tds=pfr; sfty=profootballarchives (incl. team safeties); blk=unknown
1949,DET,Detroit Lions,,32,,2,2,0,,sacks=unknown; int=profootballarchives; fr=unknown; tds=pfr; sfty=profootballarchives (incl. team safeties); blk=unknown
1949,GNB,Green Bay Packers,,20,,0,2,0,,sacks=unknown; int=profootballarchives; fr=unknown; tds=pfr; sfty=profootballarchives (incl. team safeties); blk=unknown
1949,NYG,New York Giants,,22,,4,2,0,,sacks=unknown; int=profootballarchives; fr=unknown; tds=pfr; sfty=profootballarchives (incl. team safeties); blk=unknown
1949,NYY,New York Bulldogs,,14,,2,0,0,,sacks=unknown; int=profootballarchives; fr=unknown; tds=pfr; sfty=profootballarchives (incl. team safeties); blk=unknown
1949,PHI,Philadelphia Eagles,,29,,3,2,1,,sacks=unknown; int=profootballarchives; fr=unknown; tds=pfr; sfty=profootballarchives (incl. team safeties); blk=unknown
1949,PIT,Pittsburgh Steelers,,22,,1,0,1,,sacks=unknown; int=profootballarchives; fr=unknown; tds=pfr; sfty=profootballarchives (incl. team safeties); blk=unknown
1949,RAM,Los Angeles Rams,,30,,4,4,0,,sacks=unknown; int=profootballarchives; fr=unknown; tds=pfr; sfty=profootballarchives (incl. team safeties); blk=unknown
1949,WAS,Washington Redskins,,18,,1,0,0,,sacks=unknown; int=profootballarchives; fr=unknown; tds=pfr; sfty=profootballarchives (incl. team safeties); blk=unknown
1950,BCL,Baltimore Colts,,34,,4,1,0,,sacks=unknown; int=nfl.com team totals; fr=unknown; tds=pfr; sfty=nfl.com team totals (incl. team safeties); blk=unknown
1950,CHI,Chicago Bears,,16,,6,0,1,,sacks=unknown; int=nfl.com team totals; fr=unknown; tds=pfr; sfty=nfl.com team totals (incl. team safeties); blk=unknown
1950,CLE,Cleveland Browns,,31,,2,1,1,,sacks=unknown; int=nfl.com team totals; fr=unknown; tds=pfr; sfty=nfl.com team totals (incl. team safeties); blk=unknown
1950,CRD,Chicago Cardinals,,22,,1,1,0,,sacks=unknown; int=nfl.com team totals; fr=unknown; tds=pfr; sfty=nfl.com team totals (incl. team safeties); blk=unknown
1950,DET,Detroit Lions,,31,,5,1,0,,sacks=unknown; int=nfl.com team totals; fr=unknown; tds=pfr; sfty=nfl.com team totals (incl. team safeties); blk=unknown
1950,GNB,Green Bay Packers,,27,,3,2,0,,sacks=unknown; int=nfl.com team totals; fr=unknown; tds=pfr; sfty=nfl.com team totals (incl. team safeties); blk=unknown
1950,NYG,New York Giants,,27,,3,0,2,,sacks=unknown; int=nfl.com team totals; fr=unknown; tds=pfr; sfty=nfl.com team totals (incl. team safeties); blk=unknown
1950,NYY,New York Yanks,,30,,4,2,3,,sacks=unknown; int=nfl.com team totals; fr=unknown; tds=pfr; sfty=nfl.com team totals (incl. team safeties); blk=unknown
1950,PHI,Philadelphia Eagles,,31,,4,1,0,,sacks=unknown; int=nfl.com team totals; fr=unknown; tds=pfr; sfty=nfl.com team totals (incl. team safeties); blk=unknown
1950,PIT,Pittsburgh Steelers,,22,,0,0,1,,sacks=unknown; int=nfl.com team totals; fr=unknown; tds=pfr; sfty=nfl.com team totals (incl. team safeties); blk=unknown
1950,RAM,Los Angeles Rams,,31,,2,3,1,,sacks=unknown; int=nfl.com team totals; fr=unknown; tds=pfr; sfty=nfl.com team totals (incl. team safeties); blk=unknown
1950,SFO,San Francisco 49ers,,22,,1,0,0,,sacks=unknown; int=nfl.com team totals; fr=unknown; tds=pfr; sfty=nfl.com team totals (incl. team safeties); blk=unknown
1950,WAS,Washington Redskins,,19,,2,1,0,,sacks=unknown; int=nfl.com team totals; fr=unknown; tds=pfr; sfty=nfl.com team totals (incl. team safeties); blk=unknown
1951,CHI,Chicago Bears,,21,,1,1,0,,sacks=unknown; int=nfl.com team totals; fr=unknown; tds=pfr; sfty=nfl.com team totals (incl. team safeties); blk=unknown
1951,CLE,Cleveland Browns,,22,,4,0,0,,sacks=unknown; int=nfl.com team totals; fr=unknown; tds=pfr; sfty=nfl.com team totals (incl. team safeties); blk=unknown
1951,CRD,Chicago Cardinals,,27,,0,0,0,,sacks=unknown; int=nfl.com team totals; fr=unknown; tds=pfr; sfty=nfl.com team totals (incl. team safeties); blk=unknown
1951,DET,Detroit Lions,,15,,0,4,1,,sacks=unknown; int=nfl.com team totals; fr=unknown; tds=pfr; sfty=nfl.com team totals (incl. team safeties); blk=unknown
1951,GNB,Green Bay Packers,,22,,1,0,0,,sacks=unknown; int=nfl.com team totals; fr=unknown; tds=pfr; sfty=nfl.com team totals (incl. team safeties); blk=unknown
1951,NYG,New York Giants,,41,,5,5,1,,sacks=unknown; int=nfl.com team totals; fr=unknown; tds=pfr; sfty=nfl.com team totals (incl. team safeties); blk=unknown
1951,NYY,New York Yanks,,22,,2,2,0,,sacks=unknown; int=nfl.com team totals; fr=unknown; tds=pfr; sfty=nfl.com team totals (incl. team safeties); blk=unknown
1951,PHI,Philadelphia Eagles,,18,,1,0,1,,sacks=unknown; int=nfl.com team totals; fr=unknown; tds=pfr; sfty=nfl.com team totals (incl. team safeties); blk=unknown
1951,PIT,Pittsburgh Steelers,,30,,3,1,1,,sacks=unknown; int=nfl.com team totals; fr=unknown; tds=pfr; sfty=nfl.com team totals (incl. team safeties); blk=unknown
1951,RAM,Los Angeles Rams,,19,,1,2,0,,sacks=unknown; int=nfl.com team totals; fr=unknown; tds=pfr; sfty=nfl.com team totals (incl. team safeties); blk=unknown
1951,SFO,San Francisco 49ers,,33,,1,1,1,,sacks=unknown; int=nfl.com team totals; fr=unknown; tds=pfr; sfty=nfl.com team totals (incl. team safeties); blk=unknown
1951,WAS,Washington Redskins,,18,,0,0,0,,sacks=unknown; int=nfl.com team totals; fr=unknown; tds=pfr; sfty=nfl.com team totals (incl. team safeties); blk=unknown
1952,CHI,Chicago Bears,,20,,0,2,2,,sacks=unknown; int=nfl.com team totals; fr=unknown; tds=pfr; sfty=nfl.com team totals (incl. team safeties); blk=unknown
1952,CLE,Cleveland Browns,,22,,1,1,1,,sacks=unknown; int=nfl.com team totals; fr=unknown; tds=pfr; sfty=nfl.com team totals (incl. team safeties); blk=unknown
1952,CRD,Chicago Cardinals,,25,,2,2,0,,sacks=unknown; int=nfl.com team totals; fr=unknown; tds=pfr; sfty=nfl.com team totals (incl. team safeties); blk=unknown
1952,DET,Detroit Lions,,32,,2,3,1,,sacks=unknown; int=nfl.com team totals; fr=unknown; tds=pfr; sfty=nfl.com team totals (incl. team safeties); blk=unknown
1952,DTX,Dallas Texans,,28,,1,0,0,,sacks=unknown; int=nfl.com team totals; fr=unknown; tds=pfr; sfty=nfl.com team totals (incl. team safeties); blk=unknown
1952,GNB,Green Bay Packers,,22,,2,1,0,,sacks=unknown; int=nfl.com team totals; fr=unknown; tds=pfr; sfty=nfl.com team totals (incl. team safeties); blk=unknown
1952,NYG,New York Giants,,28,,1,1,1,,sacks=unknown; int=nfl.com team totals; fr=unknown; tds=pfr; sfty=nfl.com team totals (incl. team safeties); blk=unknown
1952,PHI,Philadelphia Eagles,,20,,6,2,1,,sacks=unknown; int=nfl.com team totals; fr=unknown; tds=pfr; sfty=nfl.com team totals (incl. team safeties); blk=unknown
1952,PIT,Pittsburgh Steelers,,27,,2,7,0,,sacks=unknown; int=nfl.com team totals; fr=unknown; tds=pfr; sfty=nfl.com team totals (incl. team safeties); blk=unknown
1952,RAM,Los Angeles Rams,,38,,9,2,1,,sacks=unknown; int=nfl.com team totals; fr=unknown; tds=pfr; sfty=nfl.com team totals (incl. team safeties); blk=unknown
1952,SFO,San Francisco 49ers,,17,,1,2,2,,sacks=unknown; int=nfl.com team totals; fr=unknown; tds=pfr; sfty=nfl.com team totals (incl. team safeties); blk=unknown
1952,WAS,Washington Redskins,,18,,1,2,2,,sacks=unknown; int=nfl.com team totals; fr=unknown; tds=pfr; sfty=nfl.com team totals (incl. team safeties); blk=unknown
1953,BAL,Baltimore Colts,,29,,1,2,1,,sacks=unknown; int=nfl.com team totals; fr=unknown; tds=pfr; sfty=nfl.com team totals (incl. team safeties); blk=unknown
1953,CHI,Chicago Bears,,14,,3,1,1,,sacks=unknown; int=nfl.com team totals; fr=unknown; tds=pfr; sfty=nfl.com team totals (incl. team safeties); blk=unknown
1953,CLE,Cleveland Browns,,25,,3,1,0,,sacks=unknown; int=nfl.com team totals; fr=unknown; tds=pfr; sfty=nfl.com team totals (incl. team safeties); blk=unknown
1953,CRD,Chicago Cardinals,,24,,2,0,1,,sacks=unknown; int=nfl.com team totals; fr=unknown; tds=pfr; sfty=nfl.com team totals (incl. team safeties); blk=unknown
1953,DET,Detroit Lions,,38,,2,1,0,,sacks=unknown; int=nfl.com team totals; fr=unknown; tds=pfr; sfty=nfl.com team totals (incl. team safeties); blk=unknown
1953,GNB,Green Bay Packers,,28,,3,1,0,,sacks=unknown; int=nfl.com team totals; fr=unknown; tds=pfr; sfty=nfl.com team totals (incl. team safeties); blk=unknown
1953,NYG,New York Giants,,23,,2,0,2,,sacks=unknown; int=nfl.com team totals; fr=unknown; tds=pfr; sfty=nfl.com team totals (incl. team safeties); blk=unknown
1953,PHI,Philadelphia Eagles,,24,,2,0,0,,sacks=unknown; int=nfl.com team totals; fr=unknown; tds=pfr; sfty=nfl.com team totals (incl. team safeties); blk=unknown
1953,PIT,Pittsburgh Steelers,,21,,3,1,2,,sacks=unknown; int=nfl.com team totals; fr=unknown; tds=pfr; sfty=nfl.com team totals (incl. team safeties); blk=unknown
1953,RAM,Los Angeles Rams,,30,,4,2,0,,sacks=unknown; int=nfl.com team totals; fr=unknown; tds=pfr; sfty=nfl.com team totals (incl. team safeties); blk=unknown
1953,SFO,San Francisco 49ers,,23,,1,0,0,,sacks=unknown; int=nfl.com team totals; fr=unknown; tds=pfr; sfty=nfl.com team totals (incl. team safeties); blk=unknown
1953,WAS,Washington Redskins,,27,,3,0,0,,sacks=unknown; int=nfl.com team totals; fr=unknown; tds=pfr; sfty=nfl.com team totals (incl. team safeties); blk=unknown
1954,BAL,Baltimore Colts,,20,,1,0,1,,sacks=unknown; int=nfl.com team totals; fr=unknown; tds=pfr; sfty=nfl.com team totals (incl. team safeties); blk=unknown
1954,CHI,Chicago Bears,,27,,3,1,0,,sacks=unknown; int=nfl.com team totals; fr=unknown; tds=pfr; sfty=nfl.com team totals (incl. team safeties); blk=unknown
1954,CLE,Cleveland Browns,,23,,4,0,1,,sacks=unknown; int=nfl.com team totals; fr=unknown; tds=pfr; sfty=nfl.com team totals (incl. team safeties); blk=unknown
1954,CRD,Chicago Cardinals,,24,,1,4,0,,sacks=unknown; int=nfl.com team totals; fr=unknown; tds=pfr; sfty=nfl.com team totals (incl. team safeties); blk=unknown
1954,DET,Detroit Lions,,30,,4,3,0,,sacks=unknown; int=nfl.com team totals; fr=unknown; tds=pfr; sfty=nfl.com team totals (incl. team safeties); blk=unknown
1954,GNB,Green Bay Packers,,19,,1,1,0,,sacks=unknown; int=nfl.com team totals; fr=unknown; tds=pfr; sfty=nfl.com team totals (incl. team safeties); blk=unknown
1954,NYG,New York Giants,,33,,0,1,1,,sacks=unknown; int=nfl.com team totals; fr=unknown; tds=pfr; sfty=nfl.com team totals (incl. team safeties); blk=unknown
1954,PHI,Philadelphia Eagles,,28,,2,0,1,,sacks=unknown; int=nfl.com team totals; fr=unknown; tds=pfr; sfty=nfl.com team totals (incl. team safeties); blk=unknown
1954,PIT,Pittsburgh Steelers,,30,,3,0,1,,sacks=unknown; int=nfl.com team totals; fr=unknown; tds=pfr; sfty=nfl.com team totals (incl. team safeties); blk=unknown
1954,RAM,Los Angeles Rams,,23,,1,1,0,,sacks=unknown; int=nfl.com team totals; fr=unknown; tds=pfr; sfty=nfl.com team totals (incl. team safeties); blk=unknown
1954,SFO,San Francisco 49ers,,19,,2,0,0,,sacks=unknown; int=nfl.com team totals; fr=unknown; tds=pfr; sfty=nfl.com team totals (incl. team safeties); blk=unknown
1954,WAS,Washington Redskins,,18,,1,1,2,,sacks=unknown; int=nfl.com team totals; fr=unknown; tds=pfr; sfty=nfl.com team totals (incl. team safeties); blk=unknown
1955,BAL,Baltimore Colts,,19,,0,0,0,,sacks=unknown; int=nfl.com team totals; fr=unknown; tds=pfr; sfty=nfl.com team totals (incl. team safeties); blk=unknown
1955,CHI,Chicago Bears,,19,,1,0,1,,sacks=unknown; int=nfl.com team totals; fr=unknown; tds=pfr; sfty=nfl.com team totals (incl. team safeties); blk=unknown
1955,CLE,Cleveland Browns,,25,,3,1,1,,sacks=unknown; int=nfl.com team totals; fr=unknown; tds=pfr; sfty=nfl.com team totals (incl. team safeties); blk=unknown
1955,CRD,Chicago Cardinals,,29,,3,2,0,,sacks=unknown; int=nfl.com team totals; fr=unknown; tds=pfr; sfty=nfl.com team totals (incl. team safeties); blk=unknown
1955,DET,Detroit Lions,,15,,3,0,1,,sacks=unknown; int=nfl.com team totals; fr=unknown; tds=pfr; sfty=nfl.com team totals (incl. team safeties); blk=unknown
1955,GNB,Green Bay Packers,,31,,0,2,0,,sacks=unknown; int=nfl.com team totals; fr=unknown; tds=pfr; sfty=nfl.com team totals (incl. team safeties); blk=unknown
1955,NYG,New York Giants,,23,,2,3,0,,sacks=unknown; int=nfl.com team totals; fr=unknown; tds=pfr; sfty=nfl.com team totals (incl. team safeties); blk=unknown
1955,PHI,Philadelphia Eagles,,16,,2,1,0,,sacks=unknown; int=nfl.com team totals; fr=unknown; tds=pfr; sfty=nfl.com team totals (incl. team safeties); blk=unknown
1955,PIT,Pittsburgh Steelers,,10,,1,1,0,,sacks=unknown; int=nfl.com team totals; fr=unknown; tds=pfr; sfty=nfl.com team totals (incl. team safeties); blk=unknown
1955,RAM,Los Angeles Rams,,31,,4,1,1,,sacks=unknown; int=nfl.com team totals; fr=unknown; tds=pfr; sfty=nfl.com team totals (incl. team safeties); blk=unknown
1955,SFO,San Francisco 49ers,,21,,1,0,0,,sacks=unknown; int=nfl.com team totals; fr=unknown; tds=pfr; sfty=nfl.com team totals (incl. team safeties); blk=unknown
1955,WAS,Washington Redskins,,19,,1,4,0,,sacks=unknown; int=nfl.com team totals; fr=unknown; tds=pfr; sfty=nfl.com team totals (incl. team safeties); blk=unknown
1956,BAL,Baltimore Colts,,13,,1,2,0,,sacks=unknown; int=nfl.com team totals; fr=unknown; tds=pfr; sfty=nfl.com team totals (incl. team safeties); blk=unknown
1956,CHI,Chicago Bears,,23,,3,2,0,,sacks=unknown; int=nfl.com team totals; fr=unknown; tds=pfr; sfty=nfl.com team totals (incl. team safeties); blk=unknown
1956,CLE,Cleveland Browns,,18,,2,1,1,,sacks=unknown; int=nfl.com team totals; fr=unknown; tds=pfr; sfty=nfl.com team totals (incl. team safeties); blk=unknown
1956,CRD,Chicago Cardinals,,33,,1,2,0,,sacks=unknown; int=nfl.com team totals; fr=unknown; tds=pfr; sfty=nfl.com team totals (incl. team safeties); blk=unknown
1956,DET,Detroit Lions,,28,,1,1,0,,sacks=unknown; int=nfl.com team totals; fr=unknown; tds=pfr; sfty=nfl.com team totals (incl. team safeties); blk=unknown
1956,GNB,Green Bay Packers,,21,,1,1,0,,sacks=unknown; int=nfl.com team totals; fr=unknown; tds=pfr; sfty=nfl.com team totals (incl. team safeties); blk=unknown
1956,NYG,New York Giants,,17,,0,0,1,,sacks=unknown; int=nfl.com team totals; fr=unknown; tds=pfr; sfty=nfl.com team totals (incl. team safeties); blk=unknown
1956,PHI,Philadelphia Eagles,,16,,1,0,0,,sacks=unknown; int=nfl.com team totals; fr=unknown; tds=pfr; sfty=nfl.com team totals (incl. team safeties); blk=unknown
1956,PIT,Pittsburgh Steelers,,18,,1,0,1,,sacks=unknown; int=nfl.com team totals; fr=unknown; tds=pfr; sfty=nfl.com team totals (incl. team safeties); blk=unknown
1956,RAM,Los Angeles Rams,,18,,3,2,0,,sacks=unknown; int=nfl.com team totals; fr=unknown; tds=pfr; sfty=nfl.com team totals (incl. team safeties); blk=unknown
1956,SFO,San Francisco 49ers,,17,,1,2,0,,sacks=unknown; int=nfl.com team totals; fr=unknown; tds=pfr; sfty=nfl.com team totals (incl. team safeties); blk=unknown
1956,WAS,Washington Redskins,,18,,3,0,1,,sacks=unknown; int=nfl.com team totals; fr=unknown; tds=pfr; sfty=nfl.com team totals (incl. team safeties); blk=unknown
1957,BAL,Baltimore Colts,,28,,3,1,0,,sacks=unknown; int=nfl.com team totals; fr=unknown; tds=pfr; sfty=nfl.com team totals (incl. team safeties); blk=unknown
1957,CHI,Chicago Bears,,15,,1,0,0,,sacks=unknown; int=nfl.com team totals; fr=unknown; tds=pfr; sfty=nfl.com team totals (incl. team safeties); blk=unknown
1957,CLE,Cleveland Browns,,19,,1,0,0,,sacks=unknown; int=nfl.com team totals; fr=unknown; tds=pfr; sfty=nfl.com team totals (incl. team safeties); blk=unknown
1957,CRD,Chicago Cardinals,,12,,2,0,1,,sacks=unknown; int=nfl.com team totals; fr=unknown; tds=pfr; sfty=nfl.com team totals (incl. team safeties); blk=unknown
1957,DET,Detroit Lions,,25,,1,0,1,,sacks=unknown; int=nfl.com team totals; fr=unknown; tds=pfr; sfty=nfl.com team totals (incl. team safeties); blk=unknown
1957,GNB,Green Bay Packers,,30,,1,0,0,,sacks=unknown; int=nfl.com team totals; fr=unknown; tds=pfr; sfty=nfl.com team totals (incl. team safeties); blk=unknown
1957,NYG,New York Giants,,18,,3,1,0,,sacks=unknown; int=nfl.com team totals; fr=unknown; tds=pfr; sfty=nfl.com team totals (incl. team safeties); blk=unknown
1957,PHI,Philadelphia Eagles,,17,,2,0,0,,sacks=unknown; int=nfl.com team totals; fr=unknown; tds=pfr; sfty=nfl.com team totals (incl. team safeties); blk=unknown
1957,PIT,Pittsburgh Steelers,,19,,1,2,1,,sacks=unknown; int=nfl.com team totals; fr=unknown; tds=pfr; sfty=nfl.com team totals (incl. team safeties); blk=unknown
1957,RAM,Los Angeles Rams,,14,,2,1,1,,sacks=unknown; int=nfl.com team totals; fr=unknown; tds=pfr; sfty=nfl.com team totals (incl. team safeties); blk=unknown
1957,SFO,San Francisco 49ers,,18,,1,0,1,,sacks=unknown; int=nfl.com team totals; fr=unknown; tds=pfr; sfty=nfl.com team totals (incl. team safeties); blk=unknown
1957,WAS,Washington Redskins,,16,,0,2,0,,sacks=unknown; int=nfl.com team totals; fr=unknown; tds=pfr; sfty=nfl.com team totals (incl. team safeties); blk=unknown
1958,BAL,Baltimore Colts,,35,,1,2,0,,sacks=unknown; int=nfl.com team totals; fr=unknown; tds=pfr; sfty=nfl.com team totals (incl. team safeties); blk=unknown
1958,CHI,Chicago Bears,,22,,3,2,0,,sacks=unknown; int=nfl.com team totals; fr=unknown; tds=pfr; sfty=nfl.com team totals (incl. team safeties); blk=unknown
1958,CLE,Cleveland Browns,,16,,1,3,0,,sacks=unknown; int=nfl.com team totals; fr=unknown; tds=pfr; sfty=nfl.com team totals (incl. team safeties); blk=unknown
1958,CRD,Chicago Cardinals,,15,,0,2,0,,sacks=unknown; int=nfl.com team totals; fr=unknown; tds=pfr; sfty=nfl.com team totals (incl. team safeties); blk=unknown
1958,DET,Detroit Lions,,22,,2,2,0,,sacks=unknown; int=nfl.com team totals; fr=unknown; tds=pfr; sfty=nfl.com team totals (incl. team safeties); blk=unknown
1958,GNB,Green Bay Packers,,13,,1,0,0,,sacks=unknown; int=nfl.com team totals; fr=unknown; tds=pfr; sfty=nfl.com team totals (incl. team safeties); blk=unknown
1958,NYG,New York Giants,,21,,1,0,1,,sacks=unknown; int=nfl.com team totals; fr=unknown; tds=pfr; sfty=nfl.com team totals (incl. team safeties); blk=unknown
1958,PHI,Philadelphia Eagles,,15,,0,0,0,,sacks=unknown; int=nfl.com team totals; fr=unknown; tds=pfr; sfty=nfl.com team totals (incl. team safeties); blk=unknown
1958,PIT,Pittsburgh Steelers,,24,,1,0,1,,sacks=unknown; int=nfl.com team totals; fr=unknown; tds=pfr; sfty=nfl.com team totals (incl. team safeties); blk=unknown
1958,RAM,Los Angeles Rams,,28,,5,1,1,,sacks=unknown; int=nfl.com team totals; fr=unknown; tds=pfr; sfty=nfl.com team totals (incl. team safeties); blk=unknown
1958,SFO,San Francisco 49ers,,16,,1,0,0,,sacks=unknown; int=nfl.com team totals; fr=unknown; tds=pfr; sfty=nfl.com team totals (incl. team safeties); blk=unknown
1958,WAS,Washington Redskins,,16,,0,0,0,,sacks=unknown; int=nfl.com team totals; fr=unknown; tds=pfr; sfty=nfl.com team totals (incl. team safeties); blk=unknown
1959,BAL,Baltimore Colts,,40,,4,1,0,,sacks=unknown; int=nfl.com team totals; fr=unknown; tds=pfr; sfty=nfl.com team totals (incl. team safeties); blk=unknown
1959,CHI,Chicago Bears,,22,,2,1,1,,sacks=unknown; int=nfl.com team totals; fr=unknown; tds=pfr; sfty=nfl.com team totals (incl. team safeties); blk=unknown
1959,CLE,Cleveland Browns,,18,,2,1,0,,sacks=unknown; int=nfl.com team totals; fr=unknown; tds=pfr; sfty=nfl.com team totals (incl. team safeties); blk=unknown
1959,CRD,Chicago Cardinals,,15,,1,6,0,,sacks=unknown; int=nfl.com team totals; fr=unknown; tds=pfr; sfty=nfl.com team totals (incl. team safeties); blk=unknown
1959,DET,Detroit Lions,,14,,2,0,0,,sacks=unknown; int=nfl.com team totals; fr=unknown; tds=pfr; sfty=nfl.com team totals (incl. team safeties); blk=unknown
1959,GNB,Green Bay Packers,,14,,0,1,2,,sacks=unknown; int=nfl.com team totals; fr=unknown; tds=pfr; sfty=nfl.com team totals (incl. team safeties); blk=unknown
1959,NYG,New York Giants,,22,,3,0,0,,sacks=unknown; int=nfl.com team totals; fr=unknown; tds=pfr; sfty=nfl.com team totals (incl. team safeties); blk=unknown
1959,PHI,Philadelphia Eagles,,20,,2,2,0,,sacks=unknown; int=nfl.com team totals; fr=unknown; tds=pfr; sfty=nfl.com team totals (incl. team safeties); blk=unknown
1959,PIT,Pittsburgh Steelers,,22,,1,0,0,,sacks=unknown; int=nfl.com team totals; fr=unknown; tds=pfr; sfty=nfl.com team totals (incl. team safeties); blk=unknown
1959,RAM,Los Angeles Rams,,7,,0,1,1,,sacks=unknown; int=nfl.com team totals; fr=unknown; tds=pfr; sfty=nfl.com team totals (incl. team safeties); blk=unknown
1959,SFO,San Francisco 49ers,,14,,2,1,1,,sacks=unknown; int=nfl.com team totals; fr=unknown; tds=pfr; sfty=nfl.com team totals (incl. team safeties); blk=unknown
1959,WAS,Washington Redskins,,13,,0,0,1,,sacks=unknown; int=nfl.com team totals; fr=unknown; tds=pfr; sfty=nfl.com team totals (incl. team safeties); blk=unknown
1960,BAL,Baltimore Colts,,30,,0,1,2,,sacks=unknown; int=nfl.com team totals; fr=unknown; tds=pfr; sfty=nfl.com team totals (incl. team safeties); blk=unknown
1960,BOS,Boston Patriots,,25,,1,0,1,,"sacks=unknown; int=profootballarchives; fr=unknown; tds=profootballarchives (def_tds = INT, fumble and other non-offense/non-return TDs; st_tds = PR+KR TDs); sfty=profootballarchives (incl. team safeties); blk=unknown"
1960,BUF,Buffalo Bills,,33,,4,0,0,,"sacks=unknown; int=profootballarchives; fr=unknown; tds=profootballarchives (def_tds = INT, fumble and other non-offense/non-return TDs; st_tds = PR+KR TDs); sfty=profootballarchives (incl. team safeties); blk=unknown"
1960,CHI,Chicago Bears,,10,,1,0,0,,sacks=unknown; int=nfl.com team totals; fr=unknown; tds=pfr; sfty=nfl.com team totals (incl. team safeties); blk=unknown
1960,CLE,Cleveland Browns,,31,,6,1,0,,sacks=unknown; int=nfl.com team totals; fr=unknown; tds=pfr; sfty=nfl.com team totals (incl. team safeties); blk=unknown
1960,DAL,Dallas Cowboys,,15,,0,0,0,,sacks=unknown; int=nfl.com team totals; fr=unknown; tds=pfr; sfty=nfl.com team totals (incl. team safeties); blk=unknown
1960,DEN,Denver Broncos,,27,,2,1,0,,"sacks=unknown; int=profootballarchives; fr=unknown; tds=profootballarchives (def_tds = INT, fumble and other non-offense/non-return TDs; st_tds = PR+KR TDs); sfty=profootballarchives (incl. team safeties); blk=unknown"
1960,DET,Detroit Lions,,19,,3,0,3,,sacks=unknown; int=nfl.com team totals; fr=unknown; tds=pfr; sfty=nfl.com team totals (incl. team safeties); blk=unknown
1960,DTX,Dallas Texans,,32,,5,1,0,,"sacks=unknown; int=profootballarchives; fr=unknown; tds=profootballarchives (def_tds = INT, fumble and other non-offense/non-return TDs; st_tds = PR+KR TDs); sfty=profootballarchives (incl. team safeties); blk=unknown"
1960,GNB,Green Bay Packers,,22,,1,2,0,,sacks=unknown; int=nfl.com team totals; fr=unknown; tds=pfr; sfty=nfl.com team totals (incl. team safeties); blk=unknown
1960,HOU,Houston Oilers,,25,,0,2,0,,"sacks=unknown; int=profootballarchives; fr=unknown; tds=profootballarchives (def_tds = INT, fumble and other non-offense/non-return TDs; st_tds = PR+KR TDs); sfty=profootballarchives (incl. team safeties); blk=unknown"
1960,LAC,Los Angeles Chargers,,28,,4,0,0,,"sacks=unknown; int=profootballarchives; fr=unknown; tds=profootballarchives (def_tds = INT, fumble and other non-offense/non-return TDs; st_tds = PR+KR TDs); sfty=profootballarchives (incl. team safeties); blk=unknown"
1960,NYG,New York Giants,,22,,3,0,1,,sacks=unknown; int=nfl.com team totals; fr=unknown; tds=pfr; sfty=nfl.com team totals (incl. team safeties); blk=unknown
1960,NYT,New York Titans,,24,,3,2,0,,"sacks=unknown; int=profootballarchives; fr=unknown; tds=profootballarchives (def_tds = INT, fumble and other non-offense/non-return TDs; st_tds = PR+KR TDs); sfty=profootballarchives (incl. team safeties); blk=unknown"
1960,OAK,Oakland Raiders,,25,,1,1,1,,"sacks=unknown; int=profootballarchives; fr=unknown; tds=profootballarchives (def_tds = INT, fumble and other non-offense/non-return TDs; st_tds = PR+KR TDs); sfty=profootballarchives (incl. team safeties); blk=unknown"
1960,PHI,Philadelphia Eagles,,30,,1,0,0,,sacks=unknown; int=nfl.com team totals; fr=unknown; tds=pfr; sfty=nfl.com team totals (incl. team safeties); blk=unknown
1960,PIT,Pittsburgh Steelers,,16,,1,0,0,,sacks=unknown; int=nfl.com team totals; fr=unknown; tds=pfr; sfty=nfl.com team totals (incl. team safeties); blk=unknown
1960,RAM,Los Angeles Rams,,23,,3,1,0,,sacks=unknown; int=nfl.com team totals; fr=unknown; tds=pfr; sfty=nfl.com team totals (incl. team safeties); blk=unknown
1960,SFO,San Francisco 49ers,,20,,0,1,2,,sacks=unknown; int=nfl.com team totals; fr=unknown; tds=pfr; sfty=nfl.com team totals (incl. team safeties); blk=unknown
1960,STL,St. Louis Cardinals,,21,,1,0,3,,sacks=unknown; int=nfl.com team totals; fr=unknown; tds=pfr; sfty=nfl.com team totals (incl. team safeties); blk=unknown
1960,WAS,Washington Redskins,,15,,1,0,0,,sacks=unknown; int=nfl.com team totals; fr=unknown; tds=pfr; sfty=nfl.com team totals (incl. team safeties); blk=unknown
1961,BAL,Baltimore Colts,,16,,0,0,1,,sacks=unknown; int=nfl.com team totals; fr=unknown; tds=pfr; sfty=nfl.com team totals (incl. team safeties); blk=unknown
1961,BOS,Boston Patriots,,22,,7,2,0,,"sacks=unknown; int=profootballarchives; fr=unknown; tds=profootballarchives (def_tds = INT, fumble and other non-offense/non-return TDs; st_tds = PR+KR TDs); sfty=profootballarchives (incl. team safeties); blk=unknown"
1961,BUF,Buffalo Bills,,29,,4,1,1,,"sacks=unknown; int=profootballarchives; fr=unknown; tds=profootballarchives (def_tds = INT, fumble and other non-offense/non-return TDs; st_tds = PR+KR TDs); sfty=profootballarchives (incl. team safeties); blk=unknown"
1961,CHI,Chicago Bears,,24,,0,0,0,,sacks=unknown; int=nfl.com team totals; fr=unknown; tds=pfr; sfty=nfl.com team totals (incl. team safeties); blk=unknown
1961,CLE,Cleveland Browns,,20,,2,2,0,,sacks=unknown; int=nfl.com team totals; fr=unknown; tds=pfr; sfty=nfl.com team totals (incl. team safeties); blk=unknown
1961,DAL,Dallas Cowboys,,25,,0,0,0,,sacks=unknown; int=nfl.com team totals; fr=unknown; tds=pfr; sfty=nfl.com team totals (incl. team safeties); blk=unknown
1961,DEN,Denver Broncos,,26,,1,2,1,,"sacks=unknown; int=profootballarchives; fr=unknown; tds=profootballarchives (def_tds = INT, fumble and other non-offense/non-return TDs; st_tds = PR+KR TDs); sfty=profootballarchives (incl. team safeties); blk=unknown"
1961,DET,Detroit Lions,,29,,1,1,1,,sacks=unknown; int=nfl.com team totals; fr=unknown; tds=pfr; sfty=nfl.com team totals (incl. team safeties); blk=unknown
1961,DTX,Dallas Texans,,25,,3,1,0,,"sacks=unknown; int=profootballarchives; fr=unknown; tds=profootballarchives (def_tds = INT, fumble and other non-offense/non-return TDs; st_tds = PR+KR TDs); sfty=profootballarchives (incl. team safeties); blk=unknown"
1961,GNB,Green Bay Packers,,29,,2,2,0,,sacks=unknown; int=nfl.com team totals; fr=unknown; tds=pfr; sfty=nfl.com team totals (incl. team safeties); blk=unknown
1961,HOU,Houston Oilers,,33,,3,0,2,,"sacks=unknown; int=profootballarchives; fr=unknown; tds=profootballarchives (def_tds = INT, fumble and other non-offense/non-return TDs; st_tds = PR+KR TDs); sfty=profootballarchives (incl. team safeties); blk=unknown"
1961,MIN,Minnesota Vikings,,22,,0,1,0,,sacks=unknown; int=nfl.com team totals; fr=unknown; tds=pfr; sfty=nfl.com team totals (incl. team safeties); blk=unknown
1961,NYG,New York Giants,,33,,5,1,2,,sacks=unknown; int=nfl.com team totals; fr=unknown; tds=pfr; sfty=nfl.com team totals (incl. team safeties); blk=unknown
1961,NYT,New York Titans,,25,,1,2,0,,"sacks=unknown; int=profootballarchives; fr=unknown; tds=profootballarchives (def_tds = INT, fumble and other non-offense/non-return TDs; st_tds = PR+KR TDs); sfty=profootballarchives (incl. team safeties); blk=unknown"
1961,OAK,Oakland Raiders,,23,,2,0,1,,"sacks=unknown; int=profootballarchives; fr=unknown; tds=profootballarchives (def_tds = INT, fumble and other non-offense/non-return TDs; st_tds = PR+KR TDs); sfty=profootballarchives (incl. team safeties); blk=unknown"
1961,PHI,Philadelphia Eagles,,17,,0,2,0,,sacks=unknown; int=nfl.com team totals; fr=unknown; tds=pfr; sfty=nfl.com team totals (incl. team safeties); blk=unknown
1961,PIT,Pittsburgh Steelers,,25,,2,1,0,,sacks=unknown; int=nfl.com team totals; fr=unknown; tds=pfr; sfty=nfl.com team totals (incl. team safeties); blk=unknown
1961,RAM,Los Angeles Rams,,23,,0,2,0,,sacks=unknown; int=nfl.com team totals; fr=unknown; tds=pfr; sfty=nfl.com team totals (incl. team safeties); blk=unknown
1961,SDG,San Diego Chargers,,49,,10,1,0,,"sacks=unknown; int=profootballarchives; fr=unknown; tds=profootballarchives (def_tds = INT, fumble and other non-offense/non-return TDs; st_tds = PR+KR TDs); sfty=profootballarchives (incl. team safeties); blk=unknown"
1961,SFO,San Francisco 49ers,,19,,0,2,1,,sacks=unknown; int=nfl.com team totals; fr=unknown; tds=pfr; sfty=nfl.com team totals (incl. team safeties); blk=unknown
1961,STL,St. Louis Cardinals,,24,,7,1,1,,sacks=unknown; int=nfl.com team totals; fr=unknown; tds=pfr; sfty=nfl.com team totals (incl. team safeties); blk=unknown
1961,WAS,Washington Redskins,,26,,2,0,0,,sacks=unknown; int=nfl.com team totals; fr=unknown; tds=pfr; sfty=nfl.com team totals (incl. team safeties); blk=unknown
1962,BAL,Baltimore Colts,,23,,1,0,2,,sacks=unknown; int=nfl.com team totals; fr=unknown; tds=pfr; sfty=nfl.com team totals (incl. team safeties); blk=unknown
1962,BOS,Boston Patriots,,25,,4,1,0,,"sacks=unknown; int=profootballarchives; fr=unknown; tds=profootballarchives (def_tds = INT, fumble and other non-offense/non-return TDs; st_tds = PR+KR TDs); sfty=profootballarchives (incl. team safeties); blk=unknown"
1962,BUF,Buffalo Bills,,36,,4,2,0,,"sacks=unknown; int=profootballarchives; fr=unknown; tds=profootballarchives (def_tds = INT, fumble and other non-offense/non-return TDs; st_tds = PR+KR TDs); sfty=profootballarchives (incl. team safeties); blk=unknown"
1962,CHI,Chicago Bears,,23,,2,1,0,,sacks=unknown; int=nfl.com team totals; fr=unknown; tds=pfr; sfty=nfl.com team totals (incl. team safeties); blk=unknown
1962,CLE,Cleveland Browns,,24,,1,0,0,,sacks=unknown; int=nfl.com team totals; fr=unknown; tds=pfr; sfty=nfl.com team totals (incl. team safeties); blk=unknown
1962,DAL,Dallas Cowboys,,20,,2,2,0,,sacks=unknown; int=nfl.com team totals; fr=unknown; tds=pfr; sfty=nfl.com team totals (incl. team safeties); blk=unknown
1962,DEN,Denver Broncos,,27,,6,0,1,,"sacks=unknown; int=profootballarchives; fr=unknown; tds=profootballarchives (def_tds = INT, fumble and other non-offense/non-return TDs; st_tds = PR+KR TDs); sfty=profootballarchives (incl. team safeties); blk=unknown"
1962,DET,Detroit Lions,,24,,4,0,4,,sacks=unknown; int=nfl.com team totals; fr=unknown; tds=pfr; sfty=nfl.com team totals (incl. team safeties); blk=unknown
1962,DTX,Dallas Texans,,32,,0,0,0,,"sacks=unknown; int=profootballarchives; fr=unknown; tds=profootballarchives (def_tds = INT, fumble and other non-offense/non-return TDs; st_tds = PR+KR TDs); sfty=profootballarchives (incl. team safeties); blk=unknown"
1962,GNB,Green Bay Packers,,31,,2,1,0,,sacks=unknown; int=nfl.com team totals; fr=unknown; tds=pfr; sfty=nfl.com team totals (incl. team safeties); blk=unknown
1962,HOU,Houston Oilers,,35,,2,1,2,,"sacks=unknown; int=profootballarchives; fr=unknown; tds=profootballarchives (def_tds = INT, fumble and other non-offense/non-return TDs; st_tds = PR+KR TDs); sfty=profootballarchives (incl. team safeties); blk=unknown"
1962,MIN,Minnesota Vikings,,25,,2,0,2,,sacks=unknown; int=nfl.com team totals; fr=unknown; tds=pfr; sfty=nfl.com team totals (incl. team safeties); blk=unknown
1962,NYG,New York Giants,,26,,0,3,0,,sacks=unknown; int=nfl.com team totals; fr=unknown; tds=pfr; sfty=nfl.com team totals (incl. team safeties); blk=unknown
1962,NYT,New York Titans,,29,,2,3,1,,"sacks=unknown; int=profootballarchives; fr=unknown; tds=profootballarchives (def_tds = INT, fumble and other non-offense/non-return TDs; st_tds = PR+KR TDs); sfty=profootballarchives (incl. team safeties); blk=unknown"
1962,OAK,Oakland Raiders,,29,,1,1,0,,"sacks=unknown; int=profootballarchives; fr=unknown; tds=profootballarchives (def_tds = INT, fumble and other non-offense/non-return TDs; st_tds = PR+KR TDs); sfty=profootballarchives (incl. team safeties); blk=unknown"
1962,PHI,Philadelphia Eagles,,26,,0,2,0,,sacks=unknown; int=nfl.com team totals; fr=unknown; tds=pfr; sfty=nfl.com team totals (incl. team safeties); blk=unknown
1962,PIT,Pittsburgh Steelers,,28,,2,0,2,,sacks=unknown; int=nfl.com team totals; fr=unknown; tds=pfr; sfty=nfl.com team totals (incl. team safeties); blk=unknown
1962,RAM,Los Angeles Rams,,19,,3,0,1,,sacks=unknown; int=nfl.com team totals; fr=unknown; tds=pfr; sfty=nfl.com team totals (incl. team safeties); blk=unknown
1962,SDG,San Diego Chargers,,29,,1,1,0,,"sacks=unknown; int=profootballarchives; fr=unknown; tds=profootballarchives (def_tds = INT, fumble and other non-offense/non-return TDs; st_tds = PR+KR TDs); sfty=profootballarchives (incl. team safeties); blk=unknown"
1962,SFO,San Francisco 49ers,,12,,1,1,0,,sacks=unknown; int=nfl.com team totals; fr=unknown; tds=pfr; sfty=nfl.com team totals (incl. team safeties); blk=unknown
1962,STL,St. Louis Cardinals,,16,,1,0,0,,sacks=unknown; int=nfl.com team totals; fr=unknown; tds=pfr; sfty=nfl.com team totals (incl. team safeties); blk=unknown
1962,WAS,Washington Redskins,,28,,1,1,0,,sacks=unknown; int=nfl.com team totals; fr=unknown; tds=pfr; sfty=nfl.com team totals (incl. team safeties); blk=unknown
1963,BAL,Baltimore Colts,,15,,4,0,1,,sacks=unknown; int=nfl.com team totals; fr=unknown; tds=pfr; sfty=nfl.com team totals (incl. team safeties); blk=unknown
1963,BOS,Boston Patriots,,29,,4,0,2,,"sacks=unknown; int=profootballarchives; fr=unknown; tds=profootballarchives (def_tds = INT, fumble and other non-offense/non-return TDs; st_tds = PR+KR TDs); sfty=profootballarchives (incl. team safeties); blk=unknown"
1963,BUF,Buffalo Bills,,22,,2,0,2,,"sacks=unknown; int=profootballarchives; fr=unknown; tds=profootballarchives (def_tds = INT, fumble and other non-offense/non-return TDs; st_tds = PR+KR TDs); sfty=profootballarchives (incl. team safeties); blk=unknown"
1963,CHI,Chicago Bears,,36,,4,0,1,,sacks=unknown; int=nfl.com team totals; fr=unknown; tds=pfr; sfty=nfl.com team totals (incl. team safeties); blk=unknown
1963,CLE,Cleveland Browns,,22,,1,0,0,,sacks=unknown; int=nfl.com team totals; fr=unknown; tds=pfr; sfty=nfl.com team totals (incl. team safeties); blk=unknown
1963,DAL,Dallas Cowboys,,26,,2,0,0,,sacks=unknown; int=nfl.com team totals; fr=unknown; tds=pfr; sfty=nfl.com team totals (incl. team safeties); blk=unknown
1963,DEN,Denver Broncos,,15,,2,1,0,,"sacks=unknown; int=profootballarchives; fr=unknown; tds=profootballarchives (def_tds = INT, fumble and other non-offense/non-return TDs; st_tds = PR+KR TDs); sfty=profootballarchives (incl. team safeties); blk=unknown"
1963,DET,Detroit Lions,,24,,4,1,1,,sacks=unknown; int=nfl.com team totals; fr=unknown; tds=pfr; sfty=nfl.com team totals (incl. team safeties); blk=unknown
1963,GNB,Green Bay Packers,,22,,0,2,1,,sacks=unknown; int=nfl.com team totals; fr=unknown; tds=pfr; sfty=nfl.com team totals (incl. team safeties); blk=unknown
1963,HOU,Houston Oilers,,36,,2,0,1,,"sacks=unknown; int=profootballarchives; fr=unknown; tds=profootballarchives (def_tds = INT, fumble and other non-offense/non-return TDs; st_tds = PR+KR TDs); sfty=profootballarchives (incl. team safeties); blk=unknown"
1963,KAN,Kansas City Chiefs,,26,,3,1,1,,"sacks=unknown; int=profootballarchives; fr=unknown; tds=profootballarchives (def_tds = INT, fumble and other non-offense/non-return TDs; st_tds = PR+KR TDs); sfty=profootballarchives (incl. team safeties); blk=unknown"
1963,MIN,Minnesota Vikings,,11,,4,2,0,,sacks=unknown; int=nfl.com team totals; fr=unknown; tds=pfr; sfty=nfl.com team totals (incl. team safeties); blk=unknown
1963,NYG,New York Giants,,34,,6,0,0,,sacks=unknown; int=nfl.com team totals; fr=unknown; tds=pfr; sfty=nfl.com team totals (incl. team safeties); blk=unknown
1963,NYJ,New York Jets,,21,,2,1,0,,"sacks=unknown; int=profootballarchives; fr=unknown; tds=profootballarchives (def_tds = INT, fumble and other non-offense/non-return TDs; st_tds = PR+KR TDs); sfty=profootballarchives (incl. team safeties); blk=unknown"
1963,OAK,Oakland Raiders,,35,,4,2,2,,"sacks=unknown; int=profootballarchives; fr=unknown; tds=profootballarchives (def_tds = INT, fumble and other non-offense/non-return TDs; st_tds = PR+KR TDs); sfty=profootballarchives (incl. team safeties); blk=unknown"
1963,PHI,Philadelphia Eagles,,15,,1,1,0,,sacks=unknown; int=nfl.com team totals; fr=unknown; tds=pfr; sfty=nfl.com team totals (incl. team safeties); blk=unknown
1963,PIT,Pittsburgh Steelers,,25,,1,1,1,,sacks=unknown; int=nfl.com team totals; fr=unknown; tds=pfr; sfty=nfl.com team totals (incl. team safeties); blk=unknown
1963,RAM,Los Angeles Rams,,19,,0,1,1,,sacks=unknown; int=nfl.com team totals; fr=unknown; tds=pfr; sfty=nfl.com team totals (incl. team safeties); blk=unknown
1963,SDG,San Diego Chargers,,29,,2,0,0,,"sacks=unknown; int=profootballarchives; fr=unknown; tds=profootballarchives (def_tds = INT, fumble and other non-offense/non-return TDs; st_tds = PR+KR TDs); sfty=profootballarchives (incl. team safeties); blk=unknown"
1963,SFO,San Francisco 49ers,,14,,0,3,0,,sacks=unknown; int=nfl.com team totals; fr=unknown; tds=pfr; sfty=nfl.com team totals (incl. team safeties); blk=unknown
1963,STL,St. Louis Cardinals,,18,,3,0,0,,sacks=unknown; int=nfl.com team totals; fr=unknown; tds=pfr; sfty=nfl.com team totals (incl. team safeties); blk=unknown
1963,WAS,Washington Redskins,,21,,2,1,0,,sacks=unknown; int=nfl.com team totals; fr=unknown; tds=pfr; sfty=nfl.com team totals (incl. team safeties); blk=unknown
1964,BAL,Baltimore Colts,,23,,2,0,0,,sacks=unknown; int=nfl.com team totals; fr=unknown; tds=pfr; sfty=nfl.com team totals (incl. team safeties); blk=unknown
1964,BOS,Boston Patriots,,31,,1,0,1,,"sacks=unknown; int=profootballarchives; fr=unknown; tds=profootballarchives (def_tds = INT, fumble and other non-offense/non-return TDs; st_tds = PR+KR TDs); sfty=profootballarchives (incl. team safeties); blk=unknown"
1964,BUF,Buffalo Bills,,28,,3,1,3,,"sacks=unknown; int=profootballarchives; fr=unknown; tds=profootballarchives (def_tds = INT, fumble and other non-offense/non-return TDs; st_tds = PR+KR TDs); sfty=profootballarchives (incl. team safeties); blk=unknown"
1964,CHI,Chicago Bears,,10,,0,1,0,,sacks=unknown; int=nfl.com team totals; fr=unknown; tds=pfr; sfty=nfl.com team totals (incl. team safeties); blk=unknown
1964,CLE,Cleveland Browns,,19,,4,2,0,,sacks=unknown; int=nfl.com team totals; fr=unknown; tds=pfr; sfty=nfl.com team totals (incl. team safeties); blk=unknown
1964,DAL,Dallas Cowboys,,18,,4,1,0,,sacks=unknown; int=nfl.com team totals; fr=unknown; tds=pfr; sfty=nfl.com team totals (incl. team safeties); blk=unknown
1964,DEN,Denver Broncos,,32,,3,1,1,,"sacks=unknown; int=profootballarchives; fr=unknown; tds=profootballarchives (def_tds = INT, fumble and other non-offense/non-return TDs; st_tds = PR+KR TDs); sfty=profootballarchives (incl. team safeties); blk=unknown"
1964,DET,Detroit Lions,,22,,1,2,1,,sacks=unknown; int=nfl.com team totals; fr=unknown; tds=pfr; sfty=nfl.com team totals (incl. team safeties); blk=unknown
1964,GNB,Green Bay Packers,,16,,3,1,0,,sacks=unknown; int=nfl.com team totals; fr=unknown; tds=pfr; sfty=nfl.com team totals (incl. team safeties); blk=unknown
1964,HOU,Houston Oilers,,30,,4,2,0,,"sacks=unknown; int=profootballarchives; fr=unknown; tds=profootballarchives (def_tds = INT, fumble and other non-offense/non-return TDs; st_tds = PR+KR TDs); sfty=profootballarchives (incl. team safeties); blk=unknown"
1964,KAN,Kansas City Chiefs,,28,,3,0,0,,"sacks=unknown; int=profootballarchives; fr=unknown; tds=profootballarchives (def_tds = INT, fumble and other non-offense/non-return TDs; st_tds = PR+KR TDs); sfty=profootballarchives (incl. team safeties); blk=unknown"
1964,MIN,Minnesota Vikings,,19,,5,0,0,,sacks=unknown; int=nfl.com team totals; fr=unknown; tds=pfr; sfty=nfl.com team totals (incl. team safeties); blk=unknown
1964,NYG,New York Giants,,15,,2,1,0,,sacks=unknown; int=nfl.com team totals; fr=unknown; tds=pfr; sfty=nfl.com team totals (incl. team safeties); blk=unknown
1964,NYJ,New York Jets,,34,,4,0,1,,"sacks=unknown; int=profootballarchives; fr=unknown; tds=profootballarchives (def_tds = INT, fumble and other non-offense/non-return TDs; st_tds = PR+KR TDs); sfty=profootballarchives (incl. team safeties); blk=unknown"
1964,OAK,Oakland Raiders,,26,,0,0,1,,"sacks=unknown; int=profootballarchives; fr=unknown; tds=profootballarchives (def_tds = INT, fumble and other non-offense/non-return TDs; st_tds = PR+KR TDs); sfty=profootballarchives (incl. team safeties); blk=unknown"
1964,PHI,Philadelphia Eagles,,17,,3,0,0,,sacks=unknown; int=nfl.com team totals; fr=unknown; tds=pfr; sfty=nfl.com team totals (incl. team safeties); blk=unknown
1964,PIT,Pittsburgh Steelers,,12,,3,0,0,,sacks=unknown; int=nfl.com team totals; fr=unknown; tds=pfr; sfty=nfl.com team totals (incl. team safeties); blk=unknown
1964,RAM,Los Angeles Rams,,17,,3,1,0,,sacks=unknown; int=nfl.com team totals; fr=unknown; tds=pfr; sfty=nfl.com team totals (incl. team safeties); blk=unknown
1964,SDG,San Diego Chargers,,30,,2,0,0,,"sacks=unknown; int=profootballarchives; fr=unknown; tds=profootballarchives (def_tds = INT, fumble and other non-offense/non-return TDs; st_tds = PR+KR TDs); sfty=profootballarchives (incl. team safeties); blk=unknown"
1964,SFO,San Francisco 49ers,,15,,0,1,1,,sacks=unknown; int=nfl.com team totals; fr=unknown; tds=pfr; sfty=nfl.com team totals (incl. team safeties); blk=unknown
1964,STL,St. Louis Cardinals,,25,,6,1,1,,sacks=unknown; int=nfl.com team totals; fr=unknown; tds=pfr; sfty=nfl.com team totals (incl. team safeties); blk=unknown
1964,WAS,Washington Redskins,,34,,3,0,1,,sacks=unknown; int=nfl.com team totals; fr=unknown; tds=pfr; sfty=nfl.com team totals (incl. team safeties); blk=unknown
1965,BAL,Baltimore Colts,,22,,4,0,1,,sacks=unknown; int=nfl.com team totals; fr=unknown; tds=pfr; sfty=nfl.com team totals (incl. team safeties); blk=unknown
1965,BOS,Boston Patriots,,21,,0,0,2,,"sacks=unknown; int=profootballarchives; fr=unknown; tds=profootballarchives (def_tds = INT, fumble and other non-offense/non-return TDs; st_tds = PR+KR TDs); sfty=profootballarchives (incl. team safeties); blk=unknown"
1965,BUF,Buffalo Bills,,32,,2,2,0,,"sacks=unknown; int=profootballarchives; fr=unknown; tds=profootballarchives (def_tds = INT, fumble and other non-offense/non-return TDs; st_tds = PR+KR TDs); sfty=profootballarchives (incl. team safeties); blk=unknown"
1965,CHI,Chicago Bears,,20,,2,3,0,,sacks=unknown; int=nfl.com team totals; fr=unknown; tds=pfr; sfty=nfl.com team totals (incl. team safeties); blk=unknown
1965,CLE,Cleveland Browns,,24,,1,2,0,,sacks=unknown; int=nfl.com team totals; fr=unknown; tds=pfr; sfty=nfl.com team totals (incl. team safeties); blk=unknown
1965,DAL,Dallas Cowboys,,18,,4,3,0,,sacks=unknown; int=nfl.com team totals; fr=unknown; tds=pfr; sfty=nfl.com team totals (incl. team safeties); blk=unknown
1965,DEN,Denver Broncos,,25,,5,1,0,,"sacks=unknown; int=profootballarchives; fr=unknown; tds=profootballarchives (def_tds = INT, fumble and other non-offense/non-return TDs; st_tds = PR+KR TDs); sfty=profootballarchives (incl. team safeties); blk=unknown"
1965,DET,Detroit Lions,,26,,3,0,1,,sacks=unknown; int=nfl.com team totals; fr=unknown; tds=pfr; sfty=nfl.com team totals (incl. team safeties); blk=unknown
1965,GNB,Green Bay Packers,,27,,5,0,0,,sacks=unknown; int=nfl.com team totals; fr=unknown; tds=pfr; sfty=nfl.com team totals (incl. team safeties); blk=unknown
1965,HOU,Houston Oilers,,27,,2,0,1,,"sacks=unknown; int=profootballarchives; fr=unknown; tds=profootballarchives (def_tds = INT, fumble and other non-offense/non-return TDs; st_tds = PR+KR TDs); sfty=profootballarchives (incl. team safeties); blk=unknown"
1965,KAN,Kansas City Chiefs,,20,,2,1,0,,"sacks=unknown; int=profootballarchives; fr=unknown; tds=profootballarchives (def_tds = INT, fumble and other non-offense/non-return TDs; st_tds = PR+KR TDs); sfty=profootballarchives (incl. team safeties); blk=unknown"
1965,MIN,Minnesota Vikings,,19,,2,2,3,,sacks=unknown; int=nfl.com team totals; fr=unknown; tds=pfr; sfty=nfl.com team totals (incl. team safeties); blk=unknown
1965,NYG,New York Giants,,16,,2,0,1,,sacks=unknown; int=nfl.com team totals; fr=unknown; tds=pfr; sfty=nfl.com team totals (incl. team safeties); blk=unknown
1965,NYJ,New York Jets,,26,,0,0,0,,"sacks=unknown; int=profootballarchives; fr=unknown; tds=profootballarchives (def_tds = INT, fumble and other non-offense/non-return TDs; st_tds = PR+KR TDs); sfty=profootballarchives (incl. team safeties); blk=unknown"
1965,OAK,Oakland Raiders,,24,,4,1,1,,"sacks=unknown; int=profootballarchives; fr=unknown; tds=profootballarchives (def_tds = INT, fumble and other non-offense/non-return TDs; st_tds = PR+KR TDs); sfty=profootballarchives (incl. team safeties); blk=unknown"
1965,PHI,Philadelphia Eagles,,25,,4,1,0,,sacks=unknown; int=nfl.com team totals; fr=unknown; tds=pfr; sfty=nfl.com team totals (incl. team safeties); blk=unknown
1965,PIT,Pittsburgh Steelers,,12,,4,0,0,,sacks=unknown; int=nfl.com team totals; fr=unknown; tds=pfr; sfty=nfl.com team totals (incl. team safeties); blk=unknown
1965,RAM,Los Angeles Rams,,11,,2,0,1,,sacks=unknown; int=nfl.com team totals; fr=unknown; tds=pfr; sfty=nfl.com team totals (incl. team safeties); blk=unknown
1965,SDG,San Diego Chargers,,28,,3,2,0,,"sacks=unknown; int=profootballarchives; fr=unknown; tds=profootballarchives (def_tds = INT, fumble and other non-offense/non-return TDs; st_tds = PR+KR TDs); sfty=profootballarchives (incl. team safeties); blk=unknown"
1965,SFO,San Francisco 49ers,,13,,4,0,0,,sacks=unknown; int=nfl.com team totals; fr=unknown; tds=pfr; sfty=nfl.com team totals (incl. team safeties); blk=unknown
1965,STL,St. Louis Cardinals,,17,,3,0,1,,sacks=unknown; int=nfl.com team totals; fr=unknown; tds=pfr; sfty=nfl.com team totals (incl. team safeties); blk=unknown
1965,WAS,Washington Redskins,,27,,5,1,0,,sacks=unknown; int=nfl.com team totals; fr=unknown; tds=pfr; sfty=nfl.com team totals (incl. team safeties); blk=unknown
1966,ATL,Atlanta Falcons,,19,,1,0,0,,sacks=unknown; int=nfl.com team totals; fr=unknown; tds=pfr; sfty=nfl.com team totals (incl. team safeties); blk=unknown
1966,BAL,Baltimore Colts,,22,,3,0,0,,sacks=unknown; int=nfl.com team totals; fr=unknown; tds=pfr; sfty=nfl.com team totals (incl. team safeties); blk=unknown
1966,BOS,Boston Patriots,,22,,1,0,0,,"sacks=unknown; int=profootballarchives; fr=unknown; tds=profootballarchives (def_tds = INT, fumble and other non-offense/non-return TDs; st_tds = PR+KR TDs); sfty=profootballarchives (incl. team safeties); blk=unknown"
1966,BUF,Buffalo Bills,,29,,6,3,1,,"sacks=unknown; int=profootballarchives; fr=unknown; tds=profootballarchives (def_tds = INT, fumble and other non-offense/non-return TDs; st_tds = PR+KR TDs); sfty=profootballarchives (incl. team safeties); blk=unknown"
1966,CHI,Chicago Bears,,15,,2,2,0,,sacks=unknown; int=nfl.com team totals; fr=unknown; tds=pfr; sfty=nfl.com team totals (incl. team safeties); blk=unknown
1966,CLE,Cleveland Browns,,30,,2,0,0,,sacks=unknown; int=nfl.com team totals; fr=unknown; tds=pfr; sfty=nfl.com team totals (incl. team safeties); blk=unknown
1966,DAL,Dallas Cowboys,,17,,4,1,1,,sacks=unknown; int=nfl.com team totals; fr=unknown; tds=pfr; sfty=nfl.com team totals (incl. team safeties); blk=unknown
1966,DEN,Denver Broncos,,13,,1,3,0,,"sacks=unknown; int=profootballarchives; fr=unknown; tds=profootballarchives (def_tds = INT, fumble and other non-offense/non-return TDs; st_tds = PR+KR TDs); sfty=profootballarchives (incl. team safeties); blk=unknown"
1966,DET,Detroit Lions,,24,,1,1,0,,sacks=unknown; int=nfl.com team totals; fr=unknown; tds=pfr; sfty=nfl.com team totals (incl. team safeties); blk=unknown
1966,GNB,Green Bay Packers,,28,,6,1,0,,sacks=unknown; int=nfl.com team totals; fr=unknown; tds=pfr; sfty=nfl.com team totals (incl. team safeties); blk=unknown
1966,HOU,Houston Oilers,,18,,1,0,1,,"sacks=unknown; int=profootballarchives; fr=unknown; tds=profootballarchives (def_tds = INT, fumble and other non-offense/non-return TDs; st_tds = PR+KR TDs); sfty=profootballarchives (incl. team safeties); blk=unknown"
1966,KAN,Kansas City Chiefs,,33,,4,1,0,,"sacks=unknown; int=profootballarchives; fr=unknown; tds=profootballarchives (def_tds = INT, fumble and other non-offense/non-return TDs; st_tds = PR+KR TDs); sfty=profootballarchives (incl. team safeties); blk=unknown"
1966,MIA,Miami Dolphins,,31,,4,1,0,,"sacks=unknown; int=profootballarchives; fr=unknown; tds=profootballarchives (def_tds = INT, fumble and other non-offense/non-return TDs; st_tds = PR+KR TDs); sfty=profootballarchives (incl. team safeties); blk=unknown"
1966,MIN,Minnesota Vikings,,14,,1,0,0,,sacks=unknown; int=nfl.com team totals; fr=unknown; tds=pfr; sfty=nfl.com team totals (incl. team safeties); blk=unknown
1966,NYG,New York Giants,,17,,3,1,0,,sacks=unknown; int=nfl.com team totals; fr=unknown; tds=pfr; sfty=nfl.com team totals (incl. team safeties); blk=unknown
1966,NYJ,New York Jets,,21,,1,1,1,,"sacks=unknown; int=profootballarchives; fr=unknown; tds=profootballarchives (def_tds = INT, fumble and other non-offense/non-return TDs; st_tds = PR+KR TDs); sfty=profootballarchives (incl. team safeties); blk=unknown"
1966,OAK,Oakland Raiders,,23,,1,0,0,,"sacks=unknown; int=profootballarchives; fr=unknown; tds=profootballarchives (def_tds = INT, fumble and other non-offense/non-return TDs; st_tds = PR+KR TDs); sfty=profootballarchives (incl. team safeties); blk=unknown"
1966,PHI,Philadelphia Eagles,,20,,2,4,0,,sacks=unknown; int=nfl.com team totals; fr=unknown; tds=pfr; sfty=nfl.com team totals (incl. team safeties); blk=unknown
1966,PIT,Pittsburgh Steelers,,24,,3,2,1,,sacks=unknown; int=nfl.com team totals; fr=unknown; tds=pfr; sfty=nfl.com team totals (incl. team safeties); blk=unknown
1966,RAM,Los Angeles Rams,,26,,4,0,1,,sacks=unknown; int=nfl.com team totals; fr=unknown; tds=pfr; sfty=nfl.com team totals (incl. team safeties); blk=unknown
1966,SDG,San Diego Chargers,,27,,2,1,1,,"sacks=unknown; int=profootballarchives; fr=unknown; tds=profootballarchives (def_tds = INT, fumble and other non-offense/non-return TDs; st_tds = PR+KR TDs); sfty=profootballarchives (incl. team safeties); blk=unknown"
1966,SFO,San Francisco 49ers,,18,,5,1,0,,sacks=unknown; int=nfl.com team totals; fr=unknown; tds=pfr; sfty=nfl.com team totals (incl. team safeties); blk=unknown
1966,STL,St. Louis Cardinals,,21,,3,2,0,,sacks=unknown; int=nfl.com team totals; fr=unknown; tds=pfr; sfty=nfl.com team totals (incl. team safeties); blk=unknown
1966,WAS,Washington Redskins,,23,,2,2,0,,sacks=unknown; int=nfl.com team totals; fr=unknown; tds=pfr; sfty=nfl.com team totals (incl. team safeties); blk=unknown
1967,ATL,Atlanta Falcons,,17,,2,1,0,,sacks=unknown; int=nfl.com team totals; fr=unknown; tds=pfr; sfty=nfl.com team totals (incl. team safeties); blk=unknown
1967,BAL,Baltimore Colts,,32,,4,1,0,,sacks=unknown; int=nfl.com team totals; fr=unknown; tds=pfr; sfty=nfl.com team totals (incl. team safeties); blk=unknown
1967,BOS,Boston Patriots,,17,,3,0,2,,"sacks=unknown; int=profootballarchives; fr=unknown; tds=profootballarchives (def_tds = INT, fumble and other non-offense/non-return TDs; st_tds = PR+KR TDs); sfty=profootballarchives (incl. team safeties); blk=unknown"
1967,BUF,Buffalo Bills,,27,,4,0,0,,"sacks=unknown; int=profootballarchives; fr=unknown; tds=profootballarchives (def_tds = INT, fumble and other non-offense/non-return TDs; st_tds = PR+KR TDs); sfty=profootballarchives (incl. team safeties); blk=unknown"
1967,CHI,Chicago Bears,,28,,4,4,0,,sacks=unknown; int=nfl.com team totals; fr=unknown; tds=pfr; sfty=nfl.com team totals (incl. team safeties); blk=unknown
1967,CLE,Cleveland Browns,,22,,3,2,0,,sacks=unknown; int=nfl.com team totals; fr=unknown; tds=pfr; sfty=nfl.com team totals (incl. team safeties); blk=unknown
1967,DAL,Dallas Cowboys,,29,,3,1,2,,sacks=unknown; int=nfl.com team totals; fr=unknown; tds=pfr; sfty=nfl.com team totals (incl. team safeties); blk=unknown
1967,DEN,Denver Broncos,,28,,3,1,2,,"sacks=unknown; int=profootballarchives; fr=unknown; tds=profootballarchives (def_tds = INT, fumble and other non-offense/non-return TDs; st_tds = PR+KR TDs); sfty=profootballarchives (incl. team safeties); blk=unknown"
1967,DET,Detroit Lions,,23,,6,0,1,,sacks=unknown; int=nfl.com team totals; fr=unknown; tds=pfr; sfty=nfl.com team totals (incl. team safeties); blk=unknown
1967,GNB,Green Bay Packers,,26,,2,4,1,,sacks=unknown; int=nfl.com team totals; fr=unknown; tds=pfr; sfty=nfl.com team totals (incl. team safeties); blk=unknown
1967,HOU,Houston Oilers,,26,,7,1,0,,"sacks=unknown; int=profootballarchives; fr=unknown; tds=profootballarchives (def_tds = INT, fumble and other non-offense/non-return TDs; st_tds = PR+KR TDs); sfty=profootballarchives (incl. team safeties); blk=unknown"
1967,KAN,Kansas City Chiefs,,31,,4,1,1,,"sacks=unknown; int=profootballarchives; fr=unknown; tds=profootballarchives (def_tds = INT, fumble and other non-offense/non-return TDs; st_tds = PR+KR TDs); sfty=profootballarchives (incl. team safeties); blk=unknown"
1967,MIA,Miami Dolphins,,28,,2,0,0,,"sacks=unknown; int=profootballarchives; fr=unknown; tds=profootballarchives (def_tds = INT, fumble and other non-offense/non-return TDs; st_tds = PR+KR TDs); sfty=profootballarchives (incl. team safeties); blk=unknown"
1967,MIN,Minnesota Vikings,,16,,3,2,0,,sacks=unknown; int=nfl.com team totals; fr=unknown; tds=pfr; sfty=nfl.com team totals (incl. team safeties); blk=unknown
1967,NOR,New Orleans Saints,,22,,2,2,1,,sacks=unknown; int=nfl.com team totals; fr=unknown; tds=pfr; sfty=nfl.com team totals (incl. team safeties); blk=unknown
1967,NYG,New York Giants,,17,,0,0,0,,sacks=unknown; int=nfl.com team totals; fr=unknown; tds=pfr; sfty=nfl.com team totals (incl. team safeties); blk=unknown
1967,NYJ,New York Jets,,27,,2,0,0,,"sacks=unknown; int=profootballarchives; fr=unknown; tds=profootballarchives (def_tds = INT, fumble and other non-offense/non-return TDs; st_tds = PR+KR TDs); sfty=profootballarchives (incl. team safeties); blk=unknown"
1967,OAK,Oakland Raiders,,30,,6,0,1,,"sacks=unknown; int=profootballarchives; fr=unknown; tds=profootballarchives (def_tds = INT, fumble and other non-offense/non-return TDs; st_tds = PR+KR TDs); sfty=profootballarchives (incl. team safeties); blk=unknown"
1967,PHI,Philadelphia Eagles,,21,,2,1,0,,sacks=unknown; int=nfl.com team totals; fr=unknown; tds=pfr; sfty=nfl.com team totals (incl. team safeties); blk=unknown
1967,PIT,Pittsburgh Steelers,,26,,3,0,0,,sacks=unknown; int=nfl.com team totals; fr=unknown; tds=pfr; sfty=nfl.com team totals (incl. team safeties); blk=unknown
1967,RAM,Los Angeles Rams,,32,,4,0,1,,sacks=unknown; int=nfl.com team totals; fr=unknown; tds=pfr; sfty=nfl.com team totals (incl. team safeties); blk=unknown
1967,SDG,San Diego Chargers,,13,,5,0,0,,"sacks=unknown; int=profootballarchives; fr=unknown; tds=profootballarchives (def_tds = INT, fumble and other non-offense/non-return TDs; st_tds = PR+KR TDs); sfty=profootballarchives (incl. team safeties); blk=unknown"
1967,SFO,San Francisco 49ers,,16,,0,0,0,,sacks=unknown; int=nfl.com team totals; fr=unknown; tds=pfr; sfty=nfl.com team totals (incl. team safeties); blk=unknown
1967,STL,St. Louis Cardinals,,19,,1,0,0,,sacks=unknown; int=nfl.com team totals; fr=unknown; tds=pfr; sfty=nfl.com team totals (incl. team safeties); blk=unknown
1967,WAS,Washington Redskins,,20,,1,1,1,,sacks=unknown; int=nfl.com team totals; fr=unknown; tds=pfr; sfty=nfl.com team totals (incl. team safeties); blk=unknown
1968,ATL,Atlanta Falcons,,14,,2,0,0,,sacks=unknown; int=nfl.com team totals; fr=unknown; tds=pfr; sfty=nfl.com team totals (incl. team safeties); blk=unknown
1968,BAL,Baltimore Colts,,29,,4,2,0,,sacks=unknown; int=nfl.com team totals; fr=unknown; tds=pfr; sfty=nfl.com team totals (incl. team safeties); blk=unknown
1968,BOS,Boston Patriots,,23,,2,0,1,,"sacks=unknown; int=profootballarchives; fr=unknown; tds=profootballarchives (def_tds = INT, fumble and other non-offense/non-return TDs; st_tds = PR+KR TDs); sfty=profootballarchives (incl. team safeties); blk=unknown"
1968,BUF,Buffalo Bills,,22,,4,2,1,,"sacks=unknown; int=profootballarchives; fr=unknown; tds=profootballarchives (def_tds = INT, fumble and other non-offense/non-return TDs; st_tds = PR+KR TDs); sfty=profootballarchives (incl. team safeties); blk=unknown"
1968,CHI,Chicago Bears,,18,,1,0,0,,sacks=unknown; int=nfl.com team totals; fr=unknown; tds=pfr; sfty=nfl.com team totals (incl. team safeties); blk=unknown
1968,CIN,Cincinnati Bengals,,10,,3,0,1,,"sacks=unknown; int=profootballarchives; fr=unknown; tds=profootballarchives (def_tds = INT, fumble and other non-offense/non-return TDs; st_tds = PR+KR TDs); sfty=profootballarchives (incl. team safeties); blk=unknown"
1968,CLE,Cleveland Browns,,32,,2,0,0,,sacks=unknown; int=nfl.com team totals; fr=unknown; tds=pfr; sfty=nfl.com team totals (incl. team safeties); blk=unknown
1968,DAL,Dallas Cowboys,,26,,5,2,1,,sacks=unknown; int=nfl.com team totals; fr=unknown; tds=pfr; sfty=nfl.com team totals (incl. team safeties); blk=unknown
1968,DEN,Denver Broncos,,20,,0,1,1,,"sacks=unknown; int=profootballarchives; fr=unknown; tds=profootballarchives (def_tds = INT, fumble and other non-offense/non-return TDs; st_tds = PR+KR TDs); sfty=profootballarchives (incl. team safeties); blk=unknown"
1968,DET,Detroit Lions,,24,,1,2,0,,sacks=unknown; int=nfl.com team totals; fr=unknown; tds=pfr; sfty=nfl.com team totals (incl. team safeties); blk=unknown
1968,GNB,Green Bay Packers,,17,,1,1,0,,sacks=unknown; int=nfl.com team totals; fr=unknown; tds=pfr; sfty=nfl.com team totals (incl. team safeties); blk=unknown
1968,HOU,Houston Oilers,,20,,5,0,1,,"sacks=unknown; int=profootballarchives; fr=unknown; tds=profootballarchives (def_tds = INT, fumble and other non-offense/non-return TDs; st_tds = PR+KR TDs); sfty=profootballarchives (incl. team safeties); blk=unknown"
1968,KAN,Kansas City Chiefs,,37,,2,2,1,,"sacks=unknown; int=profootballarchives; fr=unknown; tds=profootballarchives (def_tds = INT, fumble and other non-offense/non-return TDs; st_tds = PR+KR TDs); sfty=profootballarchives (incl. team safeties); blk=unknown"
1968,MIA,Miami Dolphins,,22,,3,0,0,,"sacks=unknown; int=profootballarchives; fr=unknown; tds=profootballarchives (def_tds = INT, fumble and other non-offense/non-return TDs; st_tds = PR+KR TDs); sfty=profootballarchives (incl. team safeties); blk=unknown"
1968,MIN,Minnesota Vikings,,16,,1,1,1,,sacks=unknown; int=nfl.com team totals; fr=unknown; tds=pfr; sfty=nfl.com team totals (incl. team safeties); blk=unknown
1968,NOR,New Orleans Saints,,16,,1,2,0,,sacks=unknown; int=nfl.com team totals; fr=unknown; tds=pfr; sfty=nfl.com team totals (incl. team safeties); blk=unknown
1968,NYG,New York Giants,,26,,2,0,0,,sacks=unknown; int=nfl.com team totals; fr=unknown; tds=pfr; sfty=nfl.com team totals (incl. team safeties); blk=unknown
1968,NYJ,New York Jets,,28,,3,0,1,,"sacks=unknown; int=profootballarchives; fr=unknown; tds=profootballarchives (def_tds = INT, fumble and other non-offense/non-return TDs; st_tds = PR+KR TDs); sfty=profootballarchives (incl. team safeties); blk=unknown"
1968,OAK,Oakland Raiders,,25,,6,2,2,,"sacks=unknown; int=profootballarchives; fr=unknown; tds=profootballarchives (def_tds = INT, fumble and other non-offense/non-return TDs; st_tds = PR+KR TDs); sfty=profootballarchives (incl. team safeties); blk=unknown"
1968,PHI,Philadelphia Eagles,,13,,0,2,1,,sacks=unknown; int=nfl.com team totals; fr=unknown; tds=pfr; sfty=nfl.com team totals (incl. team safeties); blk=unknown
1968,PIT,Pittsburgh Steelers,,17,,2,1,0,,sacks=unknown; int=nfl.com team totals; fr=unknown; tds=pfr; sfty=nfl.com team totals (incl. team safeties); blk=unknown
1968,RAM,Los Angeles Rams,,25,,2,1,1,,sacks=unknown; int=nfl.com team totals; fr=unknown; tds=pfr; sfty=nfl.com team totals (incl. team safeties); blk=unknown
1968,SDG,San Diego Chargers,,20,,3,1,1,,"sacks=unknown; int=profootballarchives; fr=unknown; tds=profootballarchives (def_tds = INT, fumble and other non-offense/non-return TDs; st_tds = PR+KR TDs); sfty=profootballarchives (incl. team safeties); blk=unknown"
1968,SFO,San Francisco 49ers,,20,,3,0,0,,sacks=unknown; int=nfl.com team totals; fr=unknown; tds=pfr; sfty=nfl.com team totals (incl. team safeties); blk=unknown
1968,STL,St. Louis Cardinals,,13,,1,1,0,,sacks=unknown; int=nfl.com team totals; fr=unknown; tds=pfr; sfty=nfl.com team totals (incl. team safeties); blk=unknown
1968,WAS,Washington Redskins,,21,,2,1,0,,sacks=unknown; int=nfl.com team totals; fr=unknown; tds=pfr; sfty=nfl.com team totals (incl. team safeties); blk=unknown
1969,ATL,Atlanta Falcons,,19,,2,2,0,,sacks=unknown; int=nfl.com team totals; fr=unknown; tds=pfr; sfty=nfl.com team totals (incl. team safeties); blk=unknown
1969,BAL,Baltimore Colts,,15,,0,1,0,,sacks=unknown; int=nfl.com team totals; fr=unknown; tds=pfr; sfty=nfl.com team totals (incl. team safeties); blk=unknown
1969,BOS,Boston Patriots,,20,,2,0,2,,"sacks=unknown; int=profootballarchives; fr=unknown; tds=profootballarchives (def_tds = INT, fumble and other non-offense/non-return TDs; st_tds = PR+KR TDs); sfty=profootballarchives (incl. team safeties); blk=unknown"
1969,BUF,Buffalo Bills,,19,,2,0,0,,"sacks=unknown; int=profootballarchives; fr=unknown; tds=profootballarchives (def_tds = INT, fumble and other non-offense/non-return TDs; st_tds = PR+KR TDs); sfty=profootballarchives (incl. team safeties); blk=unknown"
1969,CHI,Chicago Bears,,16,,1,0,2,,sacks=unknown; int=nfl.com team totals; fr=unknown; tds=pfr; sfty=nfl.com team totals (incl. team safeties); blk=unknown
1969,CIN,Cincinnati Bengals,,21,,1,0,1,,"sacks=unknown; int=profootballarchives; fr=unknown; tds=profootballarchives (def_tds = INT, fumble and other non-offense/non-return TDs; st_tds = PR+KR TDs); sfty=profootballarchives (incl. team safeties); blk=unknown"
1969,CLE,Cleveland Browns,,19,,4,0,0,,sacks=unknown; int=nfl.com team totals; fr=unknown; tds=pfr; sfty=nfl.com team totals (incl. team safeties); blk=unknown
1969,DAL,Dallas Cowboys,,24,,2,0,1,,sacks=unknown; int=nfl.com team totals; fr=unknown; tds=pfr; sfty=nfl.com team totals (incl. team safeties); blk=unknown
1969,DEN,Denver Broncos,,14,,2,0,0,,"sacks=unknown; int=profootballarchives; fr=unknown; tds=profootballarchives (def_tds = INT, fumble and other non-offense/non-return TDs; st_tds = PR+KR TDs); sfty=profootballarchives (incl. team safeties); blk=unknown"
1969,DET,Detroit Lions,,21,,0,2,1,,sacks=unknown; int=nfl.com team totals; fr=unknown; tds=pfr; sfty=nfl.com team totals (incl. team safeties); blk=unknown
1969,GNB,Green Bay Packers,,19,,2,3,0,,sacks=unknown; int=nfl.com team totals; fr=unknown; tds=pfr; sfty=nfl.com team totals (incl. team safeties); blk=unknown
1969,HOU,Houston Oilers,,23,,4,0,1,,"sacks=unknown; int=profootballarchives; fr=unknown; tds=profootballarchives (def_tds = INT, fumble and other non-offense/non-return TDs; st_tds = PR+KR TDs); sfty=profootballarchives (incl. team safeties); blk=unknown"
1969,KAN,Kansas City Chiefs,,32,,4,1,0,,"sacks=unknown; int=profootballarchives; fr=unknown; tds=profootballarchives (def_tds = INT, fumble and other non-offense/non-return TDs; st_tds = PR+KR TDs); sfty=profootballarchives (incl. team safeties); blk=unknown"
1969,MIA,Miami Dolphins,,18,,3,1,0,,"sacks=unknown; int=profootballarchives; fr=unknown; tds=profootballarchives (def_tds = INT, fumble and other non-offense/non-return TDs; st_tds = PR+KR TDs); sfty=profootballarchives (incl. team safeties); blk=unknown"
1969,MIN,Minnesota Vikings,,30,,2,1,0,,sacks=unknown; int=nfl.com team totals; fr=unknown; tds=pfr; sfty=nfl.com team totals (incl. team safeties); blk=unknown
1969,NOR,New Orleans Saints,,12,,0,1,1,,sacks=unknown; int=nfl.com team totals; fr=unknown; tds=pfr; sfty=nfl.com team totals (incl. team safeties); blk=unknown
1969,NYG,New York Giants,,19,,1,0,0,,sacks=unknown; int=nfl.com team totals; fr=unknown; tds=pfr; sfty=nfl.com team totals (incl. team safeties); blk=unknown
1969,NYJ,New York Jets,,29,,2,0,0,,"sacks=unknown; int=profootballarchives; fr=unknown; tds=profootballarchives (def_tds = INT, fumble and other non-offense/non-return TDs; st_tds = PR+KR TDs); sfty=profootballarchives (incl. team safeties); blk=unknown"
1969,OAK,Oakland Raiders,,26,,5,0,1,,"sacks=unknown; int=profootballarchives; fr=unknown; tds=profootballarchives (def_tds = INT, fumble and other non-offense/non-return TDs; st_tds = PR+KR TDs); sfty=profootballarchives (incl. team safeties); blk=unknown"
1969,PHI,Philadelphia Eagles,,15,,3,0,1,,sacks=unknown; int=nfl.com team totals; fr=unknown; tds=pfr; sfty=nfl.com team totals (incl. team safeties); blk=unknown
1969,PIT,Pittsburgh Steelers,,25,,0,1,0,,sacks=unknown; int=nfl.com team totals; fr=unknown; tds=pfr; sfty=nfl.com team totals (incl. team safeties); blk=unknown
1969,RAM,Los Angeles Rams,,26,,3,0,1,,sacks=unknown; int=nfl.com team totals; fr=unknown; tds=pfr; sfty=nfl.com team totals (incl. team safeties); blk=unknown
1969,SDG,San Diego Chargers,,31,,4,0,0,,"sacks=unknown; int=profootballarchives; fr=unknown; tds=profootballarchives (def_tds = INT, fumble and other non-offense/non-return TDs; st_tds = PR+KR TDs); sfty=profootballarchives (incl. team safeties); blk=unknown"
1969,SFO,San Francisco 49ers,,20,,2,0,1,,sacks=unknown; int=nfl.com team totals; fr=unknown; tds=pfr; sfty=nfl.com team totals (incl. team safeties); blk=unknown
1969,STL,St. Louis Cardinals,,15,,3,1,0,,sacks=unknown; int=nfl.com team totals; fr=unknown; tds=pfr; sfty=nfl.com team totals (incl. team safeties); blk=unknown
1969,WAS,Washington Redskins,,16,,3,1,1,,sacks=unknown; int=nfl.com team totals; fr=unknown; tds=pfr; sfty=nfl.com team totals (incl. team safeties); blk=unknown
1970,ATL,Atlanta Falcons,,19,,2,2,0,,sacks=unknown; int=nfl.com team totals; fr=unknown; tds=pfr; sfty=nfl.com team totals (incl. team safeties); blk=unknown
1970,BAL,Baltimore Colts,,25,,3,3,0,,sacks=unknown; int=nfl.com team totals; fr=unknown; tds=pfr; sfty=nfl.com team totals (incl. team safeties); blk=unknown
1970,BOS,Boston Patriots,,8,,0,0,0,,sacks=unknown; int=nfl.com team totals; fr=unknown; tds=pfr; sfty=nfl.com team totals (incl. team safeties); blk=unknown
1970,BUF,Buffalo Bills,,11,,2,2,0,,sacks=unknown; int=nfl.com team totals; fr=unknown; tds=pfr; sfty=nfl.com team totals (incl. team safeties); blk=unknown
1970,CHI,Chicago Bears,,17,,0,4,0,,sacks=unknown; int=nfl.com team totals; fr=unknown; tds=pfr; sfty=nfl.com team totals (incl. team safeties); blk=unknown
1970,CIN,Cincinnati Bengals,,23,,3,3,0,,sacks=unknown; int=nfl.com team totals; fr=unknown; tds=pfr; sfty=nfl.com team totals (incl. team safeties); blk=unknown
1970,CLE,Cleveland Browns,,19,,3,1,3,,sacks=unknown; int=nfl.com team totals; fr=unknown; tds=pfr; sfty=nfl.com team totals (incl. team safeties); blk=unknown
1970,DAL,Dallas Cowboys,,24,,0,1,0,,sacks=unknown; int=nfl.com team totals; fr=unknown; tds=pfr; sfty=nfl.com team totals (incl. team safeties); blk=unknown
1970,DEN,Denver Broncos,,16,,0,0,2,,sacks=unknown; int=nfl.com team totals; fr=unknown; tds=pfr; sfty=nfl.com team totals (incl. team safeties); blk=unknown
1970,DET,Detroit Lions,,28,,4,2,0,,sacks=unknown; int=nfl.com team totals; fr=unknown; tds=pfr; sfty=nfl.com team totals (incl. team safeties); blk=unknown
1970,GNB,Green Bay Packers,,20,,1,2,0,,sacks=unknown; int=nfl.com team totals; fr=unknown; tds=pfr; sfty=nfl.com team totals (incl. team safeties); blk=unknown
1970,HOU,Houston Oilers,,18,,1,0,1,,sacks=unknown; int=nfl.com team totals; fr=unknown; tds=pfr; sfty=nfl.com team totals (incl. team safeties); blk=unknown
1970,KAN,Kansas City Chiefs,,31,,2,0,0,,sacks=unknown; int=nfl.com team totals; fr=unknown; tds=pfr; sfty=nfl.com team totals (incl. team safeties); blk=unknown
1970,MIA,Miami Dolphins,,23,,1,3,0,,sacks=unknown; int=nfl.com team totals; fr=unknown; tds=pfr; sfty=nfl.com team totals (incl. team safeties); blk=unknown
1970,MIN,Minnesota Vikings,,28,,5,2,0,,sacks=unknown; int=nfl.com team totals; fr=unknown; tds=pfr; sfty=nfl.com team totals (incl. team safeties); blk=unknown
1970,NOR,New Orleans Saints,,22,,1,1,0,,sacks=unknown; int=nfl.com team totals; fr=unknown; tds=pfr; sfty=nfl.com team totals (incl. team safeties); blk=unknown
1970,NYG,New York Giants,,17,,0,1,1,,sacks=unknown; int=nfl.com team totals; fr=unknown; tds=pfr; sfty=nfl.com team totals (incl. team safeties); blk=unknown
1970,NYJ,New York Jets,,23,,2,1,1,,sacks=unknown; int=nfl.com team totals; fr=unknown; tds=pfr; sfty=nfl.com team totals (incl. team safeties); blk=unknown
1970,OAK,Oakland Raiders,,19,,0,1,0,,sacks=unknown; int=nfl.com team totals; fr=unknown; tds=pfr; sfty=nfl.com team totals (incl. team safeties); blk=unknown
1970,PHI,Philadelphia Eagles,,10,,1,1,0,,sacks=unknown; int=nfl.com team totals; fr=unknown; tds=pfr; sfty=nfl.com team totals (incl. team safeties); blk=unknown
1970,PIT,Pittsburgh Steelers,,23,,1,0,0,,sacks=unknown; int=nfl.com team totals; fr=unknown; tds=pfr; sfty=nfl.com team totals (incl. team safeties); blk=unknown
1970,RAM,Los Angeles Rams,,19,,3,2,0,,sacks=unknown; int=nfl.com team totals; fr=unknown; tds=pfr; sfty=nfl.com team totals (incl. team safeties); blk=unknown
1970,SDG,San Diego Chargers,,9,,1,0,1,,sacks=unknown; int=nfl.com team totals; fr=unknown; tds=pfr; sfty=nfl.com team totals (incl. team safeties); blk=unknown
1970,SFO,San Francisco 49ers,,22,,2,1,2,,sacks=unknown; int=nfl.com team totals; fr=unknown; tds=pfr; sfty=nfl.com team totals (incl. team safeties); blk=unknown
1970,STL,St. Louis Cardinals,,21,,3,1,0,,sacks=unknown; int=nfl.com team totals; fr=unknown; tds=pfr; sfty=nfl.com team totals (incl. team safeties); blk=unknown
1970,WAS,Washington Redskins,,15,,0,0,0,,sacks=unknown; int=nfl.com team totals; fr=unknown; tds=pfr; sfty=nfl.com team totals (incl. team safeties); blk=unknown
1971,ATL,Atlanta Falcons,,20,,3,2,1,,sacks=unknown; int=nfl.com team totals; fr=unknown; tds=pfr; sfty=nfl.com team totals (incl. team safeties); blk=unknown
1971,BAL,Baltimore Colts,,28,,2,1,1,,sacks=unknown; int=nfl.com team totals; fr=unknown; tds=pfr; sfty=nfl.com team totals (incl. team safeties); blk=unknown
1971,BUF,Buffalo Bills,,11,,1,2,1,,sacks=unknown; int=nfl.com team totals; fr=unknown; tds=pfr; sfty=nfl.com team totals (incl. team safeties); blk=unknown
1971,CHI,Chicago Bears,,22,,2,0,0,,sacks=unknown; int=nfl.com team totals; fr=unknown; tds=pfr; sfty=nfl.com team totals (incl. team safeties); blk=unknown
1971,CIN,Cincinnati Bengals,,27,,3,0,0,,sacks=unknown; int=nfl.com team totals; fr=unknown; tds=pfr; sfty=nfl.com team totals (incl. team safeties); blk=unknown
1971,CLE,Cleveland Browns,,24,,1,0,1,,sacks=unknown; int=nfl.com team totals; fr=unknown; tds=pfr; sfty=nfl.com team totals (incl. team safeties); blk=unknown
1971,DAL,Dallas Cowboys,,26,,1,2,1,,sacks=unknown; int=nfl.com team totals; fr=unknown; tds=pfr; sfty=nfl.com team totals (incl. team safeties); blk=unknown
1971,DEN,Denver Broncos,,20,,1,0,1,,sacks=unknown; int=nfl.com team totals; fr=unknown; tds=pfr; sfty=nfl.com team totals (incl. team safeties); blk=unknown
1971,DET,Detroit Lions,,22,,5,2,1,,sacks=unknown; int=nfl.com team totals; fr=unknown; tds=pfr; sfty=nfl.com team totals (incl. team safeties); blk=unknown
1971,GNB,Green Bay Packers,,16,,0,3,1,,sacks=unknown; int=nfl.com team totals; fr=unknown; tds=pfr; sfty=nfl.com team totals (incl. team safeties); blk=unknown
1971,HOU,Houston Oilers,,23,,7,0,0,,sacks=unknown; int=nfl.com team totals; fr=unknown; tds=pfr; sfty=nfl.com team totals (incl. team safeties); blk=unknown
1971,KAN,Kansas City Chiefs,,27,,3,0,0,,sacks=unknown; int=nfl.com team totals; fr=unknown; tds=pfr; sfty=nfl.com team totals (incl. team safeties); blk=unknown
1971,MIA,Miami Dolphins,,17,,0,2,0,,sacks=unknown; int=nfl.com team totals; fr=unknown; tds=pfr; sfty=nfl.com team totals (incl. team safeties); blk=unknown
1971,MIN,Minnesota Vikings,,27,,1,0,2,,sacks=unknown; int=nfl.com team totals; fr=unknown; tds=pfr; sfty=nfl.com team totals (incl. team safeties); blk=unknown
1971,NOR,New Orleans Saints,,20,,1,0,0,,sacks=unknown; int=nfl.com team totals; fr=unknown; tds=pfr; sfty=nfl.com team totals (incl. team safeties); blk=unknown
1971,NWE,New England Patriots,,15,,2,1,0,,sacks=unknown; int=nfl.com team totals; fr=unknown; tds=pfr; sfty=nfl.com team totals (incl. team safeties); blk=unknown
1971,NYG,New York Giants,,15,,3,2,0,,sacks=unknown; int=nfl.com team totals; fr=unknown; tds=pfr; sfty=nfl.com team totals (incl. team safeties); blk=unknown
1971,NYJ,New York Jets,,13,,0,0,0,,sacks=unknown; int=nfl.com team totals; fr=unknown; tds=pfr; sfty=nfl.com team totals (incl. team safeties); blk=unknown
1971,OAK,Oakland Raiders,,23,,3,0,0,,sacks=unknown; int=nfl.com team totals; fr=unknown; tds=pfr; sfty=nfl.com team totals (incl. team safeties); blk=unknown
1971,PHI,Philadelphia Eagles,,22,,1,2,0,,sacks=unknown; int=nfl.com team totals; fr=unknown; tds=pfr; sfty=nfl.com team totals (incl. team safeties); blk=unknown
1971,PIT,Pittsburgh Steelers,,17,,1,1,0,,sacks=unknown; int=nfl.com team totals; fr=unknown; tds=pfr; sfty=nfl.com team totals (incl. team safeties); blk=unknown
1971,RAM,Los Angeles Rams,,27,,3,1,0,,sacks=unknown; int=nfl.com team totals; fr=unknown; tds=pfr; sfty=nfl.com team totals (incl. team safeties); blk=unknown
1971,SDG,San Diego Chargers,,22,,3,0,1,,sacks=unknown; int=nfl.com team totals; fr=unknown; tds=pfr; sfty=nfl.com team totals (incl. team safeties); blk=unknown
1971,SFO,San Francisco 49ers,,14,,1,1,0,,sacks=unknown; int=nfl.com team totals; fr=unknown; tds=pfr; sfty=nfl.com team totals (incl. team safeties); blk=unknown
1971,STL,St. Louis Cardinals,,17,,1,1,0,,sacks=unknown; int=nfl.com team totals; fr=unknown; tds=pfr; sfty=nfl.com team totals (incl. team safeties); blk=unknown
1971,WAS,Washington Redskins,,29,,6,0,0,,sacks=unknown; int=nfl.com team totals; fr=unknown; tds=pfr; sfty=nfl.com team totals (incl. team safeties); blk=unknown
1972,ATL,Atlanta Falcons,,18,,2,0,2,,sacks=unknown; int=nfl.com team totals; fr=unknown; tds=pfr; sfty=nfl.com team totals (incl. team safeties); blk=unknown
1972,BAL,Baltimore Colts,,23,,2,1,0,,sacks=unknown; int=nfl.com team totals; fr=unknown; tds=pfr; sfty=nfl.com team totals (incl. team safeties); blk=unknown
1972,BUF,Buffalo Bills,,23,,3,0,0,,sacks=unknown; int=nfl.com team totals; fr=unknown; tds=pfr; sfty=nfl.com team totals (incl. team safeties); blk=unknown
1972,CHI,Chicago Bears,,21,,0,3,0,,sacks=unknown; int=nfl.com team totals; fr=unknown; tds=pfr; sfty=nfl.com team totals (incl. team safeties); blk=unknown
1972,CIN,Cincinnati Bengals,,20,,3,2,1,,sacks=unknown; int=nfl.com team totals; fr=unknown; tds=pfr; sfty=nfl.com team totals (incl. team safeties); blk=unknown
1972,CLE,Cleveland Browns,,13,,2,1,0,,sacks=unknown; int=nfl.com team totals; fr=unknown; tds=pfr; sfty=nfl.com team totals (incl. team safeties); blk=unknown
1972,DAL,Dallas Cowboys,,16,,1,0,2,,sacks=unknown; int=nfl.com team totals; fr=unknown; tds=pfr; sfty=nfl.com team totals (incl. team safeties); blk=unknown
1972,DEN,Denver Broncos,,10,,0,2,0,,sacks=unknown; int=nfl.com team totals; fr=unknown; tds=pfr; sfty=nfl.com team totals (incl. team safeties); blk=unknown
1972,DET,Detroit Lions,,12,,1,0,0,,sacks=unknown; int=nfl.com team totals; fr=unknown; tds=pfr; sfty=nfl.com team totals (incl. team safeties); blk=unknown
1972,GNB,Green Bay Packers,,17,,2,3,1,,sacks=unknown; int=nfl.com team totals; fr=unknown; tds=pfr; sfty=nfl.com team totals (incl. team safeties); blk=unknown
1972,HOU,Houston Oilers,,6,,0,1,0,,sacks=unknown; int=nfl.com team totals; fr=unknown; tds=pfr; sfty=nfl.com team totals (incl. team safeties); blk=unknown
1972,KAN,Kansas City Chiefs,,24,,5,0,0,,sacks=unknown; int=nfl.com team totals; fr=unknown; tds=pfr; sfty=nfl.com team totals (incl. team safeties); blk=unknown
1972,MIA,Miami Dolphins,,26,,2,0,0,,sacks=unknown; int=nfl.com team totals; fr=unknown; tds=pfr; sfty=nfl.com team totals (incl. team safeties); blk=unknown
1972,MIN,Minnesota Vikings,,26,,4,0,0,,sacks=unknown; int=nfl.com team totals; fr=unknown; tds=pfr; sfty=nfl.com team totals (incl. team safeties); blk=unknown
1972,NOR,New Orleans Saints,,14,,2,1,1,,sacks=unknown; int=nfl.com team totals; fr=unknown; tds=pfr; sfty=nfl.com team totals (incl. team safeties); blk=unknown
1972,NWE,New England Patriots,,10,,0,1,0,,sacks=unknown; int=nfl.com team totals; fr=unknown; tds=pfr; sfty=nfl.com team totals (incl. team safeties); blk=unknown
1972,NYG,New York Giants,,23,,2,1,0,,sacks=unknown; int=nfl.com team totals; fr=unknown; tds=pfr; sfty=nfl.com team totals (incl. team safeties); blk=unknown
1972,NYJ,New York Jets,,19,,0,1,0,,sacks=unknown; int=nfl.com team totals; fr=unknown; tds=pfr; sfty=nfl.com team totals (incl. team safeties); blk=unknown
1972,OAK,Oakland Raiders,,25,,2,0,0,,sacks=unknown; int=nfl.com team totals; fr=unknown; tds=pfr; sfty=nfl.com team totals (incl. team safeties); blk=unknown
1972,PHI,Philadelphia Eagles,,19,,0,0,1,,sacks=unknown; int=nfl.com team totals; fr=unknown; tds=pfr; sfty=nfl.com team totals (incl. team safeties); blk=unknown
1972,PIT,Pittsburgh Steelers,,28,,2,1,1,,sacks=unknown; int=nfl.com team totals; fr=unknown; tds=pfr; sfty=nfl.com team totals (incl. team safeties); blk=unknown
1972,RAM,Los Angeles Rams,,16,,1,0,1,,sacks=unknown; int=nfl.com team totals; fr=unknown; tds=pfr; sfty=nfl.com team totals (incl. team safeties); blk=unknown
1972,SDG,San Diego Chargers,,24,,1,1,1,,sacks=unknown; int=nfl.com team totals; fr=unknown; tds=pfr; sfty=nfl.com team totals (incl. team safeties); blk=unknown
1972,SFO,San Francisco 49ers,,19,,4,1,0,,sacks=unknown; int=nfl.com team totals; fr=unknown; tds=pfr; sfty=nfl.com team totals (incl. team safeties); blk=unknown
1972,STL,St. Louis Cardinals,,11,,1,1,0,,sacks=unknown; int=nfl.com team totals; fr=unknown; tds=pfr; sfty=nfl.com team totals (incl. team safeties); blk=unknown
1972,WAS,Washington Redskins,,17,,2,2,1,,sacks=unknown; int=nfl.com team totals; fr=unknown; tds=pfr; sfty=nfl.com team totals (incl. team safeties); blk=unknown
1973,ATL,Atlanta Falcons,,22,,2,0,1,,sacks=unknown; int=nfl.com team totals; fr=unknown; tds=pfr; sfty=nfl.com team totals (incl. team safeties); blk=unknown
1973,BAL,Baltimore Colts,,15,,1,2,0,,sacks=unknown; int=nfl.com team totals; fr=unknown; tds=pfr; sfty=nfl.com team totals (incl. team safeties); blk=unknown
1973,BUF,Buffalo Bills,,14,,1,3,0,,sacks=unknown; int=nfl.com team totals; fr=unknown; tds=pfr; sfty=nfl.com team totals (incl. team safeties); blk=unknown
1973,CHI,Chicago Bears,,14,,1,2,0,,sacks=unknown; int=nfl.com team totals; fr=unknown; tds=pfr; sfty=nfl.com team totals (incl. team safeties); blk=unknown
1973,CIN,Cincinnati Bengals,,18,,1,0,0,,sacks=unknown; int=nfl.com team totals; fr=unknown; tds=pfr; sfty=nfl.com team totals (incl. team safeties); blk=unknown
1973,CLE,Cleveland Browns,,12,,2,0,0,,sacks=unknown; int=nfl.com team totals; fr=unknown; tds=pfr; sfty=nfl.com team totals (incl. team safeties); blk=unknown
1973,DAL,Dallas Cowboys,,18,,2,1,2,,sacks=unknown; int=nfl.com team totals; fr=unknown; tds=pfr; sfty=nfl.com team totals (incl. team safeties); blk=unknown
1973,DEN,Denver Broncos,,14,,3,0,1,,sacks=unknown; int=nfl.com team totals; fr=unknown; tds=pfr; sfty=nfl.com team totals (incl. team safeties); blk=unknown
1973,DET,Detroit Lions,,22,,1,0,0,,sacks=unknown; int=nfl.com team totals; fr=unknown; tds=pfr; sfty=nfl.com team totals (incl. team safeties); blk=unknown
1973,GNB,Green Bay Packers,,15,,3,0,0,,sacks=unknown; int=nfl.com team totals; fr=unknown; tds=pfr; sfty=nfl.com team totals (incl. team safeties); blk=unknown
1973,HOU,Houston Oilers,,17,,0,2,0,,sacks=unknown; int=nfl.com team totals; fr=unknown; tds=pfr; sfty=nfl.com team totals (incl. team safeties); blk=unknown
1973,KAN,Kansas City Chiefs,,21,,2,0,0,,sacks=unknown; int=nfl.com team totals; fr=unknown; tds=pfr; sfty=nfl.com team totals (incl. team safeties); blk=unknown
1973,MIA,Miami Dolphins,,21,,3,2,1,,sacks=unknown; int=nfl.com team totals; fr=unknown; tds=pfr; sfty=nfl.com team totals (incl. team safeties); blk=unknown
1973,MIN,Minnesota Vikings,,21,,3,0,1,,sacks=unknown; int=nfl.com team totals; fr=unknown; tds=pfr; sfty=nfl.com team totals (incl. team safeties); blk=unknown
1973,NOR,New Orleans Saints,,16,,0,0,0,,sacks=unknown; int=nfl.com team totals; fr=unknown; tds=pfr; sfty=nfl.com team totals (incl. team safeties); blk=unknown
1973,NWE,New England Patriots,,13,,1,1,1,,sacks=unknown; int=nfl.com team totals; fr=unknown; tds=pfr; sfty=nfl.com team totals (incl. team safeties); blk=unknown
1973,NYG,New York Giants,,20,,0,0,0,,sacks=unknown; int=nfl.com team totals; fr=unknown; tds=pfr; sfty=nfl.com team totals (incl. team safeties); blk=unknown
1973,NYJ,New York Jets,,19,,3,1,0,,sacks=unknown; int=nfl.com team totals; fr=unknown; tds=pfr; sfty=nfl.com team totals (incl. team safeties); blk=unknown
1973,OAK,Oakland Raiders,,17,,1,1,0,,sacks=unknown; int=nfl.com team totals; fr=unknown; tds=pfr; sfty=nfl.com team totals (incl. team safeties); blk=unknown
1973,PHI,Philadelphia Eagles,,15,,2,0,0,,sacks=unknown; int=nfl.com team totals; fr=unknown; tds=pfr; sfty=nfl.com team totals (incl. team safeties); blk=unknown
1973,PIT,Pittsburgh Steelers,,37,,4,1,1,,sacks=unknown; int=nfl.com team totals; fr=unknown; tds=pfr; sfty=nfl.com team totals (incl. team safeties); blk=unknown
1973,RAM,Los Angeles Rams,,20,,1,1,3,,sacks=unknown; int=nfl.com team totals; fr=unknown; tds=pfr; sfty=nfl.com team totals (incl. team safeties); blk=unknown
1973,SDG,San Diego Chargers,,16,,2,2,0,,sacks=unknown; int=nfl.com team totals; fr=unknown; tds=pfr; sfty=nfl.com team totals (incl. team safeties); blk=unknown
1973,SFO,San Francisco 49ers,,17,,1,1,1,,sacks=unknown; int=nfl.com team totals; fr=unknown; tds=pfr; sfty=nfl.com team totals (incl. team safeties); blk=unknown
1973,STL,St. Louis Cardinals,,10,,0,1,0,,sacks=unknown; int=nfl.com team totals; fr=unknown; tds=pfr; sfty=nfl.com team totals (incl. team safeties); blk=unknown
1973,WAS,Washington Redskins,,26,,6,2,0,,sacks=unknown; int=nfl.com team totals; fr=unknown; tds=pfr; sfty=nfl.com team totals (incl. team safeties); blk=unknown
1974,ATL,Atlanta Falcons,,17,,1,1,0,,sacks=unknown; int=nfl.com team totals; fr=unknown; tds=pfr; sfty=nfl.com team totals (incl. team safeties); blk=unknown
1974,BAL,Baltimore Colts,,10,,0,0,0,,sacks=unknown; int=nfl.com team totals; fr=unknown; tds=pfr; sfty=nfl.com team totals (incl. team safeties); blk=unknown
1974,BUF,Buffalo Bills,,20,,3,0,1,,sacks=unknown; int=nfl.com team totals; fr=unknown; tds=pfr; sfty=nfl.com team totals (incl. team safeties); blk=unknown
1974,CHI,Chicago Bears,,18,,0,0,0,,sacks=unknown; int=nfl.com team totals; fr=unknown; tds=pfr; sfty=nfl.com team totals (incl. team safeties); blk=unknown
1974,CIN,Cincinnati Bengals,,9,,1,3,1,,sacks=unknown; int=nfl.com team totals; fr=unknown; tds=pfr; sfty=nfl.com team totals (incl. team safeties); blk=unknown
1974,CLE,Cleveland Browns,,24,,3,1,0,,sacks=unknown; int=nfl.com team totals; fr=unknown; tds=pfr; sfty=nfl.com team totals (incl. team safeties); blk=unknown
1974,DAL,Dallas Cowboys,,13,,0,1,1,,sacks=unknown; int=nfl.com team totals; fr=unknown; tds=pfr; sfty=nfl.com team totals (incl. team safeties); blk=unknown
1974,DEN,Denver Broncos,,22,,1,0,0,,sacks=unknown; int=nfl.com team totals; fr=unknown; tds=pfr; sfty=nfl.com team totals (incl. team safeties); blk=unknown
1974,DET,Detroit Lions,,17,,2,1,1,,sacks=unknown; int=nfl.com team totals; fr=unknown; tds=pfr; sfty=nfl.com team totals (incl. team safeties); blk=unknown
1974,GNB,Green Bay Packers,,23,,1,2,1,,sacks=unknown; int=nfl.com team totals; fr=unknown; tds=pfr; sfty=nfl.com team totals (incl. team safeties); blk=unknown
1974,HOU,Houston Oilers,,21,,2,0,0,,sacks=unknown; int=nfl.com team totals; fr=unknown; tds=pfr; sfty=nfl.com team totals (incl. team safeties); blk=unknown
1974,KAN,Kansas City Chiefs,,28,,5,0,1,,sacks=unknown; int=nfl.com team totals; fr=unknown; tds=pfr; sfty=nfl.com team totals (incl. team safeties); blk=unknown
1974,MIA,Miami Dolphins,,16,,0,0,1,,sacks=unknown; int=nfl.com team totals; fr=unknown; tds=pfr; sfty=nfl.com team totals (incl. team safeties); blk=unknown
1974,MIN,Minnesota Vikings,,22,,1,0,1,,sacks=unknown; int=nfl.com team totals; fr=unknown; tds=pfr; sfty=nfl.com team totals (incl. team safeties); blk=unknown
1974,NOR,New Orleans Saints,,16,,1,0,0,,sacks=unknown; int=nfl.com team totals; fr=unknown; tds=pfr; sfty=nfl.com team totals (incl. team safeties); blk=unknown
1974,NWE,New England Patriots,,24,,2,0,0,,sacks=unknown; int=nfl.com team totals; fr=unknown; tds=pfr; sfty=nfl.com team totals (incl. team safeties); blk=unknown
1974,NYG,New York Giants,,15,,1,0,0,,sacks=unknown; int=nfl.com team totals; fr=unknown; tds=pfr; sfty=nfl.com team totals (incl. team safeties); blk=unknown
1974,NYJ,New York Jets,,17,,2,1,0,,sacks=unknown; int=nfl.com team totals; fr=unknown; tds=pfr; sfty=nfl.com team totals (incl. team safeties); blk=unknown
1974,OAK,Oakland Raiders,,27,,2,0,1,,sacks=unknown; int=nfl.com team totals; fr=unknown; tds=pfr; sfty=nfl.com team totals (incl. team safeties); blk=unknown
1974,PHI,Philadelphia Eagles,,18,,4,0,0,,sacks=unknown; int=nfl.com team totals; fr=unknown; tds=pfr; sfty=nfl.com team totals (incl. team safeties); blk=unknown
1974,PIT,Pittsburgh Steelers,,25,,3,1,1,,sacks=unknown; int=nfl.com team totals; fr=unknown; tds=pfr; sfty=nfl.com team totals (incl. team safeties); blk=unknown
1974,RAM,Los Angeles Rams,,22,,2,1,0,,sacks=unknown; int=nfl.com team totals; fr=unknown; tds=pfr; sfty=nfl.com team totals (incl. team safeties); blk=unknown
1974,SDG,San Diego Chargers,,15,,1,0,0,,sacks=unknown; int=nfl.com team totals; fr=unknown; tds=pfr; sfty=nfl.com team totals (incl. team safeties); blk=unknown
1974,SFO,San Francisco 49ers,,20,,2,1,0,,sacks=unknown; int=nfl.com team totals; fr=unknown; tds=pfr; sfty=nfl.com team totals (incl. team safeties); blk=unknown
1974,STL,St. Louis Cardinals,,16,,3,1,0,,sacks=unknown; int=nfl.com team totals; fr=unknown; tds=pfr; sfty=nfl.com team totals (incl. team safeties); blk=unknown
1974,WAS,Washington Redskins,,25,,3,2,0,,sacks=unknown; int=nfl.com team totals; fr=unknown; tds=pfr; sfty=nfl.com team totals (incl. team safeties); blk=unknown
1975,ATL,Atlanta Falcons,,25,,2,0,0,,sacks=unknown; int=nfl.com team totals; fr=unknown; tds=pfr; sfty=nfl.com team totals (incl. team safeties); blk=unknown
1975,BAL,Baltimore Colts,,29,,5,0,1,,sacks=unknown; int=nfl.com team totals; fr=unknown; tds=pfr; sfty=nfl.com team totals (incl. team safeties); blk=unknown
1975,BUF,Buffalo Bills,,25,,3,0,0,,sacks=unknown; int=nfl.com team totals; fr=unknown; tds=pfr; sfty=nfl.com team totals (incl. team safeties); blk=unknown
1975,CHI,Chicago Bears,,13,,2,0,1,,sacks=unknown; int=nfl.com team totals; fr=unknown; tds=pfr; sfty=nfl.com team totals (incl. team safeties); blk=unknown
1975,CIN,Cincinnati Bengals,,22,,2,0,0,,sacks=unknown; int=nfl.com team totals; fr=unknown; tds=pfr; sfty=nfl.com team totals (incl. team safeties); blk=unknown
1975,CLE,Cleveland Browns,,10,,2,0,1,,sacks=unknown; int=nfl.com team totals; fr=unknown; tds=pfr; sfty=nfl.com team totals (incl. team safeties); blk=unknown
1975,DAL,Dallas Cowboys,,25,,3,2,0,,sacks=unknown; int=nfl.com team totals; fr=unknown; tds=pfr; sfty=nfl.com team totals (incl. team safeties); blk=unknown
1975,DEN,Denver Broncos,,16,,2,0,0,,sacks=unknown; int=nfl.com team totals; fr=unknown; tds=pfr; sfty=nfl.com team totals (incl. team safeties); blk=unknown
1975,DET,Detroit Lions,,20,,2,2,2,,sacks=unknown; int=nfl.com team totals; fr=unknown; tds=pfr; sfty=nfl.com team totals (incl. team safeties); blk=unknown
1975,GNB,Green Bay Packers,,14,,1,1,3,,sacks=unknown; int=nfl.com team totals; fr=unknown; tds=pfr; sfty=nfl.com team totals (incl. team safeties); blk=unknown
1975,HOU,Houston Oilers,,24,,2,4,2,,sacks=unknown; int=nfl.com team totals; fr=unknown; tds=pfr; sfty=nfl.com team totals (incl. team safeties); blk=unknown
1975,KAN,Kansas City Chiefs,,20,,1,0,0,,sacks=unknown; int=nfl.com team totals; fr=unknown; tds=pfr; sfty=nfl.com team totals (incl. team safeties); blk=unknown
1975,MIA,Miami Dolphins,,21,,0,1,1,,sacks=unknown; int=nfl.com team totals; fr=unknown; tds=pfr; sfty=nfl.com team totals (incl. team safeties); blk=unknown
1975,MIN,Minnesota Vikings,,28,,2,0,2,,sacks=unknown; int=nfl.com team totals; fr=unknown; tds=pfr; sfty=nfl.com team totals (incl. team safeties); blk=unknown
1975,NOR,New Orleans Saints,,16,,2,0,0,,sacks=unknown; int=nfl.com team totals; fr=unknown; tds=pfr; sfty=nfl.com team totals (incl. team safeties); blk=unknown
1975,NWE,New England Patriots,,13,,2,1,0,,sacks=unknown; int=nfl.com team totals; fr=unknown; tds=pfr; sfty=nfl.com team totals (incl. team safeties); blk=unknown
1975,NYG,New York Giants,,16,,0,1,0,,sacks=unknown; int=nfl.com team totals; fr=unknown; tds=pfr; sfty=nfl.com team totals (incl. team safeties); blk=unknown
1975,NYJ,New York Jets,,15,,0,0,0,,sacks=unknown; int=nfl.com team totals; fr=unknown; tds=pfr; sfty=nfl.com team totals (incl. team safeties); blk=unknown
1975,OAK,Oakland Raiders,,35,,0,1,2,,sacks=unknown; int=nfl.com team totals; fr=unknown; tds=pfr; sfty=nfl.com team totals (incl. team safeties); blk=unknown
1975,PHI,Philadelphia Eagles,,26,,2,0,0,,sacks=unknown; int=nfl.com team totals; fr=unknown; tds=pfr; sfty=nfl.com team totals (incl. team safeties); blk=unknown
1975,PIT,Pittsburgh Steelers,,27,,1,1,1,,sacks=unknown; int=nfl.com team totals; fr=unknown; tds=pfr; sfty=nfl.com team totals (incl. team safeties); blk=unknown
1975,RAM,Los Angeles Rams,,22,,3,1,1,,sacks=unknown; int=nfl.com team totals; fr=unknown; tds=pfr; sfty=nfl.com team totals (incl. team safeties); blk=unknown
1975,SDG,San Diego Chargers,,20,,0,1,0,,sacks=unknown; int=nfl.com team totals; fr=unknown; tds=pfr; sfty=nfl.com team totals (incl. team safeties); blk=unknown
1975,SFO,San Francisco 49ers,,11,,3,1,0,,sacks=unknown; int=nfl.com team totals; fr=unknown; tds=pfr; sfty=nfl.com team totals (incl. team safeties); blk=unknown
1975,STL,St. Louis Cardinals,,22,,1,3,0,,sacks=unknown; int=nfl.com team totals; fr=unknown; tds=pfr; sfty=nfl.com team totals (incl. team safeties); blk=unknown
1975,WAS,Washington Redskins,,18,,2,1,0,,sacks=unknown; int=nfl.com team totals; fr=unknown; tds=pfr; sfty=nfl.com team totals (incl. team safeties); blk=unknown
1976,ATL,Atlanta Falcons,,18,,0,0,1,,sacks=unknown; int=nfl.com team totals; fr=unknown; tds=pfr; sfty=nfl.com team totals (incl. team safeties); blk=unknown
1976,BAL,Baltimore Colts,,15,,1,0,1,,sacks=unknown; int=nfl.com team totals; fr=unknown; tds=pfr; sfty=nfl.com team totals (incl. team safeties); blk=unknown
1976,BUF,Buffalo Bills,,19,,1,1,0,,sacks=unknown; int=nfl.com team totals; fr=unknown; tds=pfr; sfty=nfl.com team totals (incl. team safeties); blk=unknown
1976,CHI,Chicago Bears,,24,,2,0,2,,sacks=unknown; int=nfl.com team totals; fr=unknown; tds=pfr; sfty=nfl.com team totals (incl. team safeties); blk=unknown
1976,CIN,Cincinnati Bengals,,26,,5,1,1,,sacks=unknown; int=nfl.com team totals; fr=unknown; tds=pfr; sfty=nfl.com team totals (incl. team safeties); blk=unknown
1976,CLE,Cleveland Browns,,21,,2,0,1,,sacks=unknown; int=nfl.com team totals; fr=unknown; tds=pfr; sfty=nfl.com team totals (incl. team safeties); blk=unknown
1976,DAL,Dallas Cowboys,,16,,0,0,2,,sacks=unknown; int=nfl.com team totals; fr=unknown; tds=pfr; sfty=nfl.com team totals (incl. team safeties); blk=unknown
1976,DEN,Denver Broncos,,24,,6,4,0,,sacks=unknown; int=nfl.com team totals; fr=unknown; tds=pfr; sfty=nfl.com team totals (incl. team safeties); blk=unknown
1976,DET,Detroit Lions,,24,,3,0,0,,sacks=unknown; int=nfl.com team totals; fr=unknown; tds=pfr; sfty=nfl.com team totals (incl. team safeties); blk=unknown
1976,GNB,Green Bay Packers,,11,,2,0,1,,sacks=unknown; int=nfl.com team totals; fr=unknown; tds=pfr; sfty=nfl.com team totals (incl. team safeties); blk=unknown
1976,HOU,Houston Oilers,,11,,1,1,0,,sacks=unknown; int=nfl.com team totals; fr=unknown; tds=pfr; sfty=nfl.com team totals (incl. team safeties); blk=unknown
1976,KAN,Kansas City Chiefs,,23,,0,0,1,,sacks=unknown; int=nfl.com team totals; fr=unknown; tds=pfr; sfty=nfl.com team totals (incl. team safeties); blk=unknown
1976,MIA,Miami Dolphins,,11,,0,1,0,,sacks=unknown; int=nfl.com team totals; fr=unknown; tds=pfr; sfty=nfl.com team totals (incl. team safeties); blk=unknown
1976,MIN,Minnesota Vikings,,19,,0,1,0,,sacks=unknown; int=nfl.com team totals; fr=unknown; tds=pfr; sfty=nfl.com team totals (incl. team safeties); blk=unknown
1976,NOR,New Orleans Saints,,12,,5,0,0,,sacks=unknown; int=nfl.com team totals; fr=unknown; tds=pfr; sfty=nfl.com team totals (incl. team safeties); blk=unknown
1976,NWE,New England Patriots,,23,,3,2,0,,sacks=unknown; int=nfl.com team totals; fr=unknown; tds=pfr; sfty=nfl.com team totals (incl. team safeties); blk=unknown
1976,NYG,New York Giants,,12,,0,1,0,,sacks=unknown; int=nfl.com team totals; fr=unknown; tds=pfr; sfty=nfl.com team totals (incl. team safeties); blk=unknown
1976,NYJ,New York Jets,,11,,1,2,0,,sacks=unknown; int=nfl.com team totals; fr=unknown; tds=pfr; sfty=nfl.com team totals (incl. team safeties); blk=unknown
1976,OAK,Oakland Raiders,,16,,0,0,1,,sacks=unknown; int=nfl.com team totals; fr=unknown; tds=pfr; sfty=nfl.com team totals (incl. team safeties); blk=unknown
1976,PHI,Philadelphia Eagles,,9,,0,0,0,,sacks=unknown; int=nfl.com team totals; fr=unknown; tds=pfr; sfty=nfl.com team totals (incl. team safeties); blk=unknown
1976,PIT,Pittsburgh Steelers,,22,,0,0,1,,sacks=unknown; int=nfl.com team totals; fr=unknown; tds=pfr; sfty=nfl.com team totals (incl. team safeties); blk=unknown
1976,RAM,Los Angeles Rams,,32,,3,1,0,,sacks=unknown; int=nfl.com team totals; fr=unknown; tds=pfr; sfty=nfl.com team totals (incl. team safeties); blk=unknown
1976,SDG,San Diego Chargers,,20,,1,0,0,,sacks=unknown; int=nfl.com team totals; fr=unknown; tds=pfr; sfty=nfl.com team totals (incl. team safeties); blk=unknown
1976,SEA,Seattle Seahawks,,15,,1,1,1,,sacks=unknown; int=nfl.com team totals; fr=unknown; tds=pfr; sfty=nfl.com team totals (incl. team safeties); blk=unknown
1976,SFO,San Francisco 49ers,,9,,1,2,2,,sacks=unknown; int=nfl.com team totals; fr=unknown; tds=pfr; sfty=nfl.com team totals (incl. team safeties); blk=unknown
1976,STL,St. Louis Cardinals,,19,,1,0,0,,sacks=unknown; int=nfl.com team totals; fr=unknown; tds=pfr; sfty=nfl.com team totals (incl. team safeties); blk=unknown
1976,TAM,Tampa Bay Buccaneers,,9,,1,0,0,,sacks=unknown; int=nfl.com team totals; fr=unknown; tds=pfr; sfty=nfl.com team totals (incl. team safeties); blk=unknown
1976,WAS,Washington Redskins,,26,,1,1,1,,sacks=unknown; int=nfl.com team totals; fr=unknown; tds=pfr; sfty=nfl.com team totals (incl. team safeties); blk=unknown
1977,ATL,Atlanta Falcons,,26,,3,0,0,,sacks=unknown; int=nfl.com team totals; fr=unknown; tds=pfr; sfty=nfl.com team totals (incl. team safeties); blk=unknown
1977,BAL,Baltimore Colts,,30,,0,0,1,,sacks=unknown; int=nfl.com team totals; fr=unknown; tds=pfr; sfty=nfl.com team totals (incl. team safeties); blk=unknown
1977,BUF,Buffalo Bills,,21,,2,2,1,,sacks=unknown; int=nfl.com team totals; fr=unknown; tds=pfr; sfty=nfl.com team totals (incl. team safeties); blk=unknown
1977,CHI,Chicago Bears,,18,,0,2,0,,sacks=unknown; int=nfl.com team totals; fr=unknown; tds=pfr; sfty=nfl.com team totals (incl. team safeties); blk=unknown
1977,CIN,Cincinnati Bengals,,16,,2,2,0,,sacks=unknown; int=nfl.com team totals; fr=unknown; tds=pfr; sfty=nfl.com team totals (incl. team safeties); blk=unknown
1977,CLE,Cleveland Browns,,23,,3,0,1,,sacks=unknown; int=nfl.com team totals; fr=unknown; tds=pfr; sfty=nfl.com team totals (incl. team safeties); blk=unknown
1977,DAL,Dallas Cowboys,,21,,1,1,0,,sacks=unknown; int=nfl.com team totals; fr=unknown; tds=pfr; sfty=nfl.com team totals (incl. team safeties); blk=unknown
1977,DEN,Denver Broncos,,25,,2,1,0,,sacks=unknown; int=nfl.com team totals; fr=unknown; tds=pfr; sfty=nfl.com team totals (incl. team safeties); blk=unknown
1977,DET,Detroit Lions,,19,,2,3,1,,sacks=unknown; int=nfl.com team totals; fr=unknown; tds=pfr; sfty=nfl.com team totals (incl. team safeties); blk=unknown
1977,GNB,Green Bay Packers,,13,,1,2,0,,sacks=unknown; int=nfl.com team totals; fr=unknown; tds=pfr; sfty=nfl.com team totals (incl. team safeties); blk=unknown
1977,HOU,Houston Oilers,,26,,4,3,3,,sacks=unknown; int=nfl.com team totals; fr=unknown; tds=pfr; sfty=nfl.com team totals (incl. team safeties); blk=unknown
1977,KAN,Kansas City Chiefs,,21,,5,0,0,,sacks=unknown; int=nfl.com team totals; fr=unknown; tds=pfr; sfty=nfl.com team totals (incl. team safeties); blk=unknown
1977,MIA,Miami Dolphins,,15,,0,1,0,,sacks=unknown; int=nfl.com team totals; fr=unknown; tds=pfr; sfty=nfl.com team totals (incl. team safeties); blk=unknown
1977,MIN,Minnesota Vikings,,16,,1,1,1,,sacks=unknown; int=nfl.com team totals; fr=unknown; tds=pfr; sfty=nfl.com team totals (incl. team safeties); blk=unknown
1977,NOR,New Orleans Saints,,10,,2,2,1,,sacks=unknown; int=nfl.com team totals; fr=unknown; tds=pfr; sfty=nfl.com team totals (incl. team safeties); blk=unknown
1977,NWE,New England Patriots,,19,,0,3,1,,sacks=unknown; int=nfl.com team totals; fr=unknown; tds=pfr; sfty=nfl.com team totals (incl. team safeties); blk=unknown
1977,NYG,New York Giants,,12,,2,1,0,,sacks=unknown; int=nfl.com team totals; fr=unknown; tds=pfr; sfty=nfl.com team totals (incl. team safeties); blk=unknown
1977,NYJ,New York Jets,,11,,1,0,1,,sacks=unknown; int=nfl.com team totals; fr=unknown; tds=pfr; sfty=nfl.com team totals (incl. team safeties); blk=unknown
1977,OAK,Oakland Raiders,,26,,1,0,0,,sacks=unknown; int=nfl.com team totals; fr=unknown; tds=pfr; sfty=nfl.com team totals (incl. team safeties); blk=unknown
1977,PHI,Philadelphia Eagles,,21,,0,1,0,,sacks=unknown; int=nfl.com team totals; fr=unknown; tds=pfr; sfty=nfl.com team totals (incl. team safeties); blk=unknown
1977,PIT,Pittsburgh Steelers,,31,,0,0,0,,sacks=unknown; int=nfl.com team totals; fr=unknown; tds=pfr; sfty=nfl.com team totals (incl. team safeties); blk=unknown
1977,RAM,Los Angeles Rams,,25,,1,0,0,,sacks=unknown; int=nfl.com team totals; fr=unknown; tds=pfr; sfty=nfl.com team totals (incl. team safeties); blk=unknown
1977,SDG,San Diego Chargers,,21,,3,1,0,,sacks=unknown; int=nfl.com team totals; fr=unknown; tds=pfr; sfty=nfl.com team totals (incl. team safeties); blk=unknown
1977,SEA,Seattle Seahawks,,25,,1,1,0,,sacks=unknown; int=nfl.com team totals; fr=unknown; tds=pfr; sfty=nfl.com team totals (incl. team safeties); blk=unknown
1977,SFO,San Francisco 49ers,,8,,0,2,0,,sacks=unknown; int=nfl.com team totals; fr=unknown; tds=pfr; sfty=nfl.com team totals (incl. team safeties); blk=unknown
1977,STL,St. Louis Cardinals,,19,,2,0,0,,sacks=unknown; int=nfl.com team totals; fr=unknown; tds=pfr; sfty=nfl.com team totals (incl. team safeties); blk=unknown
1977,TAM,Tampa Bay Buccaneers,,23,,4,0,0,,sacks=unknown; int=nfl.com team totals; fr=unknown; tds=pfr; sfty=nfl.com team totals (incl. team safeties); blk=unknown
1977,WAS,Washington Redskins,,21,,0,0,0,,sacks=unknown; int=nfl.com team totals; fr=unknown; tds=pfr; sfty=nfl.com team totals (incl. team safeties); blk=unknown
1978,ATL,Atlanta Falcons,,12,,0,3,2,,sacks=unknown; int=nfl.com team totals; fr=unknown; tds=pfr; sfty=nfl.com team totals (incl. team safeties); blk=unknown
1978,BAL,Baltimore Colts,,17,,3,2,1,,sacks=unknown; int=nfl.com team totals; fr=unknown; tds=pfr; sfty=nfl.com team totals (incl. team safeties); blk=unknown
1978,BUF,Buffalo Bills,,14,,1,2,1,,sacks=unknown; int=nfl.com team totals; fr=unknown; tds=pfr; sfty=nfl.com team totals (incl. team safeties); blk=unknown
1978,CHI,Chicago Bears,,17,,1,2,1,,sacks=unknown; int=nfl.com team totals; fr=unknown; tds=pfr; sfty=nfl.com team totals (incl. team safeties); blk=unknown
1978,CIN,Cincinnati Bengals,,20,,3,1,2,,sacks=unknown; int=nfl.com team totals; fr=unknown; tds=pfr; sfty=nfl.com team totals (incl. team safeties); blk=unknown
1978,CLE,Cleveland Browns,,27,,1,0,0,,sacks=unknown; int=nfl.com team totals; fr=unknown; tds=pfr; sfty=nfl.com team totals (incl. team safeties); blk=unknown
1978,DAL,Dallas Cowboys,,23,,0,0,1,,sacks=unknown; int=nfl.com team totals; fr=unknown; tds=pfr; sfty=nfl.com team totals (incl. team safeties); blk=unknown
1978,DEN,Denver Broncos,,31,,3,1,1,,sacks=unknown; int=nfl.com team totals; fr=unknown; tds=pfr; sfty=nfl.com team totals (incl. team safeties); blk=unknown
1978,DET,Detroit Lions,,22,,2,0,0,,sacks=unknown; int=nfl.com team totals; fr=unknown; tds=pfr; sfty=nfl.com team totals (incl. team safeties); blk=unknown
1978,GNB,Green Bay Packers,,27,,2,2,0,,sacks=unknown; int=nfl.com team totals; fr=unknown; tds=pfr; sfty=nfl.com team totals (incl. team safeties); blk=unknown
1978,HOU,Houston Oilers,,17,,0,0,0,,sacks=unknown; int=nfl.com team totals; fr=unknown; tds=pfr; sfty=nfl.com team totals (incl. team safeties); blk=unknown
1978,KAN,Kansas City Chiefs,,21,,0,0,1,,sacks=unknown; int=nfl.com team totals; fr=unknown; tds=pfr; sfty=nfl.com team totals (incl. team safeties); blk=unknown
1978,MIA,Miami Dolphins,,32,,3,0,2,,sacks=unknown; int=nfl.com team totals; fr=unknown; tds=pfr; sfty=nfl.com team totals (incl. team safeties); blk=unknown
1978,MIN,Minnesota Vikings,,22,,1,1,0,,sacks=unknown; int=nfl.com team totals; fr=unknown; tds=pfr; sfty=nfl.com team totals (incl. team safeties); blk=unknown
1978,NOR,New Orleans Saints,,21,,1,0,1,,sacks=unknown; int=nfl.com team totals; fr=unknown; tds=pfr; sfty=nfl.com team totals (incl. team safeties); blk=unknown
1978,NWE,New England Patriots,,22,,1,0,2,,sacks=unknown; int=nfl.com team totals; fr=unknown; tds=pfr; sfty=nfl.com team totals (incl. team safeties); blk=unknown
1978,NYG,New York Giants,,21,,2,2,0,,sacks=unknown; int=nfl.com team totals; fr=unknown; tds=pfr; sfty=nfl.com team totals (incl. team safeties); blk=unknown
1978,NYJ,New York Jets,,23,,1,1,0,,sacks=unknown; int=nfl.com team totals; fr=unknown; tds=pfr; sfty=nfl.com team totals (incl. team safeties); blk=unknown
1978,OAK,Oakland Raiders,,28,,4,0,1,,sacks=unknown; int=nfl.com team totals; fr=unknown; tds=pfr; sfty=nfl.com team totals (incl. team safeties); blk=unknown
1978,PHI,Philadelphia Eagles,,28,,3,1,0,,sacks=unknown; int=nfl.com team totals; fr=unknown; tds=pfr; sfty=nfl.com team totals (incl. team safeties); blk=unknown
1978,PIT,Pittsburgh Steelers,,27,,1,1,0,,sacks=unknown; int=nfl.com team totals; fr=unknown; tds=pfr; sfty=nfl.com team totals (incl. team safeties); blk=unknown
1978,RAM,Los Angeles Rams,,28,,6,2,0,,sacks=unknown; int=nfl.com team totals; fr=unknown; tds=pfr; sfty=nfl.com team totals (incl. team safeties); blk=unknown
1978,SDG,San Diego Chargers,,22,,2,0,0,,sacks=unknown; int=nfl.com team totals; fr=unknown; tds=pfr; sfty=nfl.com team totals (incl. team safeties); blk=unknown
1978,SEA,Seattle Seahawks,,22,,1,0,1,,sacks=unknown; int=nfl.com team totals; fr=unknown; tds=pfr; sfty=nfl.com team totals (incl. team safeties); blk=unknown
1978,SFO,San Francisco 49ers,,18,,1,1,0,,sacks=unknown; int=nfl.com team totals; fr=unknown; tds=pfr; sfty=nfl.com team totals (incl. team safeties); blk=unknown
1978,STL,St. Louis Cardinals,,26,,0,1,1,,sacks=unknown; int=nfl.com team totals; fr=unknown; tds=pfr; sfty=nfl.com team totals (incl. team safeties); blk=unknown
1978,TAM,Tampa Bay Buccaneers,,29,,0,1,0,,sacks=unknown; int=nfl.com team totals; fr=unknown; tds=pfr; sfty=nfl.com team totals (incl. team safeties); blk=unknown
1978,WAS,Washington Redskins,,22,,1,3,0,,sacks=unknown; int=nfl.com team totals; fr=unknown; tds=pfr; sfty=nfl.com team totals (incl. team safeties); blk=unknown
1979,ATL,Atlanta Falcons,,15,,3,1,1,,sacks=unknown; int=nfl.com team totals; fr=unknown; tds=pfr; sfty=nfl.com team totals (incl. team safeties); blk=unknown
1979,BAL,Baltimore Colts,,23,,1,2,0,,sacks=unknown; int=nfl.com team totals; fr=unknown; tds=pfr; sfty=nfl.com team totals (incl. team safeties); blk=unknown
1979,BUF,Buffalo Bills,,24,,3,2,0,,sacks=unknown; int=nfl.com team totals; fr=unknown; tds=pfr; sfty=nfl.com team totals (incl. team safeties); blk=unknown
1979,CHI,Chicago Bears,,29,,2,2,1,,sacks=unknown; int=nfl.com team totals; fr=unknown; tds=pfr; sfty=nfl.com team totals (incl. team safeties); blk=unknown
1979,CIN,Cincinnati Bengals,,20,,3,0,0,,sacks=unknown; int=nfl.com team totals; fr=unknown; tds=pfr; sfty=nfl.com team totals (incl. team safeties); blk=unknown
1979,CLE,Cleveland Browns,,16,,1,0,0,,sacks=unknown; int=nfl.com team totals; fr=unknown; tds=pfr; sfty=nfl.com team totals (incl. team safeties); blk=unknown
1979,DAL,Dallas Cowboys,,13,,1,0,2,,sacks=unknown; int=nfl.com team totals; fr=unknown; tds=pfr; sfty=nfl.com team totals (incl. team safeties); blk=unknown
1979,DEN,Denver Broncos,,19,,4,1,1,,sacks=unknown; int=nfl.com team totals; fr=unknown; tds=pfr; sfty=nfl.com team totals (incl. team safeties); blk=unknown
1979,DET,Detroit Lions,,14,,2,0,1,,sacks=unknown; int=nfl.com team totals; fr=unknown; tds=pfr; sfty=nfl.com team totals (incl. team safeties); blk=unknown
1979,GNB,Green Bay Packers,,18,,1,1,0,,sacks=unknown; int=nfl.com team totals; fr=unknown; tds=pfr; sfty=nfl.com team totals (incl. team safeties); blk=unknown
1979,HOU,Houston Oilers,,34,,2,0,0,,sacks=unknown; int=nfl.com team totals; fr=unknown; tds=pfr; sfty=nfl.com team totals (incl. team safeties); blk=unknown
1979,KAN,Kansas City Chiefs,,23,,1,2,0,,sacks=unknown; int=nfl.com team totals; fr=unknown; tds=pfr; sfty=nfl.com team totals (incl. team safeties); blk=unknown
1979,MIA,Miami Dolphins,,23,,0,1,1,,sacks=unknown; int=nfl.com team totals; fr=unknown; tds=pfr; sfty=nfl.com team totals (incl. team safeties); blk=unknown
1979,MIN,Minnesota Vikings,,22,,0,0,0,,sacks=unknown; int=nfl.com team totals; fr=unknown; tds=pfr; sfty=nfl.com team totals (incl. team safeties); blk=unknown
1979,NOR,New Orleans Saints,,26,,2,0,1,,sacks=unknown; int=nfl.com team totals; fr=unknown; tds=pfr; sfty=nfl.com team totals (incl. team safeties); blk=unknown
1979,NWE,New England Patriots,,20,,1,2,1,,sacks=unknown; int=nfl.com team totals; fr=unknown; tds=pfr; sfty=nfl.com team totals (incl. team safeties); blk=unknown
1979,NYG,New York Giants,,21,,2,1,1,,sacks=unknown; int=nfl.com team totals; fr=unknown; tds=pfr; sfty=nfl.com team totals (incl. team safeties); blk=unknown
1979,NYJ,New York Jets,,21,,2,1,1,,sacks=unknown; int=nfl.com team totals; fr=unknown; tds=pfr; sfty=nfl.com team totals (incl. team safeties); blk=unknown
1979,OAK,Oakland Raiders,,24,,4,1,0,,sacks=unknown; int=nfl.com team totals; fr=unknown; tds=pfr; sfty=nfl.com team totals (incl. team safeties); blk=unknown
1979,PHI,Philadelphia Eagles,,22,,0,1,0,,sacks=unknown; int=nfl.com team totals; fr=unknown; tds=pfr; sfty=nfl.com team totals (incl. team safeties); blk=unknown
1979,PIT,Pittsburgh Steelers,,27,,1,0,0,,sacks=unknown; int=nfl.com team totals; fr=unknown; tds=pfr; sfty=nfl.com team totals (incl. team safeties); blk=unknown
1979,RAM,Los Angeles Rams,,25,,3,3,1,,sacks=unknown; int=nfl.com team totals; fr=unknown; tds=pfr; sfty=nfl.com team totals (incl. team safeties); blk=unknown
1979,SDG,San Diego Chargers,,28,,3,0,2,,sacks=unknown; int=nfl.com team totals; fr=unknown; tds=pfr; sfty=nfl.com team totals (incl. team safeties); blk=unknown
1979,SEA,Seattle Seahawks,,17,,2,0,1,,sacks=unknown; int=nfl.com team totals; fr=unknown; tds=pfr; sfty=nfl.com team totals (incl. team safeties); blk=unknown
1979,SFO,San Francisco 49ers,,15,,0,1,0,,sacks=unknown; int=nfl.com team totals; fr=unknown; tds=pfr; sfty=nfl.com team totals (incl. team safeties); blk=unknown
1979,STL,St. Louis Cardinals,,18,,3,1,0,,sacks=unknown; int=nfl.com team totals; fr=unknown; tds=pfr; sfty=nfl.com team totals (incl. team safeties); blk=unknown
1979,TAM,Tampa Bay Buccaneers,,14,,3,0,0,,sacks=unknown; int=nfl.com team totals; fr=unknown; tds=pfr; sfty=nfl.com team totals (incl. team safeties); blk=unknown
1979,WAS,Washington Redskins,,26,,2,0,0,,sacks=unknown; int=nfl.com team totals; fr=unknown; tds=pfr; sfty=nfl.com team totals (incl. team safeties); blk=unknown
1980,ATL,Atlanta Falcons,46,26,16,3,1,1,,sacks=pfr team totals; int=pfr; fr=pfr (opponent fumbles lost); tds=pfr; sfty=nfl.com team totals (incl. team safeties); blk=unknown
1980,BAL,Baltimore Colts,30,17,17,1,0,0,,sacks=pfr team totals; int=pfr; fr=pfr (opponent fumbles lost); tds=pfr; sfty=nfl.com team totals (incl. team safeties); blk=unknown
1980,BUF,Buffalo Bills,33,24,20,2,1,2,,sacks=pfr team totals; int=pfr; fr=pfr (opponent fumbles lost); tds=pfr; sfty=nfl.com team totals (incl. team safeties); blk=unknown
1980,CHI,Chicago Bears,46,17,14,2,1,1,,sacks=pfr team totals; int=pfr; fr=pfr (opponent fumbles lost); tds=pfr; sfty=nfl.com team totals (incl. team safeties); blk=unknown
1980,CIN,Cincinnati Bengals,35,20,22,2,0,2,,sacks=pfr team totals; int=pfr; fr=pfr (opponent fumbles lost); tds=pfr; sfty=nfl.com team totals (incl. team safeties); blk=unknown
1980,CLE,Cleveland Browns,32,22,10,0,0,0,,sacks=pfr team totals; int=pfr; fr=pfr (opponent fumbles lost); tds=pfr; sfty=nfl.com team totals (incl. team safeties); blk=unknown
1980,DAL,Dallas Cowboys,43,27,20,4,0,1,,sacks=pfr team totals; int=pfr; fr=pfr (opponent fumbles lost); tds=pfr; sfty=nfl.com team totals (incl. team safeties); blk=unknown
1980,DEN,Denver Broncos,39,16,12,3,0,1,,sacks=pfr team totals; int=pfr; fr=pfr (opponent fumbles lost); tds=pfr; sfty=nfl.com team totals (incl. team safeties); blk=unknown
1980,DET,Detroit Lions,44,23,11,1,1,1,,sacks=pfr team totals; int=pfr; fr=pfr (opponent fumbles lost); tds=pfr; sfty=nfl.com team totals (incl. team safeties); blk=unknown
1980,GNB,Green Bay Packers,34,13,14,0,1,0,,sacks=pfr team totals; int=pfr; fr=pfr (opponent fumbles lost); tds=pfr; sfty=nfl.com team totals (incl. team safeties); blk=unknown
1980,HOU,Houston Oilers,34,26,13,1,0,0,,sacks=pfr team totals; int=pfr; fr=pfr (opponent fumbles lost); tds=pfr; sfty=nfl.com team totals (incl. team safeties); blk=unknown
1980,KAN,Kansas City Chiefs,37,28,15,5,2,0,,sacks=pfr team totals; int=pfr; fr=pfr (opponent fumbles lost); tds=pfr; sfty=nfl.com team totals (incl. team safeties); blk=unknown
1980,MIA,Miami Dolphins,27,28,17,1,0,0,,sacks=pfr team totals; int=pfr; fr=pfr (opponent fumbles lost); tds=pfr; sfty=nfl.com team totals (incl. team safeties); blk=unknown
1980,MIN,Minnesota Vikings,30,24,14,2,1,1,,sacks=pfr team totals; int=pfr; fr=pfr (opponent fumbles lost); tds=pfr; sfty=nfl.com team totals (incl. team safeties); blk=unknown
1980,NOR,New Orleans Saints,27,12,12,1,1,0,,sacks=pfr team totals; int=pfr; fr=pfr (opponent fumbles lost); tds=pfr; sfty=nfl.com team totals (incl. team safeties); blk=unknown
1980,NWE,New England Patriots,44,24,10,2,3,0,,sacks=pfr team totals; int=pfr; fr=pfr (opponent fumbles lost); tds=pfr; sfty=nfl.com team totals (incl. team safeties); blk=unknown
1980,NYG,New York Giants,28,18,23,0,0,0,,sacks=pfr team totals; int=pfr; fr=pfr (opponent fumbles lost); tds=pfr; sfty=nfl.com team totals (incl. team safeties); blk=unknown
1980,NYJ,New York Jets,28,23,9,3,0,1,,sacks=pfr team totals; int=pfr; fr=pfr (opponent fumbles lost); tds=pfr; sfty=nfl.com team totals (incl. team safeties); blk=unknown
1980,OAK,Oakland Raiders,54,35,17,4,2,1,,sacks=pfr team totals; int=pfr; fr=pfr (opponent fumbles lost); tds=pfr; sfty=nfl.com team totals (incl. team safeties); blk=unknown
1980,PHI,Philadelphia Eagles,44,25,10,1,0,0,,sacks=pfr team totals; int=pfr; fr=pfr (opponent fumbles lost); tds=pfr; sfty=nfl.com team totals (incl. team safeties); blk=unknown
1980,PIT,Pittsburgh Steelers,18,26,14,0,1,2,,sacks=pfr team totals; int=pfr; fr=pfr (opponent fumbles lost); tds=pfr; sfty=nfl.com team totals (incl. team safeties); blk=unknown
1980,RAM,Los Angeles Rams,56,25,17,4,2,0,,sacks=pfr team totals; int=pfr; fr=pfr (opponent fumbles lost); tds=pfr; sfty=nfl.com team totals (incl. team safeties); blk=unknown
1980,SDG,San Diego Chargers,60,20,18,2,0,0,,sacks=pfr team totals; int=pfr; fr=pfr (opponent fumbles lost); tds=pfr; sfty=nfl.com team totals (incl. team safeties); blk=unknown
1980,SEA,Seattle Seahawks,26,23,11,0,2,0,,sacks=pfr team totals; int=pfr; fr=pfr (opponent fumbles lost); tds=pfr; sfty=nfl.com team totals (incl. team safeties); blk=unknown
1980,SFO,San Francisco 49ers,31,17,17,0,3,1,,sacks=pfr team totals; int=pfr; fr=pfr (opponent fumbles lost); tds=pfr; sfty=nfl.com team totals (incl. team safeties); blk=unknown
1980,STL,St. Louis Cardinals,38,20,14,1,1,0,,sacks=pfr team totals; int=pfr; fr=pfr (opponent fumbles lost); tds=pfr; sfty=nfl.com team totals (incl. team safeties); blk=unknown
1980,TAM,Tampa Bay Buccaneers,24,15,13,3,0,0,,sacks=pfr team totals; int=pfr; fr=pfr (opponent fumbles lost); tds=pfr; sfty=nfl.com team totals (incl. team safeties); blk=unknown
1980,WAS,Washington Redskins,43,33,12,1,0,0,,sacks=pfr team totals; int=pfr; fr=pfr (opponent fumbles lost); tds=pfr; sfty=nfl.com team totals (incl. team safeties); blk=unknown
1981,ATL,Atlanta Falcons,29,25,21,6,0,0,,sacks=pfr team totals; int=pfr; fr=pfr (opponent fumbles lost); tds=pfr; sfty=nfl.com team totals (incl. team safeties); blk=unknown
1981,BAL,Baltimore Colts,13,16,14,0,0,1,,sacks=pfr team totals; int=pfr; fr=pfr (opponent fumbles lost); tds=pfr; sfty=nfl.com team totals (incl. team safeties); blk=unknown
1981,BUF,Buffalo Bills,47,19,17,0,0,2,,sacks=pfr team totals; int=pfr; fr=pfr (opponent fumbles lost); tds=pfr; sfty=nfl.com team totals (incl. team safeties); blk=unknown
1981,CHI,Chicago Bears,31,18,22,3,1,1,,sacks=pfr team totals; int=pfr; fr=pfr (opponent fumbles lost); tds=pfr; sfty=nfl.com team totals (incl. team safeties); blk=unknown
1981,CIN,Cincinnati Bengals,42,19,18,2,0,0,,sacks=pfr team totals; int=pfr; fr=pfr (opponent fumbles lost); tds=pfr; sfty=nfl.com team totals (incl. team safeties); blk=unknown
1981,CLE,Cleveland Browns,29,15,20,0,0,1,,sacks=pfr team totals; int=pfr; fr=pfr (opponent fumbles lost); tds=pfr; sfty=nfl.com team totals (incl. team safeties); blk=unknown
1981,DAL,Dallas Cowboys,42,37,16,1,0,3,,sacks=pfr team totals; int=pfr; fr=pfr (opponent fumbles lost); tds=pfr; sfty=nfl.com team totals (incl. team safeties); blk=unknown
1981,DEN,Denver Broncos,36,23,23,0,0,0,,sacks=pfr team totals; int=pfr; fr=pfr (opponent fumbles lost); tds=pfr; sfty=nfl.com team totals (incl. team safeties); blk=unknown
1981,DET,Detroit Lions,47,24,15,1,1,0,,sacks=pfr team totals; int=pfr; fr=pfr (opponent fumbles lost); tds=pfr; sfty=nfl.com team totals (incl. team safeties); blk=unknown
1981,GNB,Green Bay Packers,36,30,24,1,1,0,,sacks=pfr team totals; int=pfr; fr=pfr (opponent fumbles lost); tds=pfr; sfty=nfl.com team totals (incl. team safeties); blk=unknown
1981,HOU,Houston Oilers,33,18,13,0,2,0,,sacks=pfr team totals; int=pfr; fr=pfr (opponent fumbles lost); tds=pfr; sfty=nfl.com team totals (incl. team safeties); blk=unknown
1981,KAN,Kansas City Chiefs,27,26,21,4,0,0,,sacks=pfr team totals; int=pfr; fr=pfr (opponent fumbles lost); tds=pfr; sfty=nfl.com team totals (incl. team safeties); blk=unknown
1981,MIA,Miami Dolphins,38,18,15,1,2,1,,sacks=pfr team totals; int=pfr; fr=pfr (opponent fumbles lost); tds=pfr; sfty=nfl.com team totals (incl. team safeties); blk=unknown
1981,MIN,Minnesota Vikings,33,16,19,1,1,3,,sacks=pfr team totals; int=pfr; fr=pfr (opponent fumbles lost); tds=pfr; sfty=nfl.com team totals (incl. team safeties); blk=unknown
1981,NOR,New Orleans Saints,27,17,17,0,0,0,,sacks=pfr team totals; int=pfr; fr=pfr (opponent fumbles lost); tds=pfr; sfty=nfl.com team totals (incl. team safeties); blk=unknown
1981,NWE,New England Patriots,20,16,17,0,0,0,,sacks=pfr team totals; int=pfr; fr=pfr (opponent fumbles lost); tds=pfr; sfty=nfl.com team totals (incl. team safeties); blk=unknown
1981,NYG,New York Giants,44,17,17,4,1,0,,sacks=pfr team totals; int=pfr; fr=pfr (opponent fumbles lost); tds=pfr; sfty=nfl.com team totals (incl. team safeties); blk=unknown
1981,NYJ,New York Jets,66,21,15,2,0,1,,sacks=pfr team totals; int=pfr; fr=pfr (opponent fumbles lost); tds=pfr; sfty=nfl.com team totals (incl. team safeties); blk=unknown
1981,OAK,Oakland Raiders,52,13,19,3,1,3,,sacks=pfr team totals; int=pfr; fr=pfr (opponent fumbles lost); tds=pfr; sfty=nfl.com team totals (incl. team safeties); blk=unknown
1981,PHI,Philadelphia Eagles,40,26,21,2,0,1,,sacks=pfr team totals; int=pfr; fr=pfr (opponent fumbles lost); tds=pfr; sfty=nfl.com team totals (incl. team safeties); blk=unknown
1981,PIT,Pittsburgh Steelers,40,30,16,1,0,0,,sacks=pfr team totals; int=pfr; fr=pfr (opponent fumbles lost); tds=pfr; sfty=nfl.com team totals (incl. team safeties); blk=unknown
1981,RAM,Los Angeles Rams,43,17,16,1,3,0,,sacks=pfr team totals; int=pfr; fr=pfr (opponent fumbles lost); tds=pfr; sfty=nfl.com team totals (incl. team safeties); blk=unknown
1981,SDG,San Diego Chargers,47,23,18,1,0,0,,sacks=pfr team totals; int=pfr; fr=pfr (opponent fumbles lost); tds=pfr; sfty=nfl.com team totals (incl. team safeties); blk=unknown
1981,SEA,Seattle Seahawks,36,21,27,5,0,0,,sacks=pfr team totals; int=pfr; fr=pfr (opponent fumbles lost); tds=pfr; sfty=nfl.com team totals (incl. team safeties); blk=unknown
1981,SFO,San Francisco 49ers,36,27,21,5,1,0,,sacks=pfr team totals; int=pfr; fr=pfr (opponent fumbles lost); tds=pfr; sfty=nfl.com team totals (incl. team safeties); blk=unknown
1981,STL,St. Louis Cardinals,32,21,17,1,1,0,,sacks=pfr team totals; int=pfr; fr=pfr (opponent fumbles lost); tds=pfr; sfty=nfl.com team totals (incl. team safeties); blk=unknown
1981,TAM,Tampa Bay Buccaneers,23,32,14,5,0,0,,sacks=pfr team totals; int=pfr; fr=pfr (opponent fumbles lost); tds=pfr; sfty=nfl.com team totals (incl. team safeties); blk=unknown
1981,WAS,Washington Redskins,32,24,15,2,2,0,,sacks=pfr team totals; int=pfr; fr=pfr (opponent fumbles lost); tds=pfr; sfty=nfl.com team totals (incl. team safeties); blk=unknown
1982,ATL,Atlanta Falcons,18,10,15,1,0,0,,sacks=pfr team totals; int=pfr; fr=pfr (opponent fumbles lost); tds=pfr; sfty=nfl.com team totals (incl. team safeties); blk=unknown
1982,BAL,Baltimore Colts,11,5,6,1,0,0,,sacks=pfr team totals; int=pfr; fr=pfr (opponent fumbles lost); tds=pfr; sfty=nfl.com team totals (incl. team safeties); blk=unknown
1982,BUF,Buffalo Bills,12,13,8,0,0,0,,sacks=pfr team totals; int=pfr; fr=pfr (opponent fumbles lost); tds=pfr; sfty=nfl.com team totals (incl. team safeties); blk=unknown
1982,CHI,Chicago Bears,30,13,7,1,0,1,,sacks=pfr team totals; int=pfr; fr=pfr (opponent fumbles lost); tds=pfr; sfty=nfl.com team totals (incl. team safeties); blk=unknown
1982,CIN,Cincinnati Bengals,22,14,6,2,0,1,,sacks=pfr team totals; int=pfr; fr=pfr (opponent fumbles lost); tds=pfr; sfty=nfl.com team totals (incl. team safeties); blk=unknown
1982,CLE,Cleveland Browns,22,17,11,1,0,0,,sacks=pfr team totals; int=pfr; fr=pfr (opponent fumbles lost); tds=pfr; sfty=nfl.com team totals (incl. team safeties); blk=unknown
1982,DAL,Dallas Cowboys,32,15,10,2,0,0,,sacks=pfr team totals; int=pfr; fr=pfr (opponent fumbles lost); tds=pfr; sfty=nfl.com team totals (incl. team safeties); blk=unknown
1982,DEN,Denver Broncos,16,12,7,0,2,2,,sacks=pfr team totals; int=pfr; fr=pfr (opponent fumbles lost); tds=pfr; sfty=nfl.com team totals (incl. team safeties); blk=unknown
1982,DET,Detroit Lions,32,18,8,1,1,0,,sacks=pfr team totals; int=pfr; fr=pfr (opponent fumbles lost); tds=pfr; sfty=nfl.com team totals (incl. team safeties); blk=unknown
1982,GNB,Green Bay Packers,20,12,11,1,0,0,,sacks=pfr team totals; int=pfr; fr=pfr (opponent fumbles lost); tds=pfr; sfty=nfl.com team totals (incl. team safeties); blk=unknown
1982,HOU,Houston Oilers,31,3,14,1,0,0,,sacks=pfr team totals; int=pfr; fr=pfr (opponent fumbles lost); tds=pfr; sfty=nfl.com team totals (incl. team safeties); blk=unknown
1982,KAN,Kansas City Chiefs,15,12,10,3,1,0,,sacks=pfr team totals; int=pfr; fr=pfr (opponent fumbles lost); tds=pfr; sfty=nfl.com team totals (incl. team safeties); blk=unknown
1982,MIA,Miami Dolphins,29,19,8,2,1,0,,sacks=pfr team totals; int=pfr; fr=pfr (opponent fumbles lost); tds=pfr; sfty=nfl.com team totals (incl. team safeties); blk=unknown
1982,MIN,Minnesota Vikings,30,12,9,2,0,1,,sacks=pfr team totals; int=pfr; fr=pfr (opponent fumbles lost); tds=pfr; sfty=nfl.com team totals (incl. team safeties); blk=unknown
1982,NOR,New Orleans Saints,31,9,13,0,0,0,,sacks=pfr team totals; int=pfr; fr=pfr (opponent fumbles lost); tds=pfr; sfty=nfl.com team totals (incl. team safeties); blk=unknown
1982,NWE,New England Patriots,20,12,11,1,1,1,,sacks=pfr team totals; int=pfr; fr=pfr (opponent fumbles lost); tds=pfr; sfty=nfl.com team totals (incl. team safeties); blk=unknown
1982,NYG,New York Giants,31,12,6,1,0,1,,sacks=pfr team totals; int=pfr; fr=pfr (opponent fumbles lost); tds=pfr; sfty=nfl.com team totals (incl. team safeties); blk=unknown
1982,NYJ,New York Jets,20,17,9,2,0,0,,sacks=pfr team totals; int=pfr; fr=pfr (opponent fumbles lost); tds=pfr; sfty=nfl.com team totals (incl. team safeties); blk=unknown
1982,PHI,Philadelphia Eagles,30,15,12,2,0,0,,sacks=pfr team totals; int=pfr; fr=pfr (opponent fumbles lost); tds=pfr; sfty=nfl.com team totals (incl. team safeties); blk=unknown
1982,PIT,Pittsburgh Steelers,34,17,8,0,1,1,,sacks=pfr team totals; int=pfr; fr=pfr (opponent fumbles lost); tds=pfr; sfty=nfl.com team totals (incl. team safeties); blk=unknown
1982,RAI,Los Angeles Raiders,38,18,11,4,0,0,,sacks=pfr team totals; int=pfr; fr=pfr (opponent fumbles lost); tds=pfr; sfty=nfl.com team totals (incl. team safeties); blk=unknown
1982,RAM,Los Angeles Rams,18,11,7,0,1,0,,sacks=pfr team totals; int=pfr; fr=pfr (opponent fumbles lost); tds=pfr; sfty=nfl.com team totals (incl. team safeties); blk=unknown
1982,SDG,San Diego Chargers,19,13,12,0,0,2,,sacks=pfr team totals; int=pfr; fr=pfr (opponent fumbles lost); tds=pfr; sfty=nfl.com team totals (incl. team safeties); blk=unknown
1982,SEA,Seattle Seahawks,17,13,9,1,0,0,,sacks=pfr team totals; int=pfr; fr=pfr (opponent fumbles lost); tds=pfr; sfty=nfl.com team totals (incl. team safeties); blk=unknown
1982,SFO,San Francisco 49ers,15,9,4,1,1,0,,sacks=pfr team totals; int=pfr; fr=pfr (opponent fumbles lost); tds=pfr; sfty=nfl.com team totals (incl. team safeties); blk=unknown
1982,STL,St. Louis Cardinals,23,6,9,0,0,0,,sacks=pfr team totals; int=pfr; fr=pfr (opponent fumbles lost); tds=pfr; sfty=nfl.com team totals (incl. team safeties); blk=unknown
1982,TAM,Tampa Bay Buccaneers,25,11,10,0,0,0,,sacks=pfr team totals; int=pfr; fr=pfr (opponent fumbles lost); tds=pfr; sfty=nfl.com team totals (incl. team safeties); blk=unknown
1982,WAS,Washington Redskins,32,11,13,0,1,0,,sacks=pfr team totals; int=pfr; fr=pfr (opponent fumbles lost); tds=pfr; sfty=nfl.com team totals (incl. team safeties); blk=unknown
1983,ATL,Atlanta Falcons,31,15,15,4,1,0,,sacks=pfr team totals; int=pfr; fr=pfr (opponent fumbles lost); tds=pfr; sfty=nfl.com team totals (incl. team safeties); blk=unknown
1983,BAL,Baltimore Colts,41,20,16,3,0,1,,sacks=pfr team totals; int=pfr; fr=pfr (opponent fumbles lost); tds=pfr; sfty=nfl.com team totals (incl. team safeties); blk=unknown
1983,BUF,Buffalo Bills,32,13,18,2,0,0,,sacks=pfr team totals; int=pfr; fr=pfr (opponent fumbles lost); tds=pfr; sfty=nfl.com team totals (incl. team safeties); blk=unknown
1983,CHI,Chicago Bears,51,21,17,3,1,0,,sacks=pfr team totals; int=pfr; fr=pfr (opponent fumbles lost); tds=pfr; sfty=nfl.com team totals (incl. team safeties); blk=unknown
1983,CIN,Cincinnati Bengals,41,23,16,5,0,0,,sacks=pfr team totals; int=pfr; fr=pfr (opponent fumbles lost); tds=pfr; sfty=nfl.com team totals (incl. team safeties); blk=unknown
1983,CLE,Cleveland Browns,32,22,10,2,0,0,,sacks=pfr team totals; int=pfr; fr=pfr (opponent fumbles lost); tds=pfr; sfty=nfl.com team totals (incl. team safeties); blk=unknown
1983,DAL,Dallas Cowboys,57,27,21,5,2,1,,sacks=pfr team totals; int=pfr; fr=pfr (opponent fumbles lost); tds=pfr; sfty=nfl.com team totals (incl. team safeties); blk=unknown
1983,DEN,Denver Broncos,38,27,20,1,1,1,,sacks=pfr team totals; int=pfr; fr=pfr (opponent fumbles lost); tds=pfr; sfty=nfl.com team totals (incl. team safeties); blk=unknown
1983,DET,Detroit Lions,43,22,15,0,1,3,,sacks=pfr team totals; int=pfr; fr=pfr (opponent fumbles lost); tds=pfr; sfty=nfl.com team totals (incl. team safeties); blk=unknown
1983,GNB,Green Bay Packers,41,19,12,3,1,1,,sacks=pfr team totals; int=pfr; fr=pfr (opponent fumbles lost); tds=pfr; sfty=nfl.com team totals (incl. team safeties); blk=unknown
1983,HOU,Houston Oilers,31,14,15,0,2,0,,sacks=pfr team totals; int=pfr; fr=pfr (opponent fumbles lost); tds=pfr; sfty=nfl.com team totals (incl. team safeties); blk=unknown
1983,KAN,Kansas City Chiefs,35,30,21,3,0,0,,sacks=pfr team totals; int=pfr; fr=pfr (opponent fumbles lost); tds=pfr; sfty=nfl.com team totals (incl. team safeties); blk=unknown
1983,MIA,Miami Dolphins,49,26,17,3,1,1,,sacks=pfr team totals; int=pfr; fr=pfr (opponent fumbles lost); tds=pfr; sfty=nfl.com team totals (incl. team safeties); blk=unknown
1983,MIN,Minnesota Vikings,47,25,23,1,1,2,,sacks=pfr team totals; int=pfr; fr=pfr (opponent fumbles lost); tds=pfr; sfty=nfl.com team totals (incl. team safeties); blk=unknown
1983,NOR,New Orleans Saints,56,23,16,3,0,0,,sacks=pfr team totals; int=pfr; fr=pfr (opponent fumbles lost); tds=pfr; sfty=nfl.com team totals (incl. team safeties); blk=unknown
1983,NWE,New England Patriots,39,17,19,1,0,0,,sacks=pfr team totals; int=pfr; fr=pfr (opponent fumbles lost); tds=pfr; sfty=nfl.com team totals (incl. team safeties); blk=unknown
1983,NYG,New York Giants,44,23,13,2,0,1,,sacks=pfr team totals; int=pfr; fr=pfr (opponent fumbles lost); tds=pfr; sfty=nfl.com team totals (incl. team safeties); blk=unknown
1983,NYJ,New York Jets,48,22,14,4,2,0,,sacks=pfr team totals; int=pfr; fr=pfr (opponent fumbles lost); tds=pfr; sfty=nfl.com team totals (incl. team safeties); blk=unknown
1983,PHI,Philadelphia Eagles,36,8,15,0,0,1,,sacks=pfr team totals; int=pfr; fr=pfr (opponent fumbles lost); tds=pfr; sfty=nfl.com team totals (incl. team safeties); blk=unknown
1983,PIT,Pittsburgh Steelers,50,28,17,7,0,1,,sacks=pfr team totals; int=pfr; fr=pfr (opponent fumbles lost); tds=pfr; sfty=nfl.com team totals (incl. team safeties); blk=unknown
1983,RAI,Los Angeles Raiders,57,20,16,3,1,2,,sacks=pfr team totals; int=pfr; fr=pfr (opponent fumbles lost); tds=pfr; sfty=nfl.com team totals (incl. team safeties); blk=unknown
1983,RAM,Los Angeles Rams,33,24,20,3,1,2,,sacks=pfr team totals; int=pfr; fr=pfr (opponent fumbles lost); tds=pfr; sfty=nfl.com team totals (incl. team safeties); blk=unknown
1983,SDG,San Diego Chargers,31,16,17,1,1,0,,sacks=pfr team totals; int=pfr; fr=pfr (opponent fumbles lost); tds=pfr; sfty=nfl.com team totals (incl. team safeties); blk=unknown
1983,SEA,Seattle Seahawks,43,26,28,4,2,0,,sacks=pfr team totals; int=pfr; fr=pfr (opponent fumbles lost); tds=pfr; sfty=nfl.com team totals (incl. team safeties); blk=unknown
1983,SFO,San Francisco 49ers,57,24,18,6,1,0,,sacks=pfr team totals; int=pfr; fr=pfr (opponent fumbles lost); tds=pfr; sfty=nfl.com team totals (incl. team safeties); blk=unknown
1983,STL,St. Louis Cardinals,59,28,20,3,0,1,,sacks=pfr team totals; int=pfr; fr=pfr (opponent fumbles lost); tds=pfr; sfty=nfl.com team totals (incl. team safeties); blk=unknown
1983,TAM,Tampa Bay Buccaneers,42,23,18,4,0,0,,sacks=pfr team totals; int=pfr; fr=pfr (opponent fumbles lost); tds=pfr; sfty=nfl.com team totals (incl. team safeties); blk=unknown
1983,WAS,Washington Redskins,51,34,27,3,0,1,,sacks=pfr team totals; int=pfr; fr=pfr (opponent fumbles lost); tds=pfr; sfty=nfl.com team totals (incl. team safeties); blk=unknown
1984,ATL,Atlanta Falcons,38,12,20,1,0,2,,sacks=pfr team totals; int=pfr; fr=pfr (opponent fumbles lost); tds=pfr; sfty=nfl.com team totals (incl. team safeties); blk=unknown
1984,BUF,Buffalo Bills,26,16,21,2,2,0,,sacks=pfr team totals; int=pfr; fr=pfr (opponent fumbles lost); tds=pfr; sfty=nfl.com team totals (incl. team safeties); blk=unknown
1984,CHI,Chicago Bears,72,21,13,1,0,1,,sacks=pfr team totals; int=pfr; fr=pfr (opponent fumbles lost); tds=pfr; sfty=nfl.com team totals (incl. team safeties); blk=unknown
1984,CIN,Cincinnati Bengals,40,25,15,4,0,1,,sacks=pfr team totals; int=pfr; fr=pfr (opponent fumbles lost); tds=pfr; sfty=nfl.com team totals (incl. team safeties); blk=unknown
1984,CLE,Cleveland Browns,43,20,15,0,0,0,,sacks=pfr team totals; int=pfr; fr=pfr (opponent fumbles lost); tds=pfr; sfty=nfl.com team totals (incl. team safeties); blk=unknown
1984,DAL,Dallas Cowboys,57,28,16,3,0,1,,sacks=pfr team totals; int=pfr; fr=pfr (opponent fumbles lost); tds=pfr; sfty=nfl.com team totals (incl. team safeties); blk=unknown
1984,DEN,Denver Broncos,57,31,24,8,0,0,,sacks=pfr team totals; int=pfr; fr=pfr (opponent fumbles lost); tds=pfr; sfty=nfl.com team totals (incl. team safeties); blk=unknown
1984,DET,Detroit Lions,37,14,11,0,0,0,,sacks=pfr team totals; int=pfr; fr=pfr (opponent fumbles lost); tds=pfr; sfty=nfl.com team totals (incl. team safeties); blk=unknown
1984,GNB,Green Bay Packers,44,27,15,2,1,0,,sacks=pfr team totals; int=pfr; fr=pfr (opponent fumbles lost); tds=pfr; sfty=nfl.com team totals (incl. team safeties); blk=unknown
1984,HOU,Houston Oilers,32,13,11,1,0,0,,sacks=pfr team totals; int=pfr; fr=pfr (opponent fumbles lost); tds=pfr; sfty=nfl.com team totals (incl. team safeties); blk=unknown
1984,IND,Indianapolis Colts,42,18,13,1,1,1,,sacks=pfr team totals; int=pfr; fr=pfr (opponent fumbles lost); tds=pfr; sfty=nfl.com team totals (incl. team safeties); blk=unknown
1984,KAN,Kansas City Chiefs,50,30,11,2,0,0,,sacks=pfr team totals; int=pfr; fr=pfr (opponent fumbles lost); tds=pfr; sfty=nfl.com team totals (incl. team safeties); blk=unknown
1984,MIA,Miami Dolphins,42,24,12,3,0,0,,sacks=pfr team totals; int=pfr; fr=pfr (opponent fumbles lost); tds=pfr; sfty=nfl.com team totals (incl. team safeties); blk=unknown
1984,MIN,Minnesota Vikings,25,11,18,3,0,0,,sacks=pfr team totals; int=pfr; fr=pfr (opponent fumbles lost); tds=pfr; sfty=nfl.com team totals (incl. team safeties); blk=unknown
1984,NOR,New Orleans Saints,55,13,10,4,0,0,,sacks=pfr team totals; int=pfr; fr=pfr (opponent fumbles lost); tds=pfr; sfty=nfl.com team totals (incl. team safeties); blk=unknown
1984,NWE,New England Patriots,55,17,8,0,0,1,,sacks=pfr team totals; int=pfr; fr=pfr (opponent fumbles lost); tds=pfr; sfty=nfl.com team totals (incl. team safeties); blk=unknown
1984,NYG,New York Giants,48,19,16,1,1,0,,sacks=pfr team totals; int=pfr; fr=pfr (opponent fumbles lost); tds=pfr; sfty=nfl.com team totals (incl. team safeties); blk=unknown
1984,NYJ,New York Jets,44,15,18,2,1,1,,sacks=pfr team totals; int=pfr; fr=pfr (opponent fumbles lost); tds=pfr; sfty=nfl.com team totals (incl. team safeties); blk=unknown
1984,PHI,Philadelphia Eagles,60,20,11,0,2,0,,sacks=pfr team totals; int=pfr; fr=pfr (opponent fumbles lost); tds=pfr; sfty=nfl.com team totals (incl. team safeties); blk=unknown
1984,PIT,Pittsburgh Steelers,47,31,11,6,1,0,,sacks=pfr team totals; int=pfr; fr=pfr (opponent fumbles lost); tds=pfr; sfty=nfl.com team totals (incl. team safeties); blk=unknown
1984,RAI,Los Angeles Raiders,64,20,14,3,1,2,,sacks=pfr team totals; int=pfr; fr=pfr (opponent fumbles lost); tds=pfr; sfty=nfl.com team totals (incl. team safeties); blk=unknown
1984,RAM,Los Angeles Rams,43,17,22,3,3,3,,sacks=pfr team totals; int=pfr; fr=pfr (opponent fumbles lost); tds=pfr; sfty=nfl.com team totals (incl. team safeties); blk=unknown
1984,SDG,San Diego Chargers,33,19,17,4,1,0,,sacks=pfr team totals; int=pfr; fr=pfr (opponent fumbles lost); tds=pfr; sfty=nfl.com team totals (incl. team safeties); blk=unknown
1984,SEA,Seattle Seahawks,55,38,25,8,1,1,,sacks=pfr team totals; int=pfr; fr=pfr (opponent fumbles lost); tds=pfr; sfty=nfl.com team totals (incl. team safeties); blk=unknown
1984,SFO,San Francisco 49ers,51,25,13,3,1,1,,sacks=pfr team totals; int=pfr; fr=pfr (opponent fumbles lost); tds=pfr; sfty=nfl.com team totals (incl. team safeties); blk=unknown
1984,STL,St. Louis Cardinals,55,21,12,2,0,0,,sacks=pfr team totals; int=pfr; fr=pfr (opponent fumbles lost); tds=pfr; sfty=nfl.com team totals (incl. team safeties); blk=unknown
1984,TAM,Tampa Bay Buccaneers,32,18,14,1,0,0,,sacks=pfr team totals; int=pfr; fr=pfr (opponent fumbles lost); tds=pfr; sfty=nfl.com team totals (incl. team safeties); blk=unknown
1984,WAS,Washington Redskins,66,21,22,6,0,0,,sacks=pfr team totals; int=pfr; fr=pfr (opponent fumbles lost); tds=pfr; sfty=nfl.com team totals (incl. team safeties); blk=unknown
1985,ATL,Atlanta Falcons,42,22,12,2,1,0,,sacks=pfr team totals; int=pfr; fr=pfr (opponent fumbles lost); tds=pfr; sfty=nfl.com team totals (incl. team safeties); blk=unknown
1985,BUF,Buffalo Bills,25,20,15,1,0,0,,sacks=pfr team totals; int=pfr; fr=pfr (opponent fumbles lost); tds=pfr; sfty=nfl.com team totals (incl. team safeties); blk=unknown
1985,CHI,Chicago Bears,64,34,20,5,2,3,,sacks=pfr team totals; int=pfr; fr=pfr (opponent fumbles lost); tds=pfr; sfty=nfl.com team totals (incl. team safeties); blk=unknown
1985,CIN,Cincinnati Bengals,40,19,19,2,0,1,,sacks=pfr team totals; int=pfr; fr=pfr (opponent fumbles lost); tds=pfr; sfty=nfl.com team totals (incl. team safeties); blk=unknown
1985,CLE,Cleveland Browns,44,18,9,1,1,0,,sacks=pfr team totals; int=pfr; fr=pfr (opponent fumbles lost); tds=pfr; sfty=nfl.com team totals (incl. team safeties); blk=unknown
1985,DAL,Dallas Cowboys,62,33,15,4,1,0,,sacks=pfr team totals; int=pfr; fr=pfr (opponent fumbles lost); tds=pfr; sfty=nfl.com team totals (incl. team safeties); blk=unknown
1985,DEN,Denver Broncos,47,24,12,1,1,0,,sacks=pfr team totals; int=pfr; fr=pfr (opponent fumbles lost); tds=pfr; sfty=nfl.com team totals (incl. team safeties); blk=unknown
1985,DET,Detroit Lions,45,18,18,0,1,0,,sacks=pfr team totals; int=pfr; fr=pfr (opponent fumbles lost); tds=pfr; sfty=nfl.com team totals (incl. team safeties); blk=unknown
1985,GNB,Green Bay Packers,48,15,25,3,0,1,,sacks=pfr team totals; int=pfr; fr=pfr (opponent fumbles lost); tds=pfr; sfty=nfl.com team totals (incl. team safeties); blk=unknown
1985,HOU,Houston Oilers,41,15,20,0,1,0,,sacks=pfr team totals; int=pfr; fr=pfr (opponent fumbles lost); tds=pfr; sfty=nfl.com team totals (incl. team safeties); blk=unknown
1985,IND,Indianapolis Colts,36,16,17,1,1,1,,sacks=pfr team totals; int=pfr; fr=pfr (opponent fumbles lost); tds=pfr; sfty=nfl.com team totals (incl. team safeties); blk=unknown
1985,KAN,Kansas City Chiefs,37,27,14,2,0,0,,sacks=pfr team totals; int=pfr; fr=pfr (opponent fumbles lost); tds=pfr; sfty=nfl.com team totals (incl. team safeties); blk=unknown
1985,MIA,Miami Dolphins,38,23,18,2,0,0,,sacks=pfr team totals; int=pfr; fr=pfr (opponent fumbles lost); tds=pfr; sfty=nfl.com team totals (incl. team safeties); blk=unknown
1985,MIN,Minnesota Vikings,33,22,22,2,0,1,,sacks=pfr team totals; int=pfr; fr=pfr (opponent fumbles lost); tds=pfr; sfty=nfl.com team totals (incl. team safeties); blk=unknown
1985,NOR,New Orleans Saints,46,21,16,4,1,0,,sacks=pfr team totals; int=pfr; fr=pfr (opponent fumbles lost); tds=pfr; sfty=nfl.com team totals (incl. team safeties); blk=unknown
1985,NWE,New England Patriots,51,23,24,3,2,2,,sacks=pfr team totals; int=pfr; fr=pfr (opponent fumbles lost); tds=pfr; sfty=nfl.com team totals (incl. team safeties); blk=unknown
1985,NYG,New York Giants,68,24,13,2,0,0,,sacks=pfr team totals; int=pfr; fr=pfr (opponent fumbles lost); tds=pfr; sfty=nfl.com team totals (incl. team safeties); blk=unknown
1985,NYJ,New York Jets,49,22,20,2,0,1,,sacks=pfr team totals; int=pfr; fr=pfr (opponent fumbles lost); tds=pfr; sfty=nfl.com team totals (incl. team safeties); blk=unknown
1985,PHI,Philadelphia Eagles,53,18,14,2,0,1,,sacks=pfr team totals; int=pfr; fr=pfr (opponent fumbles lost); tds=pfr; sfty=nfl.com team totals (incl. team safeties); blk=unknown
1985,PIT,Pittsburgh Steelers,36,20,14,1,2,0,,sacks=pfr team totals; int=pfr; fr=pfr (opponent fumbles lost); tds=pfr; sfty=nfl.com team totals (incl. team safeties); blk=unknown
1985,RAI,Los Angeles Raiders,65,17,13,4,0,1,,sacks=pfr team totals; int=pfr; fr=pfr (opponent fumbles lost); tds=pfr; sfty=nfl.com team totals (incl. team safeties); blk=unknown
1985,RAM,Los Angeles Rams,56,29,17,4,4,1,,sacks=pfr team totals; int=pfr; fr=pfr (opponent fumbles lost); tds=pfr; sfty=nfl.com team totals (incl. team safeties); blk=unknown
1985,SDG,San Diego Chargers,40,26,16,2,1,0,,sacks=pfr team totals; int=pfr; fr=pfr (opponent fumbles lost); tds=pfr; sfty=nfl.com team totals (incl. team safeties); blk=unknown
1985,SEA,Seattle Seahawks,61,24,20,4,3,1,,sacks=pfr team totals; int=pfr; fr=pfr (opponent fumbles lost); tds=pfr; sfty=nfl.com team totals (incl. team safeties); blk=unknown
1985,SFO,San Francisco 49ers,60,18,17,3,1,1,,sacks=pfr team totals; int=pfr; fr=pfr (opponent fumbles lost); tds=pfr; sfty=nfl.com team totals (incl. team safeties); blk=unknown
1985,STL,St. Louis Cardinals,32,13,14,1,0,1,,sacks=pfr team totals; int=pfr; fr=pfr (opponent fumbles lost); tds=pfr; sfty=nfl.com team totals (incl. team safeties); blk=unknown
1985,TAM,Tampa Bay Buccaneers,35,18,22,0,0,0,,sacks=pfr team totals; int=pfr; fr=pfr (opponent fumbles lost); tds=pfr; sfty=nfl.com team totals (incl. team safeties); blk=unknown
1985,WAS,Washington Redskins,52,23,11,0,0,1,,sacks=pfr team totals; int=pfr; fr=pfr (opponent fumbles lost); tds=pfr; sfty=nfl.com team totals (incl. team safeties); blk=unknown
1986,ATL,Atlanta Falcons,26,22,14,4,0,1,,sacks=pfr team totals; int=pfr; fr=pfr (opponent fumbles lost); tds=pfr; sfty=nfl.com team totals (incl. team safeties); blk=unknown
1986,BUF,Buffalo Bills,36,10,8,1,1,0,,sacks=pfr team totals; int=pfr; fr=pfr (opponent fumbles lost); tds=pfr; sfty=nfl.com team totals (incl. team safeties); blk=unknown
1986,CHI,Chicago Bears,62,31,16,2,3,2,,sacks=pfr team totals; int=pfr; fr=pfr (opponent fumbles lost); tds=pfr; sfty=nfl.com team totals (incl. team safeties); blk=unknown
1986,CIN,Cincinnati Bengals,42,17,11,2,0,1,,sacks=pfr team totals; int=pfr; fr=pfr (opponent fumbles lost); tds=pfr; sfty=nfl.com team totals (incl. team safeties); blk=unknown
1986,CLE,Cleveland Browns,35,18,19,1,4,0,,sacks=pfr team totals; int=pfr; fr=pfr (opponent fumbles lost); tds=pfr; sfty=nfl.com team totals (incl. team safeties); blk=unknown
1986,DAL,Dallas Cowboys,53,17,18,1,0,0,,sacks=pfr team totals; int=pfr; fr=pfr (opponent fumbles lost); tds=pfr; sfty=nfl.com team totals (incl. team safeties); blk=unknown
1986,DEN,Denver Broncos,49,18,17,4,2,2,,sacks=pfr team totals; int=pfr; fr=pfr (opponent fumbles lost); tds=pfr; sfty=nfl.com team totals (incl. team safeties); blk=unknown
1986,DET,Detroit Lions,41,22,19,0,1,0,,sacks=pfr team totals; int=pfr; fr=pfr (opponent fumbles lost); tds=pfr; sfty=nfl.com team totals (incl. team safeties); blk=unknown
1986,GNB,Green Bay Packers,28,20,12,1,2,0,,sacks=pfr team totals; int=pfr; fr=pfr (opponent fumbles lost); tds=pfr; sfty=nfl.com team totals (incl. team safeties); blk=unknown
1986,HOU,Houston Oilers,32,16,16,2,0,0,,sacks=pfr team totals; int=pfr; fr=pfr (opponent fumbles lost); tds=pfr; sfty=nfl.com team totals (incl. team safeties); blk=unknown
1986,IND,Indianapolis Colts,24,16,19,0,1,1,,sacks=pfr team totals; int=pfr; fr=pfr (opponent fumbles lost); tds=pfr; sfty=nfl.com team totals (incl. team safeties); blk=unknown
1986,KAN,Kansas City Chiefs,44,31,18,5,4,0,,sacks=pfr team totals; int=pfr; fr=pfr (opponent fumbles lost); tds=pfr; sfty=nfl.com team totals (incl. team safeties); blk=unknown
1986,MIA,Miami Dolphins,33,13,14,0,1,0,,sacks=pfr team totals; int=pfr; fr=pfr (opponent fumbles lost); tds=pfr; sfty=nfl.com team totals (incl. team safeties); blk=unknown
1986,MIN,Minnesota Vikings,38,24,18,2,1,0,,sacks=pfr team totals; int=pfr; fr=pfr (opponent fumbles lost); tds=pfr; sfty=nfl.com team totals (incl. team safeties); blk=unknown
1986,NOR,New Orleans Saints,47,26,17,1,1,0,,sacks=pfr team totals; int=pfr; fr=pfr (opponent fumbles lost); tds=pfr; sfty=nfl.com team totals (incl. team safeties); blk=unknown
1986,NWE,New England Patriots,48,21,19,3,3,1,,sacks=pfr team totals; int=pfr; fr=pfr (opponent fumbles lost); tds=pfr; sfty=nfl.com team totals (incl. team safeties); blk=unknown
1986,NYG,New York Giants,59,24,19,1,1,0,,sacks=pfr team totals; int=pfr; fr=pfr (opponent fumbles lost); tds=pfr; sfty=nfl.com team totals (incl. team safeties); blk=unknown
1986,NYJ,New York Jets,28,20,18,0,2,1,,sacks=pfr team totals; int=pfr; fr=pfr (opponent fumbles lost); tds=pfr; sfty=nfl.com team totals (incl. team safeties); blk=unknown
1986,PHI,Philadelphia Eagles,53,23,13,0,1,1,,sacks=pfr team totals; int=pfr; fr=pfr (opponent fumbles lost); tds=pfr; sfty=nfl.com team totals (incl. team safeties); blk=unknown
1986,PIT,Pittsburgh Steelers,43,20,13,1,0,1,,sacks=pfr team totals; int=pfr; fr=pfr (opponent fumbles lost); tds=pfr; sfty=nfl.com team totals (incl. team safeties); blk=unknown
1986,RAI,Los Angeles Raiders,63,26,12,2,2,1,,sacks=pfr team totals; int=pfr; fr=pfr (opponent fumbles lost); tds=pfr; sfty=nfl.com team totals (incl. team safeties); blk=unknown
1986,RAM,Los Angeles Rams,39,28,15,4,1,1,,sacks=pfr team totals; int=pfr; fr=pfr (opponent fumbles lost); tds=pfr; sfty=nfl.com team totals (incl. team safeties); blk=unknown
1986,SDG,San Diego Chargers,62,15,22,1,0,1,,sacks=pfr team totals; int=pfr; fr=pfr (opponent fumbles lost); tds=pfr; sfty=nfl.com team totals (incl. team safeties); blk=unknown
1986,SEA,Seattle Seahawks,47,22,14,1,3,0,,sacks=pfr team totals; int=pfr; fr=pfr (opponent fumbles lost); tds=pfr; sfty=nfl.com team totals (incl. team safeties); blk=unknown
1986,SFO,San Francisco 49ers,51,39,10,5,1,0,,sacks=pfr team totals; int=pfr; fr=pfr (opponent fumbles lost); tds=pfr; sfty=nfl.com team totals (incl. team safeties); blk=unknown
1986,STL,St. Louis Cardinals,41,10,12,0,2,0,,sacks=pfr team totals; int=pfr; fr=pfr (opponent fumbles lost); tds=pfr; sfty=nfl.com team totals (incl. team safeties); blk=unknown
1986,TAM,Tampa Bay Buccaneers,19,13,19,0,0,0,,sacks=pfr team totals; int=pfr; fr=pfr (opponent fumbles lost); tds=pfr; sfty=nfl.com team totals (incl. team safeties); blk=unknown
1986,WAS,Washington Redskins,55,19,9,1,0,0,,sacks=pfr team totals; int=pfr; fr=pfr (opponent fumbles lost); tds=pfr; sfty=nfl.com team totals (incl. team safeties); blk=unknown
1987,ATL,Atlanta Falcons,17,15,12,1,1,1,,sacks=pfr team totals; int=pfr; fr=pfr (opponent fumbles lost); tds=pfr; sfty=nfl.com team totals (incl. team safeties); blk=unknown
1987,BUF,Buffalo Bills,34,17,14,3,0,2,,sacks=pfr team totals; int=pfr; fr=pfr (opponent fumbles lost); tds=pfr; sfty=nfl.com team totals (incl. team safeties); blk=unknown
1987,CHI,Chicago Bears,70,13,11,2,4,0,,sacks=pfr team totals; int=pfr; fr=pfr (opponent fumbles lost); tds=pfr; sfty=nfl.com team totals (incl. team safeties); blk=unknown
1987,CIN,Cincinnati Bengals,40,14,12,0,0,1,,sacks=pfr team totals; int=pfr; fr=pfr (opponent fumbles lost); tds=pfr; sfty=nfl.com team totals (incl. team safeties); blk=unknown
1987,CLE,Cleveland Browns,34,23,13,4,0,0,,sacks=pfr team totals; int=pfr; fr=pfr (opponent fumbles lost); tds=pfr; sfty=nfl.com team totals (incl. team safeties); blk=unknown
1987,DAL,Dallas Cowboys,51,23,20,2,0,0,,sacks=pfr team totals; int=pfr; fr=pfr (opponent fumbles lost); tds=pfr; sfty=nfl.com team totals (incl. team safeties); blk=unknown
1987,DEN,Denver Broncos,31,28,19,2,1,1,,sacks=pfr team totals; int=pfr; fr=pfr (opponent fumbles lost); tds=pfr; sfty=nfl.com team totals (incl. team safeties); blk=unknown
1987,DET,Detroit Lions,42,19,13,2,0,1,,sacks=pfr team totals; int=pfr; fr=pfr (opponent fumbles lost); tds=pfr; sfty=nfl.com team totals (incl. team safeties); blk=unknown
1987,GNB,Green Bay Packers,34,18,24,0,0,0,,sacks=pfr team totals; int=pfr; fr=pfr (opponent fumbles lost); tds=pfr; sfty=nfl.com team totals (incl. team safeties); blk=unknown
1987,HOU,Houston Oilers,35,23,14,2,0,1,,sacks=pfr team totals; int=pfr; fr=pfr (opponent fumbles lost); tds=pfr; sfty=nfl.com team totals (incl. team safeties); blk=unknown
1987,IND,Indianapolis Colts,39,20,25,1,0,1,,sacks=pfr team totals; int=pfr; fr=pfr (opponent fumbles lost); tds=pfr; sfty=nfl.com team totals (incl. team safeties); blk=unknown
1987,KAN,Kansas City Chiefs,26,11,17,1,5,0,,sacks=pfr team totals; int=pfr; fr=pfr (opponent fumbles lost); tds=pfr; sfty=nfl.com team totals (incl. team safeties); blk=unknown
1987,MIA,Miami Dolphins,21,16,16,2,0,0,,sacks=pfr team totals; int=pfr; fr=pfr (opponent fumbles lost); tds=pfr; sfty=nfl.com team totals (incl. team safeties); blk=unknown
1987,MIN,Minnesota Vikings,41,26,11,0,1,1,,sacks=pfr team totals; int=pfr; fr=pfr (opponent fumbles lost); tds=pfr; sfty=nfl.com team totals (incl. team safeties); blk=unknown
1987,NOR,New Orleans Saints,47,30,18,0,3,2,,sacks=pfr team totals; int=pfr; fr=pfr (opponent fumbles lost); tds=pfr; sfty=nfl.com team totals (incl. team safeties); blk=unknown
1987,NWE,New England Patriots,43,21,21,3,2,0,,sacks=pfr team totals; int=pfr; fr=pfr (opponent fumbles lost); tds=pfr; sfty=nfl.com team totals (incl. team safeties); blk=unknown
1987,NYG,New York Giants,55,20,14,1,1,0,,sacks=pfr team totals; int=pfr; fr=pfr (opponent fumbles lost); tds=pfr; sfty=nfl.com team totals (incl. team safeties); blk=unknown
1987,NYJ,New York Jets,29,18,11,1,3,1,,sacks=pfr team totals; int=pfr; fr=pfr (opponent fumbles lost); tds=pfr; sfty=nfl.com team totals (incl. team safeties); blk=unknown
1987,PHI,Philadelphia Eagles,57,21,27,2,0,1,,sacks=pfr team totals; int=pfr; fr=pfr (opponent fumbles lost); tds=pfr; sfty=nfl.com team totals (incl. team safeties); blk=unknown
1987,PIT,Pittsburgh Steelers,26,27,17,7,0,1,,sacks=pfr team totals; int=pfr; fr=pfr (opponent fumbles lost); tds=pfr; sfty=nfl.com team totals (incl. team safeties); blk=unknown
1987,RAI,Los Angeles Raiders,44,13,15,2,1,0,,sacks=pfr team totals; int=pfr; fr=pfr (opponent fumbles lost); tds=pfr; sfty=nfl.com team totals (incl. team safeties); blk=unknown
1987,RAM,Los Angeles Rams,38,16,11,3,4,1,,sacks=pfr team totals; int=pfr; fr=pfr (opponent fumbles lost); tds=pfr; sfty=nfl.com team totals (incl. team safeties); blk=unknown
1987,SDG,San Diego Chargers,45,13,15,3,2,2,,sacks=pfr team totals; int=pfr; fr=pfr (opponent fumbles lost); tds=pfr; sfty=nfl.com team totals (incl. team safeties); blk=unknown
1987,SEA,Seattle Seahawks,37,17,21,1,1,0,,sacks=pfr team totals; int=pfr; fr=pfr (opponent fumbles lost); tds=pfr; sfty=nfl.com team totals (incl. team safeties); blk=unknown
1987,SFO,San Francisco 49ers,37,25,13,0,3,1,,sacks=pfr team totals; int=pfr; fr=pfr (opponent fumbles lost); tds=pfr; sfty=nfl.com team totals (incl. team safeties); blk=unknown
1987,STL,St. Louis Cardinals,41,14,19,4,1,0,,sacks=pfr team totals; int=pfr; fr=pfr (opponent fumbles lost); tds=pfr; sfty=nfl.com team totals (incl. team safeties); blk=unknown
1987,TAM,Tampa Bay Buccaneers,39,16,20,3,0,0,,sacks=pfr team totals; int=pfr; fr=pfr (opponent fumbles lost); tds=pfr; sfty=nfl.com team totals (incl. team safeties); blk=unknown
1987,WAS,Washington Redskins,53,23,11,2,0,0,,sacks=pfr team totals; int=pfr; fr=pfr (opponent fumbles lost); tds=pfr; sfty=nfl.com team totals (incl. team safeties); blk=unknown
1988,ATL,Atlanta Falcons,30,24,14,3,0,0,,sacks=pfr team totals; int=pfr; fr=pfr (opponent fumbles lost); tds=pfr; sfty=nfl.com team totals (incl. team safeties); blk=unknown
1988,BUF,Buffalo Bills,46,15,17,2,1,1,,sacks=pfr team totals; int=pfr; fr=pfr (opponent fumbles lost); tds=pfr; sfty=nfl.com team totals (incl. team safeties); blk=unknown
1988,CHI,Chicago Bears,43,26,9,0,0,1,,sacks=pfr team totals; int=pfr; fr=pfr (opponent fumbles lost); tds=pfr; sfty=nfl.com team totals (incl. team safeties); blk=unknown
1988,CIN,Cincinnati Bengals,42,22,14,3,1,1,,sacks=pfr team totals; int=pfr; fr=pfr (opponent fumbles lost); tds=pfr; sfty=nfl.com team totals (incl. team safeties); blk=unknown
1988,CLE,Cleveland Browns,37,20,11,2,2,1,,sacks=pfr team totals; int=pfr; fr=pfr (opponent fumbles lost); tds=pfr; sfty=nfl.com team totals (incl. team safeties); blk=unknown
1988,DAL,Dallas Cowboys,46,10,9,1,0,1,,sacks=pfr team totals; int=pfr; fr=pfr (opponent fumbles lost); tds=pfr; sfty=nfl.com team totals (incl. team safeties); blk=unknown
1988,DEN,Denver Broncos,36,16,13,0,0,0,,sacks=pfr team totals; int=pfr; fr=pfr (opponent fumbles lost); tds=pfr; sfty=nfl.com team totals (incl. team safeties); blk=unknown
1988,DET,Detroit Lions,47,15,21,3,0,0,,sacks=pfr team totals; int=pfr; fr=pfr (opponent fumbles lost); tds=pfr; sfty=nfl.com team totals (incl. team safeties); blk=unknown
1988,GNB,Green Bay Packers,30,20,21,0,2,2,,sacks=pfr team totals; int=pfr; fr=pfr (opponent fumbles lost); tds=pfr; sfty=nfl.com team totals (incl. team safeties); blk=unknown
1988,HOU,Houston Oilers,42,22,20,2,2,2,,sacks=pfr team totals; int=pfr; fr=pfr (opponent fumbles lost); tds=pfr; sfty=nfl.com team totals (incl. team safeties); blk=unknown
1988,IND,Indianapolis Colts,30,15,20,1,1,0,,sacks=pfr team totals; int=pfr; fr=pfr (opponent fumbles lost); tds=pfr; sfty=nfl.com team totals (incl. team safeties); blk=unknown
1988,KAN,Kansas City Chiefs,23,18,13,0,0,3,,sacks=pfr team totals; int=pfr; fr=pfr (opponent fumbles lost); tds=pfr; sfty=nfl.com team totals (incl. team safeties); blk=unknown
1988,MIA,Miami Dolphins,24,16,15,1,0,0,,sacks=pfr team totals; int=pfr; fr=pfr (opponent fumbles lost); tds=pfr; sfty=nfl.com team totals (incl. team safeties); blk=unknown
1988,MIN,Minnesota Vikings,37,36,17,7,0,2,,sacks=pfr team totals; int=pfr; fr=pfr (opponent fumbles lost); tds=pfr; sfty=nfl.com team totals (incl. team safeties); blk=unknown
1988,NOR,New Orleans Saints,31,17,15,0,2,2,,sacks=pfr team totals; int=pfr; fr=pfr (opponent fumbles lost); tds=pfr; sfty=nfl.com team totals (incl. team safeties); blk=unknown
1988,NWE,New England Patriots,29,20,15,0,1,0,,sacks=pfr team totals; int=pfr; fr=pfr (opponent fumbles lost); tds=pfr; sfty=nfl.com team totals (incl. team safeties); blk=unknown
1988,NYG,New York Giants,52,15,18,3,1,1,,sacks=pfr team totals; int=pfr; fr=pfr (opponent fumbles lost); tds=pfr; sfty=nfl.com team totals (incl. team safeties); blk=unknown
1988,NYJ,New York Jets,45,24,16,3,1,1,,sacks=pfr team totals; int=pfr; fr=pfr (opponent fumbles lost); tds=pfr; sfty=nfl.com team totals (incl. team safeties); blk=unknown
1988,PHI,Philadelphia Eagles,42,32,12,0,1,2,,sacks=pfr team totals; int=pfr; fr=pfr (opponent fumbles lost); tds=pfr; sfty=nfl.com team totals (incl. team safeties); blk=unknown
1988,PHO,Phoenix Cardinals,39,16,13,3,0,1,,sacks=pfr team totals; int=pfr; fr=pfr (opponent fumbles lost); tds=pfr; sfty=nfl.com team totals (incl. team safeties); blk=unknown
1988,PIT,Pittsburgh Steelers,19,20,13,2,2,1,,sacks=pfr team totals; int=pfr; fr=pfr (opponent fumbles lost); tds=pfr; sfty=nfl.com team totals (incl. team safeties); blk=unknown
1988,RAI,Los Angeles Raiders,40,17,17,2,1,0,,sacks=pfr team totals; int=pfr; fr=pfr (opponent fumbles lost); tds=pfr; sfty=nfl.com team totals (incl. team safeties); blk=unknown
1988,RAM,Los Angeles Rams,56,22,15,1,0,1,,sacks=pfr team totals; int=pfr; fr=pfr (opponent fumbles lost); tds=pfr; sfty=nfl.com team totals (incl. team safeties); blk=unknown
1988,SDG,San Diego Chargers,34,16,10,2,3,0,,sacks=pfr team totals; int=pfr; fr=pfr (opponent fumbles lost); tds=pfr; sfty=nfl.com team totals (incl. team safeties); blk=unknown
1988,SEA,Seattle Seahawks,30,22,18,2,1,0,,sacks=pfr team totals; int=pfr; fr=pfr (opponent fumbles lost); tds=pfr; sfty=nfl.com team totals (incl. team safeties); blk=unknown
1988,SFO,San Francisco 49ers,42,22,16,0,2,1,,sacks=pfr team totals; int=pfr; fr=pfr (opponent fumbles lost); tds=pfr; sfty=nfl.com team totals (incl. team safeties); blk=unknown
1988,TAM,Tampa Bay Buccaneers,20,21,12,1,0,1,,sacks=pfr team totals; int=pfr; fr=pfr (opponent fumbles lost); tds=pfr; sfty=nfl.com team totals (incl. team safeties); blk=unknown
1988,WAS,Washington Redskins,43,14,8,0,0,1,,sacks=pfr team totals; int=pfr; fr=pfr (opponent fumbles lost); tds=pfr; sfty=nfl.com team totals (incl. team safeties); blk=unknown
1989,ATL,Atlanta Falcons,31,20,12,1,1,0,,sacks=pfr team totals; int=pfr; fr=pfr (opponent fumbles lost); tds=pfr; sfty=nfl.com team totals (incl. team safeties); blk=unknown
1989,BUF,Buffalo Bills,38,23,13,1,1,0,,sacks=pfr team totals; int=pfr; fr=pfr (opponent fumbles lost); tds=pfr; sfty=nfl.com team totals (incl. team safeties); blk=unknown
1989,CHI,Chicago Bears,39,26,12,1,1,0,,sacks=pfr team totals; int=pfr; fr=pfr (opponent fumbles lost); tds=pfr; sfty=nfl.com team totals (incl. team safeties); blk=unknown
1989,CIN,Cincinnati Bengals,33,21,16,2,1,0,,sacks=pfr team totals; int=pfr; fr=pfr (opponent fumbles lost); tds=pfr; sfty=nfl.com team totals (incl. team safeties); blk=unknown
1989,CLE,Cleveland Browns,45,27,11,6,1,0,,sacks=pfr team totals; int=pfr; fr=pfr (opponent fumbles lost); tds=pfr; sfty=nfl.com team totals (incl. team safeties); blk=unknown
1989,DAL,Dallas Cowboys,29,7,10,3,1,0,,sacks=pfr team totals; int=pfr; fr=pfr (opponent fumbles lost); tds=pfr; sfty=nfl.com team totals (incl. team safeties); blk=unknown
1989,DEN,Denver Broncos,47,21,22,4,0,1,,sacks=pfr team totals; int=pfr; fr=pfr (opponent fumbles lost); tds=pfr; sfty=nfl.com team totals (incl. team safeties); blk=unknown
1989,DET,Detroit Lions,40,16,16,2,0,0,,sacks=pfr team totals; int=pfr; fr=pfr (opponent fumbles lost); tds=pfr; sfty=nfl.com team totals (incl. team safeties); blk=unknown
1989,GNB,Green Bay Packers,34,25,15,0,0,1,,sacks=pfr team totals; int=pfr; fr=pfr (opponent fumbles lost); tds=pfr; sfty=nfl.com team totals (incl. team safeties); blk=unknown
1989,HOU,Houston Oilers,36,21,16,0,2,2,,sacks=pfr team totals; int=pfr; fr=pfr (opponent fumbles lost); tds=pfr; sfty=nfl.com team totals (incl. team safeties); blk=unknown
1989,IND,Indianapolis Colts,46,21,15,2,2,0,,sacks=pfr team totals; int=pfr; fr=pfr (opponent fumbles lost); tds=pfr; sfty=nfl.com team totals (incl. team safeties); blk=unknown
1989,KAN,Kansas City Chiefs,36,15,18,2,1,1,,sacks=pfr team totals; int=pfr; fr=pfr (opponent fumbles lost); tds=pfr; sfty=nfl.com team totals (incl. team safeties); blk=unknown
1989,MIA,Miami Dolphins,39,15,8,0,3,1,,sacks=pfr team totals; int=pfr; fr=pfr (opponent fumbles lost); tds=pfr; sfty=nfl.com team totals (incl. team safeties); blk=unknown
1989,MIN,Minnesota Vikings,71,18,18,6,1,2,,sacks=pfr team totals; int=pfr; fr=pfr (opponent fumbles lost); tds=pfr; sfty=nfl.com team totals (incl. team safeties); blk=unknown
1989,NOR,New Orleans Saints,47,21,18,2,2,3,,sacks=pfr team totals; int=pfr; fr=pfr (opponent fumbles lost); tds=pfr; sfty=nfl.com team totals (incl. team safeties); blk=unknown
1989,NWE,New England Patriots,31,16,12,1,0,0,,sacks=pfr team totals; int=pfr; fr=pfr (opponent fumbles lost); tds=pfr; sfty=nfl.com team totals (incl. team safeties); blk=unknown
1989,NYG,New York Giants,39,22,15,2,1,2,,sacks=pfr team totals; int=pfr; fr=pfr (opponent fumbles lost); tds=pfr; sfty=nfl.com team totals (incl. team safeties); blk=unknown
1989,NYJ,New York Jets,28,15,9,4,1,1,,sacks=pfr team totals; int=pfr; fr=pfr (opponent fumbles lost); tds=pfr; sfty=nfl.com team totals (incl. team safeties); blk=unknown
1989,PHI,Philadelphia Eagles,62,30,26,3,0,1,,sacks=pfr team totals; int=pfr; fr=pfr (opponent fumbles lost); tds=pfr; sfty=nfl.com team totals (incl. team safeties); blk=unknown
1989,PHO,Phoenix Cardinals,30,16,11,2,0,1,,sacks=pfr team totals; int=pfr; fr=pfr (opponent fumbles lost); tds=pfr; sfty=nfl.com team totals (incl. team safeties); blk=unknown
1989,PIT,Pittsburgh Steelers,31,21,21,1,1,0,,sacks=pfr team totals; int=pfr; fr=pfr (opponent fumbles lost); tds=pfr; sfty=nfl.com team totals (incl. team safeties); blk=unknown
1989,RAI,Los Angeles Raiders,35,18,18,5,0,1,,sacks=pfr team totals; int=pfr; fr=pfr (opponent fumbles lost); tds=pfr; sfty=nfl.com team totals (incl. team safeties); blk=unknown
1989,RAM,Los Angeles Rams,42,21,15,3,0,0,,sacks=pfr team totals; int=pfr; fr=pfr (opponent fumbles lost); tds=pfr; sfty=nfl.com team totals (incl. team safeties); blk=unknown
1989,SDG,San Diego Chargers,48,25,13,2,1,0,,sacks=pfr team totals; int=pfr; fr=pfr (opponent fumbles lost); tds=pfr; sfty=nfl.com team totals (incl. team safeties); blk=unknown
1989,SEA,Seattle Seahawks,32,9,13,1,1,0,,sacks=pfr team totals; int=pfr; fr=pfr (opponent fumbles lost); tds=pfr; sfty=nfl.com team totals (incl. team safeties); blk=unknown
1989,SFO,San Francisco 49ers,43,21,16,1,1,0,,sacks=pfr team totals; int=pfr; fr=pfr (opponent fumbles lost); tds=pfr; sfty=nfl.com team totals (incl. team safeties); blk=unknown
1989,TAM,Tampa Bay Buccaneers,33,21,18,2,1,2,,sacks=pfr team totals; int=pfr; fr=pfr (opponent fumbles lost); tds=pfr; sfty=nfl.com team totals (incl. team safeties); blk=unknown
1989,WAS,Washington Redskins,40,27,15,3,1,3,,sacks=pfr team totals; int=pfr; fr=pfr (opponent fumbles lost); tds=pfr; sfty=nfl.com team totals (incl. team safeties); blk=unknown
1990,ATL,Atlanta Falcons,33,17,18,5,3,1,,sacks=pfr team totals; int=pfr; fr=pfr (opponent fumbles lost); tds=pfr; sfty=nfl.com team totals (incl. team safeties); blk=unknown
1990,BUF,Buffalo Bills,43,18,17,3,2,0,,sacks=pfr team totals; int=pfr; fr=pfr (opponent fumbles lost); tds=pfr; sfty=nfl.com team totals (incl. team safeties); blk=unknown
1990,CHI,Chicago Bears,41,31,14,2,1,0,,sacks=pfr team totals; int=pfr; fr=pfr (opponent fumbles lost); tds=pfr; sfty=nfl.com team totals (incl. team safeties); blk=unknown
1990,CIN,Cincinnati Bengals,25,15,16,2,1,2,,sacks=pfr team totals; int=pfr; fr=pfr (opponent fumbles lost); tds=pfr; sfty=nfl.com team totals (incl. team safeties); blk=unknown
1990,CLE,Cleveland Browns,32,13,9,2,2,0,,sacks=pfr team totals; int=pfr; fr=pfr (opponent fumbles lost); tds=pfr; sfty=nfl.com team totals (incl. team safeties); blk=unknown
1990,DAL,Dallas Cowboys,36,11,19,1,1,1,,sacks=pfr team totals; int=pfr; fr=pfr (opponent fumbles lost); tds=pfr; sfty=nfl.com team totals (incl. team safeties); blk=unknown
1990,DEN,Denver Broncos,34,10,15,2,0,3,,sacks=pfr team totals; int=pfr; fr=pfr (opponent fumbles lost); tds=pfr; sfty=nfl.com team totals (incl. team safeties); blk=unknown
1990,DET,Detroit Lions,41,17,18,3,0,0,,sacks=pfr team totals; int=pfr; fr=pfr (opponent fumbles lost); tds=pfr; sfty=nfl.com team totals (incl. team safeties); blk=unknown
1990,GNB,Green Bay Packers,27,16,14,1,2,0,,sacks=pfr team totals; int=pfr; fr=pfr (opponent fumbles lost); tds=pfr; sfty=nfl.com team totals (incl. team safeties); blk=unknown
1990,HOU,Houston Oilers,38,21,12,2,0,1,,sacks=pfr team totals; int=pfr; fr=pfr (opponent fumbles lost); tds=pfr; sfty=nfl.com team totals (incl. team safeties); blk=unknown
1990,IND,Indianapolis Colts,29,9,15,2,0,0,,sacks=pfr team totals; int=pfr; fr=pfr (opponent fumbles lost); tds=pfr; sfty=nfl.com team totals (incl. team safeties); blk=unknown
1990,KAN,Kansas City Chiefs,60,20,25,2,2,1,,sacks=pfr team totals; int=pfr; fr=pfr (opponent fumbles lost); tds=pfr; sfty=nfl.com team totals (incl. team safeties); blk=unknown
1990,MIA,Miami Dolphins,45,19,8,4,1,1,,sacks=pfr team totals; int=pfr; fr=pfr (opponent fumbles lost); tds=pfr; sfty=nfl.com team totals (incl. team safeties); blk=unknown
1990,MIN,Minnesota Vikings,47,22,11,4,0,2,,sacks=pfr team totals; int=pfr; fr=pfr (opponent fumbles lost); tds=pfr; sfty=nfl.com team totals (incl. team safeties); blk=unknown
1990,NOR,New Orleans Saints,42,8,19,1,0,1,,sacks=pfr team totals; int=pfr; fr=pfr (opponent fumbles lost); tds=pfr; sfty=nfl.com team totals (incl. team safeties); blk=unknown
1990,NWE,New England Patriots,33,14,18,1,0,0,,sacks=pfr team totals; int=pfr; fr=pfr (opponent fumbles lost); tds=pfr; sfty=nfl.com team totals (incl. team safeties); blk=unknown
1990,NYG,New York Giants,30,23,11,3,1,0,,sacks=pfr team totals; int=pfr; fr=pfr (opponent fumbles lost); tds=pfr; sfty=nfl.com team totals (incl. team safeties); blk=unknown
1990,NYJ,New York Jets,38,18,11,1,1,1,,sacks=pfr team totals; int=pfr; fr=pfr (opponent fumbles lost); tds=pfr; sfty=nfl.com team totals (incl. team safeties); blk=unknown
1990,PHI,Philadelphia Eagles,45,19,11,4,0,0,,sacks=pfr team totals; int=pfr; fr=pfr (opponent fumbles lost); tds=pfr; sfty=nfl.com team totals (incl. team safeties); blk=unknown
1990,PHO,Phoenix Cardinals,36,16,11,2,0,0,,sacks=pfr team totals; int=pfr; fr=pfr (opponent fumbles lost); tds=pfr; sfty=nfl.com team totals (incl. team safeties); blk=unknown
1990,PIT,Pittsburgh Steelers,34,24,18,1,1,1,,sacks=pfr team totals; int=pfr; fr=pfr (opponent fumbles lost); tds=pfr; sfty=nfl.com team totals (incl. team safeties); blk=unknown
1990,RAI,Los Angeles Raiders,48,13,9,3,0,0,,sacks=pfr team totals; int=pfr; fr=pfr (opponent fumbles lost); tds=pfr; sfty=nfl.com team totals (incl. team safeties); blk=unknown
1990,RAM,Los Angeles Rams,30,12,19,1,1,0,,sacks=pfr team totals; int=pfr; fr=pfr (opponent fumbles lost); tds=pfr; sfty=nfl.com team totals (incl. team safeties); blk=unknown
1990,SDG,San Diego Chargers,45,19,11,2,2,1,,sacks=pfr team totals; int=pfr; fr=pfr (opponent fumbles lost); tds=pfr; sfty=nfl.com team totals (incl. team safeties); blk=unknown
1990,SEA,Seattle Seahawks,33,12,18,1,0,0,,sacks=pfr team totals; int=pfr; fr=pfr (opponent fumbles lost); tds=pfr; sfty=nfl.com team totals (incl. team safeties); blk=unknown
1990,SFO,San Francisco 49ers,44,17,14,0,0,1,,sacks=pfr team totals; int=pfr; fr=pfr (opponent fumbles lost); tds=pfr; sfty=nfl.com team totals (incl. team safeties); blk=unknown
1990,TAM,Tampa Bay Buccaneers,34,25,17,3,0,0,,sacks=pfr team totals; int=pfr; fr=pfr (opponent fumbles lost); tds=pfr; sfty=nfl.com team totals (incl. team safeties); blk=unknown
1990,WAS,Washington Redskins,45,21,12,3,0,2,,sacks=pfr team totals; int=pfr; fr=pfr (opponent fumbles lost); tds=pfr; sfty=nfl.com team totals (incl. team safeties); blk=unknown
1991,ATL,Atlanta Falcons,29,19,16,5,1,3,,sacks=pfr team totals; int=pfr; fr=pfr (opponent fumbles lost); tds=pfr; sfty=nfl.com team totals (incl. team safeties); blk=unknown
1991,BUF,Buffalo Bills,31,23,14,2,1,0,,sacks=pfr team totals; int=pfr; fr=pfr (opponent fumbles lost); tds=pfr; sfty=nfl.com team totals (incl. team safeties); blk=unknown
1991,CHI,Chicago Bears,40,17,13,1,0,0,,sacks=pfr team totals; int=pfr; fr=pfr (opponent fumbles lost); tds=pfr; sfty=nfl.com team totals (incl. team safeties); blk=unknown
1991,CIN,Cincinnati Bengals,21,17,14,1,1,1,,sacks=pfr team totals; int=pfr; fr=pfr (opponent fumbles lost); tds=pfr; sfty=nfl.com team totals (incl. team safeties); blk=unknown
1991,CLE,Cleveland Browns,35,15,18,4,0,1,,sacks=pfr team totals; int=pfr; fr=pfr (opponent fumbles lost); tds=pfr; sfty=nfl.com team totals (incl. team safeties); blk=unknown
1991,DAL,Dallas Cowboys,23,12,11,3,3,1,,sacks=pfr team totals; int=pfr; fr=pfr (opponent fumbles lost); tds=pfr; sfty=nfl.com team totals (incl. team safeties); blk=unknown
1991,DEN,Denver Broncos,52,23,10,3,0,0,,sacks=pfr team totals; int=pfr; fr=pfr (opponent fumbles lost); tds=pfr; sfty=nfl.com team totals (incl. team safeties); blk=unknown
1991,DET,Detroit Lions,30,19,17,3,2,1,,sacks=pfr team totals; int=pfr; fr=pfr (opponent fumbles lost); tds=pfr; sfty=nfl.com team totals (incl. team safeties); blk=unknown
1991,GNB,Green Bay Packers,45,15,14,1,1,1,,sacks=pfr team totals; int=pfr; fr=pfr (opponent fumbles lost); tds=pfr; sfty=nfl.com team totals (incl. team safeties); blk=unknown
1991,HOU,Houston Oilers,45,20,18,5,1,0,,sacks=pfr team totals; int=pfr; fr=pfr (opponent fumbles lost); tds=pfr; sfty=nfl.com team totals (incl. team safeties); blk=unknown
1991,IND,Indianapolis Colts,29,15,13,0,1,0,,sacks=pfr team totals; int=pfr; fr=pfr (opponent fumbles lost); tds=pfr; sfty=nfl.com team totals (incl. team safeties); blk=unknown
1991,KAN,Kansas City Chiefs,39,15,18,2,0,1,,sacks=pfr team totals; int=pfr; fr=pfr (opponent fumbles lost); tds=pfr; sfty=nfl.com team totals (incl. team safeties); blk=unknown
1991,MIA,Miami Dolphins,35,12,9,1,0,0,,sacks=pfr team totals; int=pfr; fr=pfr (opponent fumbles lost); tds=pfr; sfty=nfl.com team totals (incl. team safeties); blk=unknown
1991,MIN,Minnesota Vikings,33,17,11,2,0,0,,sacks=pfr team totals; int=pfr; fr=pfr (opponent fumbles lost); tds=pfr; sfty=nfl.com team totals (incl. team safeties); blk=unknown
1991,NOR,New Orleans Saints,50,29,19,2,1,0,,sacks=pfr team totals; int=pfr; fr=pfr (opponent fumbles lost); tds=pfr; sfty=nfl.com team totals (incl. team safeties); blk=unknown
1991,NWE,New England Patriots,25,12,19,0,1,0,,sacks=pfr team totals; int=pfr; fr=pfr (opponent fumbles lost); tds=pfr; sfty=nfl.com team totals (incl. team safeties); blk=unknown
1991,NYG,New York Giants,34,12,9,0,1,0,,sacks=pfr team totals; int=pfr; fr=pfr (opponent fumbles lost); tds=pfr; sfty=nfl.com team totals (incl. team safeties); blk=unknown
1991,NYJ,New York Jets,35,18,19,2,1,0,,sacks=pfr team totals; int=pfr; fr=pfr (opponent fumbles lost); tds=pfr; sfty=nfl.com team totals (incl. team safeties); blk=unknown
1991,PHI,Philadelphia Eagles,55,26,22,4,0,0,,sacks=pfr team totals; int=pfr; fr=pfr (opponent fumbles lost); tds=pfr; sfty=nfl.com team totals (incl. team safeties); blk=unknown
1991,PHO,Phoenix Cardinals,25,17,21,3,0,0,,sacks=pfr team totals; int=pfr; fr=pfr (opponent fumbles lost); tds=pfr; sfty=nfl.com team totals (incl. team safeties); blk=unknown
1991,PIT,Pittsburgh Steelers,38,19,11,3,1,0,,sacks=pfr team totals; int=pfr; fr=pfr (opponent fumbles lost); tds=pfr; sfty=nfl.com team totals (incl. team safeties); blk=unknown
1991,RAI,Los Angeles Raiders,42,18,13,1,1,1,,sacks=pfr team totals; int=pfr; fr=pfr (opponent fumbles lost); tds=pfr; sfty=nfl.com team totals (incl. team safeties); blk=unknown
1991,RAM,Los Angeles Rams,17,11,8,2,0,1,,sacks=pfr team totals; int=pfr; fr=pfr (opponent fumbles lost); tds=pfr; sfty=nfl.com team totals (incl. team safeties); blk=unknown
1991,SDG,San Diego Chargers,28,19,9,1,1,0,,sacks=pfr team totals; int=pfr; fr=pfr (opponent fumbles lost); tds=pfr; sfty=nfl.com team totals (incl. team safeties); blk=unknown
1991,SEA,Seattle Seahawks,36,18,21,2,1,0,,sacks=pfr team totals; int=pfr; fr=pfr (opponent fumbles lost); tds=pfr; sfty=nfl.com team totals (incl. team safeties); blk=unknown
1991,SFO,San Francisco 49ers,31,12,16,1,1,1,,sacks=pfr team totals; int=pfr; fr=pfr (opponent fumbles lost); tds=pfr; sfty=nfl.com team totals (incl. team safeties); blk=unknown
1991,TAM,Tampa Bay Buccaneers,39,11,16,0,0,0,,sacks=pfr team totals; int=pfr; fr=pfr (opponent fumbles lost); tds=pfr; sfty=nfl.com team totals (incl. team safeties); blk=unknown
1991,WAS,Washington Redskins,50,27,14,3,2,0,,sacks=pfr team totals; int=pfr; fr=pfr (opponent fumbles lost); tds=pfr; sfty=nfl.com team totals (incl. team safeties); blk=unknown
1992,ATL,Atlanta Falcons,31,11,12,1,2,0,,sacks=pfr team totals; int=pfr; fr=pfr (opponent fumbles lost); tds=pfr; sfty=nfl.com team totals (incl. team safeties); blk=unknown
1992,BUF,Buffalo Bills,44,23,12,3,0,1,,sacks=pfr team totals; int=pfr; fr=pfr (opponent fumbles lost); tds=pfr; sfty=nfl.com team totals (incl. team safeties); blk=unknown
1992,CHI,Chicago Bears,43,14,16,1,1,0,,sacks=pfr team totals; int=pfr; fr=pfr (opponent fumbles lost); tds=pfr; sfty=nfl.com team totals (incl. team safeties); blk=unknown
1992,CIN,Cincinnati Bengals,45,16,17,3,1,0,,sacks=pfr team totals; int=pfr; fr=pfr (opponent fumbles lost); tds=pfr; sfty=nfl.com team totals (incl. team safeties); blk=unknown
1992,CLE,Cleveland Browns,48,13,20,4,1,0,,sacks=pfr team totals; int=pfr; fr=pfr (opponent fumbles lost); tds=pfr; sfty=nfl.com team totals (incl. team safeties); blk=unknown
1992,DAL,Dallas Cowboys,44,17,14,2,3,1,,sacks=pfr team totals; int=pfr; fr=pfr (opponent fumbles lost); tds=pfr; sfty=nfl.com team totals (incl. team safeties); blk=unknown
1992,DEN,Denver Broncos,50,15,16,2,0,0,,sacks=pfr team totals; int=pfr; fr=pfr (opponent fumbles lost); tds=pfr; sfty=nfl.com team totals (incl. team safeties); blk=unknown
1992,DET,Detroit Lions,29,21,11,1,4,0,,sacks=pfr team totals; int=pfr; fr=pfr (opponent fumbles lost); tds=pfr; sfty=nfl.com team totals (incl. team safeties); blk=unknown
1992,GNB,Green Bay Packers,34,15,19,2,1,0,,sacks=pfr team totals; int=pfr; fr=pfr (opponent fumbles lost); tds=pfr; sfty=nfl.com team totals (incl. team safeties); blk=unknown
1992,HOU,Houston Oilers,50,20,11,4,0,1,,sacks=pfr team totals; int=pfr; fr=pfr (opponent fumbles lost); tds=pfr; sfty=nfl.com team totals (incl. team safeties); blk=unknown
1992,IND,Indianapolis Colts,39,20,15,1,2,0,,sacks=pfr team totals; int=pfr; fr=pfr (opponent fumbles lost); tds=pfr; sfty=nfl.com team totals (incl. team safeties); blk=unknown
1992,KAN,Kansas City Chiefs,50,24,15,8,3,0,,sacks=pfr team totals; int=pfr; fr=pfr (opponent fumbles lost); tds=pfr; sfty=nfl.com team totals (incl. team safeties); blk=unknown
1992,MIA,Miami Dolphins,36,18,14,3,0,0,,sacks=pfr team totals; int=pfr; fr=pfr (opponent fumbles lost); tds=pfr; sfty=nfl.com team totals (incl. team safeties); blk=unknown
1992,MIN,Minnesota Vikings,51,28,14,8,0,1,,sacks=pfr team totals; int=pfr; fr=pfr (opponent fumbles lost); tds=pfr; sfty=nfl.com team totals (incl. team safeties); blk=unknown
1992,NOR,New Orleans Saints,57,18,20,6,0,0,,sacks=pfr team totals; int=pfr; fr=pfr (opponent fumbles lost); tds=pfr; sfty=nfl.com team totals (incl. team safeties); blk=unknown
1992,NWE,New England Patriots,20,14,15,5,1,0,,sacks=pfr team totals; int=pfr; fr=pfr (opponent fumbles lost); tds=pfr; sfty=nfl.com team totals (incl. team safeties); blk=unknown
1992,NYG,New York Giants,25,14,12,1,1,0,,sacks=pfr team totals; int=pfr; fr=pfr (opponent fumbles lost); tds=pfr; sfty=nfl.com team totals (incl. team safeties); blk=unknown
1992,NYJ,New York Jets,36,21,18,3,0,1,,sacks=pfr team totals; int=pfr; fr=pfr (opponent fumbles lost); tds=pfr; sfty=nfl.com team totals (incl. team safeties); blk=unknown
1992,PHI,Philadelphia Eagles,55,24,13,3,2,1,,sacks=pfr team totals; int=pfr; fr=pfr (opponent fumbles lost); tds=pfr; sfty=nfl.com team totals (incl. team safeties); blk=unknown
1992,PHO,Phoenix Cardinals,27,16,12,3,0,1,,sacks=pfr team totals; int=pfr; fr=pfr (opponent fumbles lost); tds=pfr; sfty=nfl.com team totals (incl. team safeties); blk=unknown
1992,PIT,Pittsburgh Steelers,36,22,21,1,1,0,,sacks=pfr team totals; int=pfr; fr=pfr (opponent fumbles lost); tds=pfr; sfty=nfl.com team totals (incl. team safeties); blk=unknown
1992,RAI,Los Angeles Raiders,46,12,7,1,1,1,,sacks=pfr team totals; int=pfr; fr=pfr (opponent fumbles lost); tds=pfr; sfty=nfl.com team totals (incl. team safeties); blk=unknown
1992,RAM,Los Angeles Rams,31,18,15,1,2,1,,sacks=pfr team totals; int=pfr; fr=pfr (opponent fumbles lost); tds=pfr; sfty=nfl.com team totals (incl. team safeties); blk=unknown
1992,SDG,San Diego Chargers,51,25,11,1,0,3,,sacks=pfr team totals; int=pfr; fr=pfr (opponent fumbles lost); tds=pfr; sfty=nfl.com team totals (incl. team safeties); blk=unknown
1992,SEA,Seattle Seahawks,46,20,11,1,0,0,,sacks=pfr team totals; int=pfr; fr=pfr (opponent fumbles lost); tds=pfr; sfty=nfl.com team totals (incl. team safeties); blk=unknown
1992,SFO,San Francisco 49ers,41,17,12,1,1,0,,sacks=pfr team totals; int=pfr; fr=pfr (opponent fumbles lost); tds=pfr; sfty=nfl.com team totals (incl. team safeties); blk=unknown
1992,TAM,Tampa Bay Buccaneers,36,20,13,4,0,0,,sacks=pfr team totals; int=pfr; fr=pfr (opponent fumbles lost); tds=pfr; sfty=nfl.com team totals (incl. team safeties); blk=unknown
1992,WAS,Washington Redskins,39,23,11,3,2,0,,sacks=pfr team totals; int=pfr; fr=pfr (opponent fumbles lost); tds=pfr; sfty=nfl.com team totals (incl. team safeties); blk=unknown
1993,ATL,Atlanta Falcons,27,13,11,1,1,0,,sacks=pfr team totals; int=pfr; fr=pfr (opponent fumbles lost); tds=pfr; sfty=nfl.com team totals (incl. team safeties); blk=unknown
1993,BUF,Buffalo Bills,37,23,24,4,1,1,,sacks=pfr team totals; int=pfr; fr=pfr (opponent fumbles lost); tds=pfr; sfty=nfl.com team totals (incl. team safeties); blk=unknown
1993,CHI,Chicago Bears,46,18,12,4,1,0,,sacks=pfr team totals; int=pfr; fr=pfr (opponent fumbles lost); tds=pfr; sfty=nfl.com team totals (incl. team safeties); blk=unknown
1993,CIN,Cincinnati Bengals,22,12,14,2,0,3,,sacks=pfr team totals; int=pfr; fr=pfr (opponent fumbles lost); tds=pfr; sfty=nfl.com team totals (incl. team safeties); blk=unknown
1993,CLE,Cleveland Browns,48,13,9,2,3,2,,sacks=pfr team totals; int=pfr; fr=pfr (opponent fumbles lost); tds=pfr; sfty=nfl.com team totals (incl. team safeties); blk=unknown
1993,DAL,Dallas Cowboys,34,14,14,1,2,0,,sacks=pfr team totals; int=pfr; fr=pfr (opponent fumbles lost); tds=pfr; sfty=nfl.com team totals (incl. team safeties); blk=unknown
1993,DEN,Denver Broncos,46,18,13,1,0,1,,sacks=pfr team totals; int=pfr; fr=pfr (opponent fumbles lost); tds=pfr; sfty=nfl.com team totals (incl. team safeties); blk=unknown
1993,DET,Detroit Lions,43,19,16,3,1,0,,sacks=pfr team totals; int=pfr; fr=pfr (opponent fumbles lost); tds=pfr; sfty=nfl.com team totals (incl. team safeties); blk=unknown
1993,GNB,Green Bay Packers,46,18,15,1,1,1,,sacks=pfr team totals; int=pfr; fr=pfr (opponent fumbles lost); tds=pfr; sfty=nfl.com team totals (incl. team safeties); blk=unknown
1993,HOU,Houston Oilers,52,26,17,6,0,1,,sacks=pfr team totals; int=pfr; fr=pfr (opponent fumbles lost); tds=pfr; sfty=nfl.com team totals (incl. team safeties); blk=unknown
1993,IND,Indianapolis Colts,21,10,11,1,0,0,,sacks=pfr team totals; int=pfr; fr=pfr (opponent fumbles lost); tds=pfr; sfty=nfl.com team totals (incl. team safeties); blk=unknown
1993,KAN,Kansas City Chiefs,35,21,17,2,1,0,,sacks=pfr team totals; int=pfr; fr=pfr (opponent fumbles lost); tds=pfr; sfty=nfl.com team totals (incl. team safeties); blk=unknown
1993,MIA,Miami Dolphins,29,13,14,1,2,0,,sacks=pfr team totals; int=pfr; fr=pfr (opponent fumbles lost); tds=pfr; sfty=nfl.com team totals (incl. team safeties); blk=unknown
1993,MIN,Minnesota Vikings,45,24,10,2,0,2,,sacks=pfr team totals; int=pfr; fr=pfr (opponent fumbles lost); tds=pfr; sfty=nfl.com team totals (incl. team safeties); blk=unknown
1993,NOR,New Orleans Saints,51,10,20,2,3,1,,sacks=pfr team totals; int=pfr; fr=pfr (opponent fumbles lost); tds=pfr; sfty=nfl.com team totals (incl. team safeties); blk=unknown
1993,NWE,New England Patriots,34,13,9,0,0,0,,sacks=pfr team totals; int=pfr; fr=pfr (opponent fumbles lost); tds=pfr; sfty=nfl.com team totals (incl. team safeties); blk=unknown
1993,NYG,New York Giants,41,18,10,1,1,1,,sacks=pfr team totals; int=pfr; fr=pfr (opponent fumbles lost); tds=pfr; sfty=nfl.com team totals (incl. team safeties); blk=unknown
1993,NYJ,New York Jets,32,19,18,1,0,1,,sacks=pfr team totals; int=pfr; fr=pfr (opponent fumbles lost); tds=pfr; sfty=nfl.com team totals (incl. team safeties); blk=unknown
1993,PHI,Philadelphia Eagles,36,20,15,5,0,2,,sacks=pfr team totals; int=pfr; fr=pfr (opponent fumbles lost); tds=pfr; sfty=nfl.com team totals (incl. team safeties); blk=unknown
1993,PHO,Phoenix Cardinals,34,9,17,3,1,2,,sacks=pfr team totals; int=pfr; fr=pfr (opponent fumbles lost); tds=pfr; sfty=nfl.com team totals (incl. team safeties); blk=unknown
1993,PIT,Pittsburgh Steelers,42,24,14,3,0,0,,sacks=pfr team totals; int=pfr; fr=pfr (opponent fumbles lost); tds=pfr; sfty=nfl.com team totals (incl. team safeties); blk=unknown
1993,RAI,Los Angeles Raiders,45,14,9,1,1,0,,sacks=pfr team totals; int=pfr; fr=pfr (opponent fumbles lost); tds=pfr; sfty=nfl.com team totals (incl. team safeties); blk=unknown
1993,RAM,Los Angeles Rams,35,11,9,1,0,0,,sacks=pfr team totals; int=pfr; fr=pfr (opponent fumbles lost); tds=pfr; sfty=nfl.com team totals (incl. team safeties); blk=unknown
1993,SDG,San Diego Chargers,32,22,12,1,0,0,,sacks=pfr team totals; int=pfr; fr=pfr (opponent fumbles lost); tds=pfr; sfty=nfl.com team totals (incl. team safeties); blk=unknown
1993,SEA,Seattle Seahawks,38,22,15,3,0,4,,sacks=pfr team totals; int=pfr; fr=pfr (opponent fumbles lost); tds=pfr; sfty=nfl.com team totals (incl. team safeties); blk=unknown
1993,SFO,San Francisco 49ers,44,19,11,4,1,0,,sacks=pfr team totals; int=pfr; fr=pfr (opponent fumbles lost); tds=pfr; sfty=nfl.com team totals (incl. team safeties); blk=unknown
1993,TAM,Tampa Bay Buccaneers,29,9,13,2,0,0,,sacks=pfr team totals; int=pfr; fr=pfr (opponent fumbles lost); tds=pfr; sfty=nfl.com team totals (incl. team safeties); blk=unknown
1993,WAS,Washington Redskins,31,17,14,4,0,1,,sacks=pfr team totals; int=pfr; fr=pfr (opponent fumbles lost); tds=pfr; sfty=nfl.com team totals (incl. team safeties); blk=unknown
1994,ARI,Arizona Cardinals,35,23,13,1,0,1,,sacks=pfr team totals; int=pfr; fr=pfr (opponent fumbles lost); tds=pfr; sfty=nfl.com team totals (incl. team safeties); blk=unknown
1994,ATL,Atlanta Falcons,32,22,11,3,0,0,,sacks=pfr team totals; int=pfr; fr=pfr (opponent fumbles lost); tds=pfr; sfty=nfl.com team totals (incl. team safeties); blk=unknown
1994,BUF,Buffalo Bills,25,16,12,1,0,1,,sacks=pfr team totals; int=pfr; fr=pfr (opponent fumbles lost); tds=pfr; sfty=nfl.com team totals (incl. team safeties); blk=unknown
1994,CHI,Chicago Bears,28,12,10,0,1,0,,sacks=pfr team totals; int=pfr; fr=pfr (opponent fumbles lost); tds=pfr; sfty=nfl.com team totals (incl. team safeties); blk=unknown
1994,CIN,Cincinnati Bengals,31,10,8,0,1,1,,sacks=pfr team totals; int=pfr; fr=pfr (opponent fumbles lost); tds=pfr; sfty=nfl.com team totals (incl. team safeties); blk=unknown
1994,CLE,Cleveland Browns,38,18,13,1,4,0,,sacks=pfr team totals; int=pfr; fr=pfr (opponent fumbles lost); tds=pfr; sfty=nfl.com team totals (incl. team safeties); blk=unknown
1994,DAL,Dallas Cowboys,47,22,9,3,2,0,,sacks=pfr team totals; int=pfr; fr=pfr (opponent fumbles lost); tds=pfr; sfty=nfl.com team totals (incl. team safeties); blk=unknown
1994,DEN,Denver Broncos,23,12,14,0,0,0,,sacks=pfr team totals; int=pfr; fr=pfr (opponent fumbles lost); tds=pfr; sfty=nfl.com team totals (incl. team safeties); blk=unknown
1994,DET,Detroit Lions,28,12,11,3,4,1,,sacks=pfr team totals; int=pfr; fr=pfr (opponent fumbles lost); tds=pfr; sfty=nfl.com team totals (incl. team safeties); blk=unknown
1994,GNB,Green Bay Packers,37,21,12,1,2,0,,sacks=pfr team totals; int=pfr; fr=pfr (opponent fumbles lost); tds=pfr; sfty=nfl.com team totals (incl. team safeties); blk=unknown
1994,HOU,Houston Oilers,31,14,12,1,1,1,,sacks=pfr team totals; int=pfr; fr=pfr (opponent fumbles lost); tds=pfr; sfty=nfl.com team totals (incl. team safeties); blk=unknown
1994,IND,Indianapolis Colts,29,18,10,5,2,0,,sacks=pfr team totals; int=pfr; fr=pfr (opponent fumbles lost); tds=pfr; sfty=nfl.com team totals (incl. team safeties); blk=unknown
1994,KAN,Kansas City Chiefs,39,12,26,1,1,2,,sacks=pfr team totals; int=pfr; fr=pfr (opponent fumbles lost); tds=pfr; sfty=nfl.com team totals (incl. team safeties); blk=unknown
1994,MIA,Miami Dolphins,29,23,9,1,0,0,,sacks=pfr team totals; int=pfr; fr=pfr (opponent fumbles lost); tds=pfr; sfty=nfl.com team totals (incl. team safeties); blk=unknown
1994,MIN,Minnesota Vikings,36,18,16,7,0,0,,sacks=pfr team totals; int=pfr; fr=pfr (opponent fumbles lost); tds=pfr; sfty=nfl.com team totals (incl. team safeties); blk=unknown
1994,NOR,New Orleans Saints,36,17,14,3,2,0,,sacks=pfr team totals; int=pfr; fr=pfr (opponent fumbles lost); tds=pfr; sfty=nfl.com team totals (incl. team safeties); blk=unknown
1994,NWE,New England Patriots,39,22,18,2,0,0,,sacks=pfr team totals; int=pfr; fr=pfr (opponent fumbles lost); tds=pfr; sfty=nfl.com team totals (incl. team safeties); blk=unknown
1994,NYG,New York Giants,26,16,16,0,2,2,,sacks=pfr team totals; int=pfr; fr=pfr (opponent fumbles lost); tds=pfr; sfty=nfl.com team totals (incl. team safeties); blk=unknown
1994,NYJ,New York Jets,29,17,21,3,0,0,,sacks=pfr team totals; int=pfr; fr=pfr (opponent fumbles lost); tds=pfr; sfty=nfl.com team totals (incl. team safeties); blk=unknown
1994,PHI,Philadelphia Eagles,42,21,14,2,1,1,,sacks=pfr team totals; int=pfr; fr=pfr (opponent fumbles lost); tds=pfr; sfty=nfl.com team totals (incl. team safeties); blk=unknown
1994,PIT,Pittsburgh Steelers,55,17,14,3,0,0,,sacks=pfr team totals; int=pfr; fr=pfr (opponent fumbles lost); tds=pfr; sfty=nfl.com team totals (incl. team safeties); blk=unknown
1994,RAI,Los Angeles Raiders,38,12,13,5,0,0,,sacks=pfr team totals; int=pfr; fr=pfr (opponent fumbles lost); tds=pfr; sfty=nfl.com team totals (incl. team safeties); blk=unknown
1994,RAM,Los Angeles Rams,26,14,6,3,1,1,,sacks=pfr team totals; int=pfr; fr=pfr (opponent fumbles lost); tds=pfr; sfty=nfl.com team totals (incl. team safeties); blk=unknown
1994,SDG,San Diego Chargers,43,17,15,3,4,0,,sacks=pfr team totals; int=pfr; fr=pfr (opponent fumbles lost); tds=pfr; sfty=nfl.com team totals (incl. team safeties); blk=unknown
1994,SEA,Seattle Seahawks,29,19,11,2,1,1,,sacks=pfr team totals; int=pfr; fr=pfr (opponent fumbles lost); tds=pfr; sfty=nfl.com team totals (incl. team safeties); blk=unknown
1994,SFO,San Francisco 49ers,38,23,12,5,1,0,,sacks=pfr team totals; int=pfr; fr=pfr (opponent fumbles lost); tds=pfr; sfty=nfl.com team totals (incl. team safeties); blk=unknown
1994,TAM,Tampa Bay Buccaneers,20,9,12,0,1,0,,sacks=pfr team totals; int=pfr; fr=pfr (opponent fumbles lost); tds=pfr; sfty=nfl.com team totals (incl. team safeties); blk=unknown
1994,WAS,Washington Redskins,28,17,6,5,2,1,,sacks=pfr team totals; int=pfr; fr=pfr (opponent fumbles lost); tds=pfr; sfty=nfl.com team totals (incl. team safeties); blk=unknown
1995,ARI,Arizona Cardinals,31,19,23,5,1,0,,sacks=pfr team totals; int=pfr; fr=pfr (opponent fumbles lost); tds=pfr; sfty=nfl.com team totals (incl. team safeties); blk=unknown
1995,ATL,Atlanta Falcons,30,18,12,2,2,0,,sacks=pfr team totals; int=pfr; fr=pfr (opponent fumbles lost); tds=pfr; sfty=nfl.com team totals (incl. team safeties); blk=unknown
1995,BUF,Buffalo Bills,49,17,11,2,0,0,,sacks=pfr team totals; int=pfr; fr=pfr (opponent fumbles lost); tds=pfr; sfty=nfl.com team totals (incl. team safeties); blk=unknown
1995,CAR,Carolina Panthers,36,21,16,3,1,0,,sacks=pfr team totals; int=pfr; fr=pfr (opponent fumbles lost); tds=pfr; sfty=nfl.com team totals (incl. team safeties); blk=unknown
1995,CHI,Chicago Bears,35,16,13,1,1,1,,sacks=pfr team totals; int=pfr; fr=pfr (opponent fumbles lost); tds=pfr; sfty=nfl.com team totals (incl. team safeties); blk=unknown
1995,CIN,Cincinnati Bengals,42,12,12,1,0,2,,sacks=pfr team totals; int=pfr; fr=pfr (opponent fumbles lost); tds=pfr; sfty=nfl.com team totals (incl. team safeties); blk=unknown
1995,CLE,Cleveland Browns,29,17,7,2,1,0,,sacks=pfr team totals; int=pfr; fr=pfr (opponent fumbles lost); tds=pfr; sfty=nfl.com team totals (incl. team safeties); blk=unknown
1995,DAL,Dallas Cowboys,36,19,6,4,0,0,,sacks=pfr team totals; int=pfr; fr=pfr (opponent fumbles lost); tds=pfr; sfty=nfl.com team totals (incl. team safeties); blk=unknown
1995,DEN,Denver Broncos,30,8,13,1,0,0,,sacks=pfr team totals; int=pfr; fr=pfr (opponent fumbles lost); tds=pfr; sfty=nfl.com team totals (incl. team safeties); blk=unknown
1995,DET,Detroit Lions,42,22,13,1,0,1,,sacks=pfr team totals; int=pfr; fr=pfr (opponent fumbles lost); tds=pfr; sfty=nfl.com team totals (incl. team safeties); blk=unknown
1995,GNB,Green Bay Packers,39,13,3,1,0,0,,sacks=pfr team totals; int=pfr; fr=pfr (opponent fumbles lost); tds=pfr; sfty=nfl.com team totals (incl. team safeties); blk=unknown
1995,HOU,Houston Oilers,30,21,17,4,0,1,,sacks=pfr team totals; int=pfr; fr=pfr (opponent fumbles lost); tds=pfr; sfty=nfl.com team totals (incl. team safeties); blk=unknown
1995,IND,Indianapolis Colts,29,13,13,2,1,1,,sacks=pfr team totals; int=pfr; fr=pfr (opponent fumbles lost); tds=pfr; sfty=nfl.com team totals (incl. team safeties); blk=unknown
1995,JAX,Jacksonville Jaguars,17,13,11,1,2,0,,sacks=pfr team totals; int=pfr; fr=pfr (opponent fumbles lost); tds=pfr; sfty=nfl.com team totals (incl. team safeties); blk=unknown
1995,KAN,Kansas City Chiefs,47,16,17,4,3,0,,sacks=pfr team totals; int=pfr; fr=pfr (opponent fumbles lost); tds=pfr; sfty=nfl.com team totals (incl. team safeties); blk=unknown
1995,MIA,Miami Dolphins,29,14,16,2,0,0,,sacks=pfr team totals; int=pfr; fr=pfr (opponent fumbles lost); tds=pfr; sfty=nfl.com team totals (incl. team safeties); blk=unknown
1995,MIN,Minnesota Vikings,44,25,15,4,1,0,,sacks=pfr team totals; int=pfr; fr=pfr (opponent fumbles lost); tds=pfr; sfty=nfl.com team totals (incl. team safeties); blk=unknown
1995,NOR,New Orleans Saints,44,17,12,1,0,0,,sacks=pfr team totals; int=pfr; fr=pfr (opponent fumbles lost); tds=pfr; sfty=nfl.com team totals (incl. team safeties); blk=unknown
1995,NWE,New England Patriots,37,15,14,1,0,0,,sacks=pfr team totals; int=pfr; fr=pfr (opponent fumbles lost); tds=pfr; sfty=nfl.com team totals (incl. team safeties); blk=unknown
1995,NYG,New York Giants,29,16,15,3,1,1,,sacks=pfr team totals; int=pfr; fr=pfr (opponent fumbles lost); tds=pfr; sfty=nfl.com team totals (incl. team safeties); blk=unknown
1995,NYJ,New York Jets,43,17,17,4,0,1,,sacks=pfr team totals; int=pfr; fr=pfr (opponent fumbles lost); tds=pfr; sfty=nfl.com team totals (incl. team safeties); blk=unknown
1995,OAK,Oakland Raiders,43,11,22,5,1,0,,sacks=pfr team totals; int=pfr; fr=pfr (opponent fumbles lost); tds=pfr; sfty=nfl.com team totals (incl. team safeties); blk=unknown
1995,PHI,Philadelphia Eagles,48,19,19,5,1,0,,sacks=pfr team totals; int=pfr; fr=pfr (opponent fumbles lost); tds=pfr; sfty=nfl.com team totals (incl. team safeties); blk=unknown
1995,PIT,Pittsburgh Steelers,42,22,12,5,1,0,,sacks=pfr team totals; int=pfr; fr=pfr (opponent fumbles lost); tds=pfr; sfty=nfl.com team totals (incl. team safeties); blk=unknown
1995,SDG,San Diego Chargers,36,17,10,3,3,1,,sacks=pfr team totals; int=pfr; fr=pfr (opponent fumbles lost); tds=pfr; sfty=nfl.com team totals (incl. team safeties); blk=unknown
1995,SEA,Seattle Seahawks,28,16,9,2,1,1,,sacks=pfr team totals; int=pfr; fr=pfr (opponent fumbles lost); tds=pfr; sfty=nfl.com team totals (incl. team safeties); blk=unknown
1995,SFO,San Francisco 49ers,40,26,8,7,1,0,,sacks=pfr team totals; int=pfr; fr=pfr (opponent fumbles lost); tds=pfr; sfty=nfl.com team totals (incl. team safeties); blk=unknown
1995,STL,St. Louis Rams,36,22,14,5,0,1,,sacks=pfr team totals; int=pfr; fr=pfr (opponent fumbles lost); tds=pfr; sfty=nfl.com team totals (incl. team safeties); blk=unknown
1995,TAM,Tampa Bay Buccaneers,25,14,16,2,0,0,,sacks=pfr team totals; int=pfr; fr=pfr (opponent fumbles lost); tds=pfr; sfty=nfl.com team totals (incl. team safeties); blk=unknown
1995,WAS,Washington Redskins,30,16,19,3,1,1,,sacks=pfr team totals; int=pfr; fr=pfr (opponent fumbles lost); tds=pfr; sfty=nfl.com team totals (incl. team safeties); blk=unknown
1996,ARI,Arizona Cardinals,28,11,14,2,0,0,,sacks=pfr team totals; int=pfr; fr=pfr (opponent fumbles lost); tds=pfr; sfty=nfl.com team totals (incl. team safeties); blk=unknown
1996,ATL,Atlanta Falcons,36,6,17,0,0,0,,sacks=pfr team totals; int=pfr; fr=pfr (opponent fumbles lost); tds=pfr; sfty=nfl.com team totals (incl. team safeties); blk=unknown
1996,BAL,Baltimore Ravens,30,15,7,1,0,0,,sacks=pfr team totals; int=pfr; fr=pfr (opponent fumbles lost); tds=pfr; sfty=nfl.com team totals (incl. team safeties); blk=unknown
1996,BUF,Buffalo Bills,48,14,14,1,2,0,,sacks=pfr team totals; int=pfr; fr=pfr (opponent fumbles lost); tds=pfr; sfty=nfl.com team totals (incl. team safeties); blk=unknown
1996,CAR,Carolina Panthers,60,22,16,3,2,2,,sacks=pfr team totals; int=pfr; fr=pfr (opponent fumbles lost); tds=pfr; sfty=nfl.com team totals (incl. team safeties); blk=unknown
1996,CHI,Chicago Bears,30,17,11,3,0,1,,sacks=pfr team totals; int=pfr; fr=pfr (opponent fumbles lost); tds=pfr; sfty=nfl.com team totals (incl. team safeties); blk=unknown
1996,CIN,Cincinnati Bengals,32,34,10,3,1,0,,sacks=pfr team totals; int=pfr; fr=pfr (opponent fumbles lost); tds=pfr; sfty=nfl.com team totals (incl. team safeties); blk=unknown
1996,DAL,Dallas Cowboys,37,19,14,1,0,0,,sacks=pfr team totals; int=pfr; fr=pfr (opponent fumbles lost); tds=pfr; sfty=nfl.com team totals (incl. team safeties); blk=unknown
1996,DEN,Denver Broncos,40,23,9,1,0,0,,sacks=pfr team totals; int=pfr; fr=pfr (opponent fumbles lost); tds=pfr; sfty=nfl.com team totals (incl. team safeties); blk=unknown
1996,DET,Detroit Lions,32,11,8,3,0,0,,sacks=pfr team totals; int=pfr; fr=pfr (opponent fumbles lost); tds=pfr; sfty=nfl.com team totals (incl. team safeties); blk=unknown
1996,GNB,Green Bay Packers,37,26,13,3,4,1,,sacks=pfr team totals; int=pfr; fr=pfr (opponent fumbles lost); tds=pfr; sfty=nfl.com team totals (incl. team safeties); blk=unknown
1996,HOU,Houston Oilers,35,12,14,1,0,2,,sacks=pfr team totals; int=pfr; fr=pfr (opponent fumbles lost); tds=pfr; sfty=nfl.com team totals (incl. team safeties); blk=unknown
1996,IND,Indianapolis Colts,29,13,10,4,1,1,,sacks=pfr team totals; int=pfr; fr=pfr (opponent fumbles lost); tds=pfr; sfty=nfl.com team totals (incl. team safeties); blk=unknown
1996,JAX,Jacksonville Jaguars,37,13,14,0,1,0,,sacks=pfr team totals; int=pfr; fr=pfr (opponent fumbles lost); tds=pfr; sfty=nfl.com team totals (incl. team safeties); blk=unknown
1996,KAN,Kansas City Chiefs,31,17,10,1,1,1,,sacks=pfr team totals; int=pfr; fr=pfr (opponent fumbles lost); tds=pfr; sfty=nfl.com team totals (incl. team safeties); blk=unknown
1996,MIA,Miami Dolphins,37,20,16,4,0,1,,sacks=pfr team totals; int=pfr; fr=pfr (opponent fumbles lost); tds=pfr; sfty=nfl.com team totals (incl. team safeties); blk=unknown
1996,MIN,Minnesota Vikings,43,22,13,1,1,0,,sacks=pfr team totals; int=pfr; fr=pfr (opponent fumbles lost); tds=pfr; sfty=nfl.com team totals (incl. team safeties); blk=unknown
1996,NOR,New Orleans Saints,41,12,10,1,0,0,,sacks=pfr team totals; int=pfr; fr=pfr (opponent fumbles lost); tds=pfr; sfty=nfl.com team totals (incl. team safeties); blk=unknown
1996,NWE,New England Patriots,33,23,11,4,2,1,,sacks=pfr team totals; int=pfr; fr=pfr (opponent fumbles lost); tds=pfr; sfty=nfl.com team totals (incl. team safeties); blk=unknown
1996,NYG,New York Giants,30,22,13,4,2,2,,sacks=pfr team totals; int=pfr; fr=pfr (opponent fumbles lost); tds=pfr; sfty=nfl.com team totals (incl. team safeties); blk=unknown
1996,NYJ,New York Jets,28,11,15,3,0,0,,sacks=pfr team totals; int=pfr; fr=pfr (opponent fumbles lost); tds=pfr; sfty=nfl.com team totals (incl. team safeties); blk=unknown
1996,OAK,Oakland Raiders,34,17,9,3,0,2,,sacks=pfr team totals; int=pfr; fr=pfr (opponent fumbles lost); tds=pfr; sfty=nfl.com team totals (incl. team safeties); blk=unknown
1996,PHI,Philadelphia Eagles,40,19,12,4,2,1,,sacks=pfr team totals; int=pfr; fr=pfr (opponent fumbles lost); tds=pfr; sfty=nfl.com team totals (incl. team safeties); blk=unknown
1996,PIT,Pittsburgh Steelers,51,23,17,5,1,0,,sacks=pfr team totals; int=pfr; fr=pfr (opponent fumbles lost); tds=pfr; sfty=nfl.com team totals (incl. team safeties); blk=unknown
1996,SDG,San Diego Chargers,33,22,14,1,1,0,,sacks=pfr team totals; int=pfr; fr=pfr (opponent fumbles lost); tds=pfr; sfty=nfl.com team totals (incl. team safeties); blk=unknown
1996,SEA,Seattle Seahawks,48,14,18,1,2,0,,sacks=pfr team totals; int=pfr; fr=pfr (opponent fumbles lost); tds=pfr; sfty=nfl.com team totals (incl. team safeties); blk=unknown
1996,SFO,San Francisco 49ers,45,20,14,2,0,4,,sacks=pfr team totals; int=pfr; fr=pfr (opponent fumbles lost); tds=pfr; sfty=nfl.com team totals (incl. team safeties); blk=unknown
1996,STL,St. Louis Rams,32,26,13,4,2,1,,sacks=pfr team totals; int=pfr; fr=pfr (opponent fumbles lost); tds=pfr; sfty=nfl.com team totals (incl. team safeties); blk=unknown
1996,TAM,Tampa Bay Buccaneers,35,17,12,0,1,0,,sacks=pfr team totals; int=pfr; fr=pfr (opponent fumbles lost); tds=pfr; sfty=nfl.com team totals (incl. team safeties); blk=unknown
1996,WAS,Washington Redskins,34,21,9,2,0,0,,sacks=pfr team totals; int=pfr; fr=pfr (opponent fumbles lost); tds=pfr; sfty=nfl.com team totals (incl. team safeties); blk=unknown
1997,ARI,Arizona Cardinals,34,15,5,3,1,0,,sacks=pfr team totals; int=pfr; fr=pfr (opponent fumbles lost); tds=pfr; sfty=nfl.com team totals (incl. team safeties); blk=unknown
1997,ATL,Atlanta Falcons,55,18,10,0,2,0,,sacks=pfr team totals; int=pfr; fr=pfr (opponent fumbles lost); tds=pfr; sfty=nfl.com team totals (incl. team safeties); blk=unknown
1997,BAL,Baltimore Ravens,42,17,11,1,2,1,,sacks=pfr team totals; int=pfr; fr=pfr (opponent fumbles lost); tds=pfr; sfty=nfl.com team totals (incl. team safeties); blk=unknown
1997,BUF,Buffalo Bills,46,15,7,0,0,1,,sacks=pfr team totals; int=pfr; fr=pfr (opponent fumbles lost); tds=pfr; sfty=nfl.com team totals (incl. team safeties); blk=unknown
1997,CAR,Carolina Panthers,36,11,11,0,0,1,,sacks=pfr team totals; int=pfr; fr=pfr (opponent fumbles lost); tds=pfr; sfty=nfl.com team totals (incl. team safeties); blk=unknown
1997,CHI,Chicago Bears,38,13,17,0,0,1,,sacks=pfr team totals; int=pfr; fr=pfr (opponent fumbles lost); tds=pfr; sfty=nfl.com team totals (incl. team safeties); blk=unknown
1997,CIN,Cincinnati Bengals,35,13,10,1,1,0,,sacks=pfr team totals; int=pfr; fr=pfr (opponent fumbles lost); tds=pfr; sfty=nfl.com team totals (incl. team safeties); blk=unknown
1997,DAL,Dallas Cowboys,38,7,12,3,1,0,,sacks=pfr team totals; int=pfr; fr=pfr (opponent fumbles lost); tds=pfr; sfty=nfl.com team totals (incl. team safeties); blk=unknown
1997,DEN,Denver Broncos,44,18,13,7,3,0,,sacks=pfr team totals; int=pfr; fr=pfr (opponent fumbles lost); tds=pfr; sfty=nfl.com team totals (incl. team safeties); blk=unknown
1997,DET,Detroit Lions,43,17,8,5,0,1,,sacks=pfr team totals; int=pfr; fr=pfr (opponent fumbles lost); tds=pfr; sfty=nfl.com team totals (incl. team safeties); blk=unknown
1997,GNB,Green Bay Packers,41,21,11,5,0,0,,sacks=pfr team totals; int=pfr; fr=pfr (opponent fumbles lost); tds=pfr; sfty=nfl.com team totals (incl. team safeties); blk=unknown
1997,IND,Indianapolis Colts,37,12,13,4,1,1,,sacks=pfr team totals; int=pfr; fr=pfr (opponent fumbles lost); tds=pfr; sfty=nfl.com team totals (incl. team safeties); blk=unknown
1997,JAX,Jacksonville Jaguars,48,14,15,1,2,0,,sacks=pfr team totals; int=pfr; fr=pfr (opponent fumbles lost); tds=pfr; sfty=nfl.com team totals (incl. team safeties); blk=unknown
1997,KAN,Kansas City Chiefs,54,21,13,4,2,3,,sacks=pfr team totals; int=pfr; fr=pfr (opponent fumbles lost); tds=pfr; sfty=nfl.com team totals (incl. team safeties); blk=unknown
1997,MIA,Miami Dolphins,31,10,17,2,0,0,,sacks=pfr team totals; int=pfr; fr=pfr (opponent fumbles lost); tds=pfr; sfty=nfl.com team totals (incl. team safeties); blk=unknown
1997,MIN,Minnesota Vikings,44,12,15,2,0,0,,sacks=pfr team totals; int=pfr; fr=pfr (opponent fumbles lost); tds=pfr; sfty=nfl.com team totals (incl. team safeties); blk=unknown
1997,NOR,New Orleans Saints,59,16,15,1,1,0,,sacks=pfr team totals; int=pfr; fr=pfr (opponent fumbles lost); tds=pfr; sfty=nfl.com team totals (incl. team safeties); blk=unknown
1997,NWE,New England Patriots,45,19,13,4,1,1,,sacks=pfr team totals; int=pfr; fr=pfr (opponent fumbles lost); tds=pfr; sfty=nfl.com team totals (incl. team safeties); blk=unknown
1997,NYG,New York Giants,54,27,17,4,1,1,,sacks=pfr team totals; int=pfr; fr=pfr (opponent fumbles lost); tds=pfr; sfty=nfl.com team totals (incl. team safeties); blk=unknown
1997,NYJ,New York Jets,29,18,7,4,4,0,,sacks=pfr team totals; int=pfr; fr=pfr (opponent fumbles lost); tds=pfr; sfty=nfl.com team totals (incl. team safeties); blk=unknown
1997,OAK,Oakland Raiders,31,10,12,2,0,1,,sacks=pfr team totals; int=pfr; fr=pfr (opponent fumbles lost); tds=pfr; sfty=nfl.com team totals (incl. team safeties); blk=unknown
1997,PHI,Philadelphia Eagles,43,14,12,2,1,0,,sacks=pfr team totals; int=pfr; fr=pfr (opponent fumbles lost); tds=pfr; sfty=nfl.com team totals (incl. team safeties); blk=unknown
1997,PIT,Pittsburgh Steelers,48,20,14,2,1,0,,sacks=pfr team totals; int=pfr; fr=pfr (opponent fumbles lost); tds=pfr; sfty=nfl.com team totals (incl. team safeties); blk=unknown
1997,SDG,San Diego Chargers,27,15,11,5,5,0,,sacks=pfr team totals; int=pfr; fr=pfr (opponent fumbles lost); tds=pfr; sfty=nfl.com team totals (incl. team safeties); blk=unknown
1997,SEA,Seattle Seahawks,42,13,16,4,0,1,,sacks=pfr team totals; int=pfr; fr=pfr (opponent fumbles lost); tds=pfr; sfty=nfl.com team totals (incl. team safeties); blk=unknown
1997,SFO,San Francisco 49ers,54,25,16,3,2,0,,sacks=pfr team totals; int=pfr; fr=pfr (opponent fumbles lost); tds=pfr; sfty=nfl.com team totals (incl. team safeties); blk=unknown
1997,STL,St. Louis Rams,38,25,14,2,0,0,,sacks=pfr team totals; int=pfr; fr=pfr (opponent fumbles lost); tds=pfr; sfty=nfl.com team totals (incl. team safeties); blk=unknown
1997,TAM,Tampa Bay Buccaneers,44,13,13,0,2,0,,sacks=pfr team totals; int=pfr; fr=pfr (opponent fumbles lost); tds=pfr; sfty=nfl.com team totals (incl. team safeties); blk=unknown
1997,TEN,Tennessee Oilers,35,14,18,4,0,0,,sacks=pfr team totals; int=pfr; fr=pfr (opponent fumbles lost); tds=pfr; sfty=nfl.com team totals (incl. team safeties); blk=unknown
1997,WAS,Washington Redskins,37,16,14,4,2,0,,sacks=pfr team totals; int=pfr; fr=pfr (opponent fumbles lost); tds=pfr; sfty=nfl.com team totals (incl. team safeties); blk=unknown
1998,ARI,Arizona Cardinals,39,20,19,1,0,2,,sacks=pfr team totals; int=pfr; fr=pfr (opponent fumbles lost); tds=pfr; sfty=nfl.com team totals (incl. team safeties); blk=unknown
1998,ATL,Atlanta Falcons,38,19,25,6,1,1,,sacks=pfr team totals; int=pfr; fr=pfr (opponent fumbles lost); tds=pfr; sfty=nfl.com team totals (incl. team safeties); blk=unknown
1998,BAL,Baltimore Ravens,39,17,6,2,4,2,,sacks=pfr team totals; int=pfr; fr=pfr (opponent fumbles lost); tds=pfr; sfty=nfl.com team totals (incl. team safeties); blk=unknown
1998,BUF,Buffalo Bills,43,18,13,2,0,1,,sacks=pfr team totals; int=pfr; fr=pfr (opponent fumbles lost); tds=pfr; sfty=nfl.com team totals (incl. team safeties); blk=unknown
1998,CAR,Carolina Panthers,37,19,14,2,2,0,,sacks=pfr team totals; int=pfr; fr=pfr (opponent fumbles lost); tds=pfr; sfty=nfl.com team totals (incl. team safeties); blk=unknown
1998,CHI,Chicago Bears,28,14,14,2,3,2,,sacks=pfr team totals; int=pfr; fr=pfr (opponent fumbles lost); tds=pfr; sfty=nfl.com team totals (incl. team safeties); blk=unknown
1998,CIN,Cincinnati Bengals,28,13,7,2,2,0,,sacks=pfr team totals; int=pfr; fr=pfr (opponent fumbles lost); tds=pfr; sfty=nfl.com team totals (incl. team safeties); blk=unknown
1998,DAL,Dallas Cowboys,34,14,12,2,2,1,,sacks=pfr team totals; int=pfr; fr=pfr (opponent fumbles lost); tds=pfr; sfty=nfl.com team totals (incl. team safeties); blk=unknown
1998,DEN,Denver Broncos,47,19,11,2,1,0,,sacks=pfr team totals; int=pfr; fr=pfr (opponent fumbles lost); tds=pfr; sfty=nfl.com team totals (incl. team safeties); blk=unknown
1998,DET,Detroit Lions,43,12,9,1,2,0,,sacks=pfr team totals; int=pfr; fr=pfr (opponent fumbles lost); tds=pfr; sfty=nfl.com team totals (incl. team safeties); blk=unknown
1998,GNB,Green Bay Packers,50,13,10,3,3,1,,sacks=pfr team totals; int=pfr; fr=pfr (opponent fumbles lost); tds=pfr; sfty=nfl.com team totals (incl. team safeties); blk=unknown
1998,IND,Indianapolis Colts,38,8,11,0,0,0,,sacks=pfr team totals; int=pfr; fr=pfr (opponent fumbles lost); tds=pfr; sfty=nfl.com team totals (incl. team safeties); blk=unknown
1998,JAX,Jacksonville Jaguars,30,13,17,2,2,0,,sacks=pfr team totals; int=pfr; fr=pfr (opponent fumbles lost); tds=pfr; sfty=nfl.com team totals (incl. team safeties); blk=unknown
1998,KAN,Kansas City Chiefs,40,13,20,1,0,1,,sacks=pfr team totals; int=pfr; fr=pfr (opponent fumbles lost); tds=pfr; sfty=nfl.com team totals (incl. team safeties); blk=unknown
1998,MIA,Miami Dolphins,45,29,7,4,0,0,,sacks=pfr team totals; int=pfr; fr=pfr (opponent fumbles lost); tds=pfr; sfty=nfl.com team totals (incl. team safeties); blk=unknown
1998,MIN,Minnesota Vikings,38,19,15,5,1,1,,sacks=pfr team totals; int=pfr; fr=pfr (opponent fumbles lost); tds=pfr; sfty=nfl.com team totals (incl. team safeties); blk=unknown
1998,NOR,New Orleans Saints,47,21,11,9,1,2,,sacks=pfr team totals; int=pfr; fr=pfr (opponent fumbles lost); tds=pfr; sfty=nfl.com team totals (incl. team safeties); blk=unknown
1998,NWE,New England Patriots,36,24,7,3,0,0,,sacks=pfr team totals; int=pfr; fr=pfr (opponent fumbles lost); tds=pfr; sfty=nfl.com team totals (incl. team safeties); blk=unknown
1998,NYG,New York Giants,54,19,7,3,1,0,,sacks=pfr team totals; int=pfr; fr=pfr (opponent fumbles lost); tds=pfr; sfty=nfl.com team totals (incl. team safeties); blk=unknown
1998,NYJ,New York Jets,36,21,9,3,1,1,,sacks=pfr team totals; int=pfr; fr=pfr (opponent fumbles lost); tds=pfr; sfty=nfl.com team totals (incl. team safeties); blk=unknown
1998,OAK,Oakland Raiders,41,21,14,4,2,0,,sacks=pfr team totals; int=pfr; fr=pfr (opponent fumbles lost); tds=pfr; sfty=nfl.com team totals (incl. team safeties); blk=unknown
1998,PHI,Philadelphia Eagles,42,9,8,0,0,1,,sacks=pfr team totals; int=pfr; fr=pfr (opponent fumbles lost); tds=pfr; sfty=nfl.com team totals (incl. team safeties); blk=unknown
1998,PIT,Pittsburgh Steelers,41,16,13,4,1,0,,sacks=pfr team totals; int=pfr; fr=pfr (opponent fumbles lost); tds=pfr; sfty=nfl.com team totals (incl. team safeties); blk=unknown
1998,SDG,San Diego Chargers,39,20,7,1,0,1,,sacks=pfr team totals; int=pfr; fr=pfr (opponent fumbles lost); tds=pfr; sfty=nfl.com team totals (incl. team safeties); blk=unknown
1998,SEA,Seattle Seahawks,53,24,18,10,3,0,,sacks=pfr team totals; int=pfr; fr=pfr (opponent fumbles lost); tds=pfr; sfty=nfl.com team totals (incl. team safeties); blk=unknown
1998,SFO,San Francisco 49ers,51,21,12,0,1,0,,sacks=pfr team totals; int=pfr; fr=pfr (opponent fumbles lost); tds=pfr; sfty=nfl.com team totals (incl. team safeties); blk=unknown
1998,STL,St. Louis Rams,50,16,7,1,2,0,,sacks=pfr team totals; int=pfr; fr=pfr (opponent fumbles lost); tds=pfr; sfty=nfl.com team totals (incl. team safeties); blk=unknown
1998,TAM,Tampa Bay Buccaneers,37,12,14,1,2,0,,sacks=pfr team totals; int=pfr; fr=pfr (opponent fumbles lost); tds=pfr; sfty=nfl.com team totals (incl. team safeties); blk=unknown
1998,TEN,Tennessee Oilers,30,12,7,3,0,0,,sacks=pfr team totals; int=pfr; fr=pfr (opponent fumbles lost); tds=pfr; sfty=nfl.com team totals (incl. team safeties); blk=unknown
1998,WAS,Washington Redskins,33,13,8,0,1,1,,sacks=pfr team totals; int=pfr; fr=pfr (opponent fumbles lost); tds=pfr; sfty=nfl.com team totals (incl. team safeties); blk=unknown
