player_id,pfr_id,name,position,season,team,team_name,games,fg_made,fg_att,fg_made_0_39,fg_made_40_49,fg_made_50_plus,fg_made_unknown,xp_made,xp_att,source
k:al-feeney,,Al Feeney,K,1920,CAN,Canton Bulldogs,8,1,,0,0,0,1,8,,profootballarchives
k:al-pierotti,,Al Pierotti,K,1920,AKR/CLE,Akron Pros / Cleveland Tigers,5,0,,0,0,0,0,2,,profootballarchives
k:bobby-marshall,,Bobby Marshall,K,1920,RII,Rock Island Independents,7,0,,0,0,0,0,3,,profootballarchives
k:bodie-weldon,,Bodie Weldon,K,1920,BUF,Buffalo All-Americans,5,1,,0,0,0,1,5,,profootballarchives
k:charlie-copley,,Charlie Copley,K,1920,AKR,Akron Pros,9,1,,0,0,0,1,12,,profootballarchives
k:dick-abrell,,Dick Abrell,K,1920,DAY,Dayton Triangles,5,0,,0,0,0,0,2,,profootballarchives
k:dutch-sternaman,,Dutch Sternaman,K,1920,DEC,Decatur Staleys,8,3,,0,0,0,3,1,,profootballarchives
k:frank-bacon,,Frank Bacon,K,1920,DAY,Dayton Triangles,8,0,,0,0,0,0,2,,profootballarchives
k:george-kinderdine,,George Kinderdine,K,1920,DAY,Dayton Triangles,8,0,,0,0,0,0,12,,profootballarchives
k:george-roudebush,,George Roudebush,K,1920,DAY,Dayton Triangles,8,1,,0,0,0,1,0,,profootballarchives
k:hugh-blacklock,,Hugh Blacklock,K,1920,DEC,Decatur Staleys,8,0,,0,0,0,0,6,,profootballarchives
k:jim-laird,,Jim Laird,K,1920,BUF/RCH,Buffalo All-Americans / Rochester Jeffersons,2,2,,0,0,0,2,0,,profootballarchives
k:jim-thorpe,,Jim Thorpe,K,1920,CAN,Canton Bulldogs,6,3,,0,0,0,3,0,,profootballarchives
k:jimmy-conzelman,,Jimmy Conzelman,K,1920,DEC,Decatur Staleys,7,1,,0,0,0,1,0,,profootballarchives
k:johnny-barrett,,Johnny Barrett,K,1920,CHT,Chicago Tigers,6,1,,0,0,0,1,0,,profootballarchives
k:louie-kolls,,Louie Kolls,K,1920,CRD/HAM,Chicago Cardinals / Hammond Pros,2,0,,0,0,0,0,1,,profootballarchives
k:neil-mathews,,Neil Mathews,K,1920,CHT,Chicago Tigers,6,0,,0,0,0,0,1,,profootballarchives
k:ockie-anderson,,Ockie Anderson,K,1920,BUF,Buffalo All-Americans,6,0,,0,0,0,0,1,,profootballarchives
k:oscar-kuhner,,Oscar Kuhner,K,1920,COL,Columbus Panhandles,5,0,,0,0,0,0,1,,profootballarchives
k:paddy-driscoll,,Paddy Driscoll,K,1920,CRD/DEC,Chicago Cardinals / Decatur Staleys,7,0,,0,0,0,0,4,,profootballarchives
k:rube-ursella,,Rube Ursella,K,1920,RII,Rock Island Independents,5,1,,0,0,0,1,5,,profootballarchives
k:sid-nichols,,Sid Nichols,K,1920,RII,Rock Island Independents,6,0,,0,0,0,0,3,,profootballarchives
k:tommy-hughitt,,Tommy Hughitt,K,1920,BUF,Buffalo All-Americans,6,0,,0,0,0,0,3,,profootballarchives
k:al-feeney,,Al Feeney,K,1921,CAN,Canton Bulldogs,8,0,,0,0,0,0,7,,profootballarchives
k:art-lewis,,Art Lewis,K,1921,CIN,Cincinnati Celts,3,0,,0,0,0,0,1,,profootballarchives
k:belf-west,,Belf West,K,1921,CAN,Canton Bulldogs,10,1,,0,0,0,1,4,,profootballarchives
k:benny-boynton,,Benny Boynton,K,1921,RCH/WSN,Rochester Jeffersons / Washington Senators,5,1,,0,0,0,1,11,,profootballarchives
k:bob-higgins,,Bob Higgins,K,1921,CAN,Canton Bulldogs,9,0,,0,0,0,0,2,,profootballarchives
k:bob-koehler,,Bob Koehler,K,1921,CRD,Chicago Cardinals,8,0,,0,0,0,0,2,,profootballarchives
k:bourbon-bondurant,,Bourbon Bondurant,K,1921,EVN,Evansville Crimson Giants,5,0,,0,0,0,0,6,,profootballarchives
k:carl-cramer,,Carl Cramer,K,1921,AKR,Akron Pros,11,0,,0,0,0,0,1,,profootballarchives
k:charlie-copley,,Charlie Copley,K,1921,AKR,Akron Pros,11,0,,0,0,0,0,10,,profootballarchives
k:charlie-mathys,,Charlie Mathys,K,1921,HAM,Hammond Pros,5,1,,0,0,0,1,0,,profootballarchives
k:curly-lambeau,,Curly Lambeau,K,1921,GNB,Green Bay Packers,6,3,,0,0,0,3,7,,profootballarchives
k:cy-degree,,Cy DeGree,K,1921,DET,Detroit Tigers,7,1,,0,0,0,1,0,,profootballarchives
k:dutch-sternaman,,Dutch Sternaman,K,1921,CHI,Chicago Staleys,11,5,,0,0,0,5,9,,profootballarchives
k:elliott-risley,,Elliott Risley,K,1921,HAM,Hammond Pros,5,0,,0,0,0,0,2,,profootballarchives
k:elmer-oliphant,,Elmer Oliphant,K,1921,BUF,Buffalo All-Americans,10,5,,0,0,0,5,26,,profootballarchives
k:emmett-ruh,,Emmett Ruh,K,1921,COL,Columbus Panhandles,7,2,,0,0,0,2,1,,profootballarchives
k:frank-nesser,,Frank Nesser,K,1921,COL,Columbus Panhandles,9,0,,0,0,0,0,1,,profootballarchives
k:george-munns,,George Munns,K,1921,CIN,Cincinnati Celts,4,0,,0,0,0,0,1,,profootballarchives
k:harry-bliss,,Harry Bliss,K,1921,COL,Columbus Panhandles,9,0,,0,0,0,0,1,,profootballarchives
k:herb-henderson,,Herb Henderson,K,1921,EVN,Evansville Crimson Giants,4,0,,0,0,0,0,5,,profootballarchives
k:howard-berry,,Howard Berry,K,1921,RCH,Rochester Jeffersons,4,2,,0,0,0,2,2,,profootballarchives
k:hugh-blacklock,,Hugh Blacklock,K,1921,CHI,Chicago Staleys,11,0,,0,0,0,0,2,,profootballarchives
k:jim-thorpe,,Jim Thorpe,K,1921,CLE,Cleveland Indians,5,1,,0,0,0,1,2,,profootballarchives
k:jimmy-conzelman,,Jimmy Conzelman,K,1921,RII,Rock Island Independents,7,1,,0,0,0,1,0,,profootballarchives
k:joe-guyon,,Joe Guyon,K,1921,CLE/WSN,Cleveland Indians / Washington Senators,9,0,,0,0,0,0,10,,profootballarchives
k:leo-tobin,,Leo Tobin,K,1921,AKR,Akron Pros,9,0,,0,0,0,0,1,,profootballarchives
k:obe-wenig,,Obe Wenig,K,1921,RII,Rock Island Independents,7,0,,0,0,0,0,8,,profootballarchives
k:paddy-driscoll,,Paddy Driscoll,K,1921,CRD,Chicago Cardinals,8,1,,0,0,0,1,4,,profootballarchives
k:paul-sheeks,,Paul Sheeks,K,1921,AKR,Akron Pros,11,2,,0,0,0,2,1,,profootballarchives
k:ralph-horween,,Ralph Horween,K,1921,CRD,Chicago Cardinals,4,1,,0,0,0,1,0,,profootballarchives
k:rip-king,,Rip King,K,1921,AKR,Akron Pros,11,0,,0,0,0,0,3,,profootballarchives
k:rube-ursella,,Rube Ursella,K,1921,MIN,Minneapolis Marines,4,1,,0,0,0,1,4,,profootballarchives
k:russ-hathaway,,Russ Hathaway,K,1921,DAY,Dayton Triangles,9,4,,0,0,0,4,12,,profootballarchives
k:tillie-voss,,Tillie Voss,K,1921,BUF/DET,Buffalo All-Americans / Detroit Tigers,12,0,,0,0,0,0,2,,profootballarchives
k:tommy-hughitt,,Tommy Hughitt,K,1921,BUF,Buffalo All-Americans,12,0,,0,0,0,0,2,,profootballarchives
k:arda-bowser,,Arda Bowser,K,1922,CAN,Canton Bulldogs,5,0,,0,0,0,0,2,,michaelmallari
k:arnie-horween,,Arnie Horween,K,1922,CRD,Chicago Cardinals,11,1,,0,0,0,1,0,,michaelmallari
k:bill-irgens,,Bill Irgens,K,1922,MIN,Minneapolis Marines,4,0,,0,0,0,0,1,,michaelmallari
k:bird-carroll,,Bird Carroll,K,1922,CAN,Canton Bulldogs,12,0,,0,0,0,0,1,,michaelmallari
k:charlie-copley,,Charlie Copley,K,1922,AKR/MIL,Akron Pros / Milwaukee Badgers,7,0,,0,0,0,0,1,,michaelmallari
k:charlie-mathys,,Charlie Mathys,K,1922,GNB,Green Bay Packers,10,1,,0,0,0,1,0,,michaelmallari
k:cliff-steele,,Cliff Steele,K,1922,AKR/RCH,Akron Pros / Rochester Jeffersons,5,0,,0,0,0,0,1,,michaelmallari
k:cub-buck,,Cub Buck,K,1922,GNB,Green Bay Packers,10,1,,0,0,0,1,3,,michaelmallari
k:curly-lambeau,,Curly Lambeau,K,1922,GNB,Green Bay Packers,8,1,,0,0,0,1,3,,michaelmallari
k:dunc-annan,,Dunc Annan,K,1922,TOL,Toledo Maroons,9,0,,0,0,0,0,1,,michaelmallari
k:dutch-lauer,,Dutch Lauer,K,1922,GNB/RII,Green Bay Packers / Rock Island Independents,9,0,,0,0,0,0,1,,michaelmallari
k:dutch-sternaman,,Dutch Sternaman,K,1922,CHI,Chicago Bears,11,6,,0,0,0,6,5,,michaelmallari
k:ed-shaw,,Ed Shaw,K,1922,CAN,Canton Bulldogs,12,2,,0,0,0,2,8,,michaelmallari
k:frank-morrissey,,Frank Morrissey,K,1922,BUF,Buffalo All-Americans,10,2,,0,0,0,2,8,,michaelmallari
k:fritz-pollard,,Fritz Pollard,K,1922,MIL,Milwaukee Badgers,7,0,,0,0,0,0,2,,michaelmallari
k:george-halas,,George Halas,K,1922,CHI,Chicago Bears,12,0,,0,0,0,0,2,,michaelmallari
k:hank-gillo,,Hank Gillo,K,1922,RAC,Racine Legion,11,6,,0,0,0,6,4,,michaelmallari
k:harold-fenner,,Harold Fenner,K,1922,DAY,Dayton Triangles,6,1,,0,0,0,1,0,,michaelmallari
k:irv-langhoff,,Irv Langhoff,K,1922,RAC,Racine Legion,11,0,,0,0,0,0,2,,michaelmallari
k:jab-murray,,Jab Murray,K,1922,GNB/RAC,Green Bay Packers / Racine Legion,11,0,,0,0,0,0,1,,michaelmallari
k:jerry-johnson,,Jerry Johnson,K,1922,RAC/RII,Racine Legion / Rock Island Independents,8,1,,0,0,0,1,6,,michaelmallari
k:jimmy-conzelman,,Jimmy Conzelman,K,1922,MIL/RII,Milwaukee Badgers / Rock Island Independents,10,2,,0,0,0,2,0,,michaelmallari
k:jimmy-van-dyke,,Jimmy Van Dyke,K,1922,LOU,Louisville Brecks,3,0,,0,0,0,0,1,,michaelmallari
k:joe-guyon,,Joe Guyon,K,1922,OOR,Oorang Indians,9,0,,0,0,0,0,3,,michaelmallari
k:joe-mills,,Joe Mills,K,1922,AKR,Akron Pros,7,0,,0,0,0,0,1,,michaelmallari
k:joey-sternaman,,Joey Sternaman,K,1922,CHI,Chicago Bears,12,0,,0,0,0,0,2,,michaelmallari
k:paddy-driscoll,,Paddy Driscoll,K,1922,CRD,Chicago Cardinals,11,8,,0,0,0,8,4,,michaelmallari
k:paul-sheeks,,Paul Sheeks,K,1922,AKR,Akron Pros,9,3,,0,0,0,3,8,,michaelmallari
k:pete-henry,,Pete Henry,K,1922,CAN,Canton Bulldogs,12,2,,0,0,0,2,4,,michaelmallari
k:ralph-horween,,Ralph Horween,K,1922,CRD,Chicago Cardinals,9,3,,0,0,0,3,2,,michaelmallari
k:rat-watson,,Rat Watson,K,1922,TOL,Toledo Maroons,7,1,,0,0,0,1,0,,michaelmallari
k:rip-king,,Rip King,K,1922,AKR,Akron Pros,6,0,,0,0,0,0,3,,michaelmallari
k:russ-hathaway,,Russ Hathaway,K,1922,CAN/DAY,Canton Bulldogs / Dayton Triangles,10,2,,0,0,0,2,9,,michaelmallari
k:russ-stein,,Russ Stein,K,1922,TOL,Toledo Maroons,7,1,,0,0,0,1,2,,michaelmallari
k:tillie-voss,,Tillie Voss,K,1922,AKR/RII,Akron Pros / Rock Island Independents,10,0,,0,0,0,0,6,,michaelmallari
k:truck-myers,,Truck Myers,K,1922,TOL,Toledo Maroons,9,0,,0,0,0,0,1,,michaelmallari
k:waddy-kuehl,,Waddy Kuehl,K,1922,BUF,Buffalo All-Americans,10,0,,0,0,0,0,1,,michaelmallari
k:wally-sieb,,Wally Sieb,K,1922,RAC,Racine Legion,2,0,,0,0,0,0,1,,michaelmallari
k:walt-kreinheder,,Walt Kreinheder,K,1922,AKR,Akron Pros,5,1,,0,0,0,1,1,,michaelmallari
k:al-michaels,,Al Michaels,K,1923,AKR,Akron Pros,7,1,,0,0,0,1,0,,michaelmallari
k:arnie-horween,,Arnie Horween,K,1923,CRD,Chicago Cardinals,11,2,,0,0,0,2,3,,michaelmallari
k:art-folz,,Art Folz,K,1923,CRD,Chicago Cardinals,4,0,,0,0,0,0,1,,michaelmallari
k:ave-kaplan,,Ave Kaplan,K,1923,MIN,Minneapolis Marines,8,3,,0,0,0,3,3,,michaelmallari
k:ben-winkelman,,Ben Winkelman,K,1923,MIL,Milwaukee Badgers,12,6,,0,0,0,6,8,,michaelmallari
k:bird-carroll,,Bird Carroll,K,1923,CAN,Canton Bulldogs,9,0,,0,0,0,0,1,,michaelmallari
k:cub-buck,,Cub Buck,K,1923,GNB,Green Bay Packers,10,6,,0,0,0,6,5,,michaelmallari
k:dick-king,,Dick King,K,1923,STL,St. Louis All-Stars,7,0,,0,0,0,0,2,,michaelmallari
k:doug-roby,,Doug Roby,K,1923,CLI,Cleveland Indians,7,0,,0,0,0,0,1,,michaelmallari
k:dutch-hendrian,,Dutch Hendrian,K,1923,AKR/CAN,Akron Pros / Canton Bulldogs,9,0,,0,0,0,0,1,,michaelmallari
k:dutch-sternaman,,Dutch Sternaman,K,1923,CHI,Chicago Bears,11,5,,0,0,0,5,6,,michaelmallari
k:ed-robinson,,Ed Robinson,K,1923,HAM,Hammond Pros,3,0,,0,0,0,0,1,,michaelmallari
k:emmett-mclemore,,Emmett McLemore,K,1923,OOR,Oorang Indians,9,0,,0,0,0,0,2,,michaelmallari
k:frank-morrissey,,Frank Morrissey,K,1923,BUF,Buffalo All-Americans,12,8,,0,0,0,8,7,,michaelmallari
k:fritz-pollard,,Fritz Pollard,K,1923,HAM,Hammond Pros,2,0,,0,0,0,0,1,,michaelmallari
k:gus-tebell,,Gus Tebell,K,1923,COL,Columbus Tigers,10,4,,0,0,0,4,7,,michaelmallari
k:hank-gillo,,Hank Gillo,K,1923,RAC,Racine Legion,10,8,,0,0,0,8,8,,michaelmallari
k:herb-sies,,Herb Sies,K,1923,RII,Rock Island Independents,8,3,,0,0,0,3,8,,michaelmallari
k:jim-thorpe,,Jim Thorpe,K,1923,OOR,Oorang Indians,9,1,,0,0,0,1,0,,michaelmallari
k:jimmy-conzelman,,Jimmy Conzelman,K,1923,MIL,Milwaukee Badgers,12,0,,0,0,0,0,2,,michaelmallari
k:joe-little-twig,,Joe Little Twig,K,1923,OOR,Oorang Indians,11,0,,0,0,0,0,1,,michaelmallari
k:joey-sternaman,,Joey Sternaman,K,1923,CHI/DUL,Chicago Bears / Duluth Kelleys,10,6,,0,0,0,6,4,,michaelmallari
k:john-tanner,,John Tanner,K,1923,CLI,Cleveland Indians,6,0,,0,0,0,0,2,,michaelmallari
k:larry-conover,,Larry Conover,K,1923,CAN,Canton Bulldogs,12,0,,0,0,0,0,1,,michaelmallari
k:paddy-driscoll,,Paddy Driscoll,K,1923,CRD,Chicago Cardinals,10,10,,0,0,0,10,6,,michaelmallari
k:paul-goebel,,Paul Goebel,K,1923,COL,Columbus Tigers,10,0,,0,0,0,0,2,,michaelmallari
k:pete-henry,,Pete Henry,K,1923,CAN,Canton Bulldogs,12,9,,0,0,0,9,25,,michaelmallari
k:ralph-scott,,Ralph Scott,K,1923,CHI,Chicago Bears,11,0,,0,0,0,0,1,,michaelmallari
k:rat-watson,,Rat Watson,K,1923,TOL,Toledo Maroons,5,0,,0,0,0,0,1,,michaelmallari
k:red-weaver,,Red Weaver,K,1923,COL,Columbus Tigers,10,0,,0,0,0,0,2,,michaelmallari
k:rip-king,,Rip King,K,1923,CRD,Chicago Cardinals,11,0,,0,0,0,0,1,,michaelmallari
k:russ-hathaway,,Russ Hathaway,K,1923,DAY,Dayton Triangles,8,3,,0,0,0,3,1,,michaelmallari
k:stan-keck,,Stan Keck,K,1923,CLI,Cleveland Indians,3,2,,0,0,0,2,1,,michaelmallari
k:tillie-voss,,Tillie Voss,K,1923,TOL,Toledo Maroons,8,0,,0,0,0,0,1,,michaelmallari
k:tom-mcnamara,,Tom McNamara,K,1923,TOL,Toledo Maroons,8,1,,0,0,0,1,0,,michaelmallari
k:tommy-hughitt,,Tommy Hughitt,K,1923,BUF,Buffalo All-Americans,12,1,,0,0,0,1,0,,michaelmallari
k:al-elliott,,Al Elliott,K,1924,RAC,Racine Legion,7,1,,0,0,0,1,0,,michaelmallari
k:ben-jones,,Ben Jones,K,1924,CLE,Cleveland Bulldogs,8,0,,0,0,0,0,1,,michaelmallari
k:ben-winkelman,,Ben Winkelman,K,1924,MIL,Milwaukee Badgers,13,1,,0,0,0,1,0,,michaelmallari
k:benny-boynton,,Benny Boynton,K,1924,BUF/RCH,Buffalo Bisons / Rochester Jeffersons,10,4,,0,0,0,4,11,,michaelmallari
k:carl-cramer,,Carl Cramer,K,1924,AKR,Akron Pros,8,1,,0,0,0,1,0,,michaelmallari
k:chuck-corgan,,Chuck Corgan,K,1924,KAN,Kansas City Blues,9,0,,0,0,0,0,2,,michaelmallari
k:cub-buck,,Cub Buck,K,1924,GNB,Green Bay Packers,11,3,,0,0,0,3,8,,michaelmallari
k:curly-lambeau,,Curly Lambeau,K,1924,GNB,Green Bay Packers,11,1,,0,0,0,1,1,,michaelmallari
k:doc-elliott,,Doc Elliott,K,1924,CLE,Cleveland Bulldogs,7,1,,0,0,0,1,1,,michaelmallari
k:dutch-hendrian,,Dutch Hendrian,K,1924,GNB,Green Bay Packers,11,1,,0,0,0,1,0,,michaelmallari
k:dutch-sternaman,,Dutch Sternaman,K,1924,CHI,Chicago Bears,11,1,,0,0,0,1,2,,michaelmallari
k:dutch-wallace,,Dutch Wallace,K,1924,AKR,Akron Pros,7,0,,0,0,0,0,2,,michaelmallari
k:eddie-novak,,Eddie Novak,K,1924,MIN,Minneapolis Marines,5,0,,0,0,0,0,1,,michaelmallari
k:frank-morrissey,,Frank Morrissey,K,1924,BUF/MIL,Buffalo Bisons / Milwaukee Badgers,4,2,,0,0,0,2,0,,michaelmallari
k:gus-tebell,,Gus Tebell,K,1924,COL,Columbus Tigers,1,1,,0,0,0,1,3,,michaelmallari
k:hank-gillo,,Hank Gillo,K,1924,RAC,Racine Legion,10,8,,0,0,0,8,6,,michaelmallari
k:herb-schell,,Herb Schell,K,1924,COL,Columbus Tigers,5,1,,0,0,0,1,0,,michaelmallari
k:herb-sies,,Herb Sies,K,1924,DAY,Dayton Triangles,3,1,,0,0,0,1,0,,michaelmallari
k:hoge-workman,,Hoge Workman,K,1924,CLE,Cleveland Bulldogs,9,3,,0,0,0,3,16,,michaelmallari
k:jack-finn,,Jack Finn,K,1924,FRN,Frankford Yellow Jackets,9,2,,0,0,0,2,2,,michaelmallari
k:jim-thorpe,,Jim Thorpe,K,1924,RII,Rock Island Independents,9,2,,0,0,0,2,1,,michaelmallari
k:jim-welsh,,Jim Welsh,K,1924,FRN,Frankford Yellow Jackets,10,7,,0,0,0,7,17,,michaelmallari
k:joey-sternaman,,Joey Sternaman,K,1924,CHI,Chicago Bears,11,9,,0,0,0,9,12,,michaelmallari
k:john-armstrong,,John Armstrong,K,1924,RII,Rock Island Independents,9,0,,0,0,0,0,1,,michaelmallari
k:john-simons,,John Simons,K,1924,MIN,Minneapolis Marines,6,0,,0,0,0,0,1,,michaelmallari
k:link-lyman,,Link Lyman,K,1924,CLE,Cleveland Bulldogs,9,0,,0,0,0,0,1,,michaelmallari
k:olin-smith,,Olin Smith,K,1924,CLE,Cleveland Bulldogs,8,0,,0,0,0,0,2,,michaelmallari
k:paddy-driscoll,,Paddy Driscoll,K,1924,CRD,Chicago Cardinals,10,7,,0,0,0,7,7,,michaelmallari
k:paul-hogan,,Paul Hogan,K,1924,AKR,Akron Pros,6,1,,0,0,0,1,2,,michaelmallari
k:red-dunn,,Red Dunn,K,1924,MIL,Milwaukee Badgers,13,7,,0,0,0,7,14,,michaelmallari
k:roy-andrews,,Roy Andrews,K,1924,KAN,Kansas City Blues,8,1,,0,0,0,1,1,,michaelmallari
k:rube-ursella,,Rube Ursella,K,1924,RII,Rock Island Independents,7,1,,0,0,0,1,4,,michaelmallari
k:rufe-dewitz,,Rufe DeWitz,K,1924,KAN,Kansas City Blues,8,1,,0,0,0,1,1,,michaelmallari
k:russ-burt,,Russ Burt,K,1924,BUF,Buffalo Bisons,1,0,,0,0,0,0,1,,michaelmallari
k:russ-hathaway,,Russ Hathaway,K,1924,DAY,Dayton Triangles,8,1,,0,0,0,1,3,,michaelmallari
k:russ-stein,,Russ Stein,K,1924,FRN,Frankford Yellow Jackets,12,1,,0,0,0,1,12,,michaelmallari
k:shag-sheard,,Shag Sheard,K,1924,RCH,Rochester Jeffersons,7,0,,0,0,0,0,1,,michaelmallari
k:sonny-winters,,Sonny Winters,K,1924,COL,Columbus Tigers,8,1,,0,0,0,1,5,,michaelmallari
k:vince-mccarthy,,Vince McCarthy,K,1924,RII,Rock Island Independents,2,0,,0,0,0,0,1,,michaelmallari
k:wally-gilbert,,Wally Gilbert,K,1924,DUL,Duluth Kelleys,5,3,,0,0,0,3,3,,michaelmallari
k:walt-sechrist,,Walt Sechrist,K,1924,AKR,Akron Pros,1,0,,0,0,0,0,1,,michaelmallari
k:wooky-roberts,,Wooky Roberts,K,1924,CLE,Cleveland Bulldogs,9,0,,0,0,0,0,1,,michaelmallari
k:al-bloodgood,,Al Bloodgood,K,1925,KAN,Kansas City Cowboys,6,2,,0,0,0,2,1,,michaelmallari
k:barney-wentz,,Barney Wentz,K,1925,POT,Pottsville Maroons,12,0,,0,0,0,0,1,,michaelmallari
k:bull-behman,,Bull Behman,K,1925,FRN,Frankford Yellow Jackets,16,5,,0,0,0,5,12,,michaelmallari
k:charley-hill,,Charley Hill,K,1925,KAN,Kansas City Cowboys,8,0,,0,0,0,0,1,,michaelmallari
k:charlie-berry,,Charlie Berry,K,1925,POT,Pottsville Maroons,10,3,,0,0,0,3,29,,michaelmallari
k:cub-buck,,Cub Buck,K,1925,GNB,Green Bay Packers,12,0,,0,0,0,0,8,,michaelmallari
k:curly-lambeau,,Curly Lambeau,K,1925,GNB,Green Bay Packers,11,1,,0,0,0,1,5,,michaelmallari
k:denny-hughes,,Denny Hughes,K,1925,POT,Pottsville Maroons,7,0,,0,0,0,0,2,,michaelmallari
k:doc-bruder,,Doc Bruder,K,1925,BUF/FRN,Buffalo Bisons / Frankford Yellow Jackets,11,0,,0,0,0,0,2,,michaelmallari
k:doc-elliott,,Doc Elliott,K,1925,CLE,Cleveland Bulldogs,14,3,,0,0,0,3,6,,michaelmallari
k:dutch-connor,,Dutch Connor,K,1925,PRV,Providence Steam Roller,3,0,,0,0,0,0,2,,michaelmallari
k:dutch-hendrian,,Dutch Hendrian,K,1925,NYG/RII,New York Giants / Rock Island Independents,12,3,,0,0,0,3,1,,michaelmallari
k:ed-carman,,Ed Carman,K,1925,BUF/HAM,Buffalo Bisons / Hammond Pros,6,0,,0,0,0,0,1,,michaelmallari
k:ed-robinson,,Ed Robinson,K,1925,HAM,Hammond Pros,5,0,,0,0,0,0,1,,michaelmallari
k:fay-abbott,,Fay Abbott,K,1925,DAY,Dayton Triangles,8,1,,0,0,0,1,0,,michaelmallari
k:fred-sweet,,Fred Sweet,K,1925,PRV,Providence Steam Roller,8,2,,0,0,0,2,1,,michaelmallari
k:george-abramson,,George Abramson,K,1925,GNB,Green Bay Packers,10,2,,0,0,0,2,2,,michaelmallari
k:george-rohleder,,George Rohleder,K,1925,COL,Columbus Tigers,9,3,,0,0,0,3,1,,michaelmallari
k:gus-sonnenberg,,Gus Sonnenberg,K,1925,DET,Detroit Panthers,12,5,,0,0,0,5,12,,michaelmallari
k:ike-mahoney,,Ike Mahoney,K,1925,CRD,Chicago Cardinals,7,0,,0,0,0,0,1,,michaelmallari
k:jack-ernst,,Jack Ernst,K,1925,POT,Pottsville Maroons,12,0,,0,0,0,0,1,,michaelmallari
k:jack-mcbride,,Jack McBride,K,1925,NYG,New York Giants,12,2,,0,0,0,2,7,,michaelmallari
k:jim-kendrick,,Jim Kendrick,K,1925,BUF/HAM/RCH/RII,Buffalo Bisons / Hammond Pros / Rochester Jeffersons / Rock Island Independents,11,3,,0,0,0,3,3,,michaelmallari
k:jim-laird,,Jim Laird,K,1925,PRV,Providence Steam Roller,11,3,,0,0,0,3,2,,michaelmallari
k:joey-sternaman,,Joey Sternaman,K,1925,CHI,Chicago Bears,17,3,,0,0,0,3,17,,michaelmallari
k:john-armstrong,,John Armstrong,K,1925,RII,Rock Island Independents,11,0,,0,0,0,0,1,,michaelmallari
k:knute-caldwell,,Knute Caldwell,K,1925,AKR,Akron Pros,5,0,,0,0,0,0,5,,michaelmallari
k:matt-brennan,,Matt Brennan,K,1925,NYG,New York Giants,6,1,,0,0,0,1,0,,michaelmallari
k:obie-newman,,Obie Newman,K,1925,AKR,Akron Pros,8,0,,0,0,0,0,1,,michaelmallari
k:paddy-driscoll,,Paddy Driscoll,K,1925,CRD,Chicago Cardinals,13,11,,0,0,0,11,10,,michaelmallari
k:pete-henry,,Pete Henry,K,1925,CAN,Canton Bulldogs,6,1,,0,0,0,1,5,,michaelmallari
k:phil-white,,Phil White,K,1925,KAN/NYG,Kansas City Cowboys / New York Giants,11,1,,0,0,0,1,1,,michaelmallari
k:red-dunn,,Red Dunn,K,1925,CRD,Chicago Cardinals,10,0,,0,0,0,0,10,,michaelmallari
k:red-maloney,,Red Maloney,K,1925,PRV,Providence Steam Roller,12,3,,0,0,0,3,4,,michaelmallari
k:roddy-lamb,,Roddy Lamb,K,1925,RII,Rock Island Independents,9,0,,0,0,0,0,3,,michaelmallari
k:roy-andrews,,Roy Andrews,K,1925,KAN,Kansas City Cowboys,7,1,,0,0,0,1,1,,michaelmallari
k:rube-ursella,,Rube Ursella,K,1925,RII,Rock Island Independents,11,3,,0,0,0,3,2,,michaelmallari
k:russ-blailock,,Russ Blailock,K,1925,AKR,Akron Pros,8,1,,0,0,0,1,2,,michaelmallari
k:sam-mason,,Sam Mason,K,1925,MIL,Milwaukee Badgers,6,0,,0,0,0,0,1,,michaelmallari
k:tex-grigg,,Tex Grigg,K,1925,RCH,Rochester Jeffersons,7,0,,0,0,0,0,2,,michaelmallari
k:tex-hamer,,Tex Hamer,K,1925,FRN,Frankford Yellow Jackets,19,0,,0,0,0,0,3,,michaelmallari
k:verne-lewellen,,Verne Lewellen,K,1925,GNB,Green Bay Packers,10,0,,0,0,0,0,1,,michaelmallari
k:wally-foster,,Wally Foster,K,1925,BUF,Buffalo Bisons,9,0,,0,0,0,0,1,,michaelmallari
k:al-bloodgood,,Al Bloodgood,K,1926,KAN,Kansas City Cowboys,11,8,,0,0,0,8,5,,michaelmallari
k:archie-golembeski,,Archie Golembeski,K,1926,PRV,Providence Steam Roller,9,0,,0,0,0,0,1,,michaelmallari
k:art-beckley,,Art Beckley,K,1926,DAY,Dayton Triangles,6,1,,0,0,0,1,0,,michaelmallari
k:bill-buckler,,Bill Buckler,K,1926,CHI,Chicago Bears,15,0,,0,0,0,0,1,,michaelmallari
k:bill-senn,,Bill Senn,K,1926,CHI,Chicago Bears,15,0,,0,0,0,0,3,,michaelmallari
k:curly-lambeau,,Curly Lambeau,K,1926,GNB,Green Bay Packers,12,0,,0,0,0,0,4,,michaelmallari
k:cy-wentworth,,Cy Wentworth,K,1926,PRV,Providence Steam Roller,8,1,,0,0,0,1,3,,michaelmallari
k:doc-bruder,,Doc Bruder,K,1926,FRN,Frankford Yellow Jackets,13,0,,0,0,0,0,1,,michaelmallari
k:don-curtin,,Don Curtin,K,1926,MIL/RAC,Milwaukee Badgers / Racine Tornadoes,4,2,,0,0,0,2,1,,michaelmallari
k:don-newmeyer,,Don Newmeyer,K,1926,LAB,Los Angeles Buccaneers,10,0,,0,0,0,0,2,,michaelmallari
k:dutch-sternaman,,Dutch Sternaman,K,1926,CHI,Chicago Bears,14,1,,0,0,0,1,2,,michaelmallari
k:ed-weir,,Ed Weir,K,1926,FRN,Frankford Yellow Jackets,4,1,,0,0,0,1,2,,michaelmallari
k:ernie-nevers,,Ernie Nevers,K,1926,DUL,Duluth Eskimos,14,4,,0,0,0,4,11,,michaelmallari
k:evar-swanson,,Evar Swanson,K,1926,CRD,Chicago Cardinals,7,0,,0,0,0,0,1,,michaelmallari
k:franny-garvey,,Franny Garvey,K,1926,PRV,Providence Steam Roller,10,0,,0,0,0,0,1,,michaelmallari
k:george-rohleder,,George Rohleder,K,1926,AKR,Akron Indians,6,1,,0,0,0,1,2,,michaelmallari
k:gus-sonnenberg,,Gus Sonnenberg,K,1926,DET,Detroit Panthers,12,9,,0,0,0,9,7,,michaelmallari
k:hap-moran,,Hap Moran,K,1926,FRN,Frankford Yellow Jackets,14,0,,0,0,0,0,3,,michaelmallari
k:harry-robb,,Harry Robb,K,1926,CAN,Canton Bulldogs,13,0,,0,0,0,0,1,,michaelmallari
k:ike-mahoney,,Ike Mahoney,K,1926,CRD,Chicago Cardinals,11,0,,0,0,0,0,1,,michaelmallari
k:jack-keefer,,Jack Keefer,K,1926,PRV,Providence Steam Roller,11,0,,0,0,0,0,3,,michaelmallari
k:jack-mcbride,,Jack McBride,K,1926,NYG,New York Giants,13,1,,0,0,0,1,15,,michaelmallari
k:jack-perrin,,Jack Perrin,K,1926,HRT,Hartford Blues,6,1,,0,0,0,1,3,,michaelmallari
k:jim-kendrick,,Jim Kendrick,K,1926,BUF,Buffalo Rangers,10,0,,0,0,0,0,4,,michaelmallari
k:jim-welsh,,Jim Welsh,K,1926,POT,Pottsville Maroons,13,5,,0,0,0,5,15,,michaelmallari
k:jimmy-conzelman,,Jimmy Conzelman,K,1926,DET,Detroit Panthers,12,0,,0,0,0,0,1,,michaelmallari
k:johnny-budd,,Johnny Budd,K,1926,FRN,Frankford Yellow Jackets,17,6,,0,0,0,6,12,,michaelmallari
k:lou-reichel,,Lou Reichel,K,1926,COL,Columbus Tigers,7,0,,0,0,0,0,2,,michaelmallari
k:matt-brennan,,Matt Brennan,K,1926,BRL,Brooklyn Lions,10,1,,0,0,0,1,2,,michaelmallari
k:milt-romney,,Milt Romney,K,1926,CHI,Chicago Bears,16,0,,0,0,0,0,1,,michaelmallari
k:paddy-driscoll,,Paddy Driscoll,K,1926,CHI,Chicago Bears,16,12,,0,0,0,12,14,,michaelmallari
k:paul-hogan,,Paul Hogan,K,1926,FRN/NYG,Frankford Yellow Jackets / New York Giants,13,0,,0,0,0,0,5,,michaelmallari
k:pete-henry,,Pete Henry,K,1926,CAN,Canton Bulldogs,13,0,,0,0,0,0,3,,michaelmallari
k:pid-purdy,,Pid Purdy,K,1926,GNB,Green Bay Packers,11,2,,0,0,0,2,14,,michaelmallari
k:red-dunn,,Red Dunn,K,1926,CRD,Chicago Cardinals,11,4,,0,0,0,4,3,,michaelmallari
k:rex-thomas,,Rex Thomas,K,1926,BRL,Brooklyn Lions,10,0,,0,0,0,0,1,,michaelmallari
k:roddy-lamb,,Roddy Lamb,K,1926,CRD,Chicago Cardinals,10,0,,0,0,0,0,1,,michaelmallari
k:roger-ashmore,,Roger Ashmore,K,1926,MIL,Milwaukee Badgers,9,0,,0,0,0,0,2,,michaelmallari
k:roy-andrews,,Roy Andrews,K,1926,KAN,Kansas City Cowboys,8,0,,0,0,0,0,1,,michaelmallari
k:russ-hathaway,,Russ Hathaway,K,1926,POT,Pottsville Maroons,10,0,,0,0,0,0,3,,michaelmallari
k:tex-hamer,,Tex Hamer,K,1926,FRN,Frankford Yellow Jackets,17,0,,0,0,0,0,3,,michaelmallari
k:tuffy-maul,,Tuffy Maul,K,1926,LAB,Los Angeles Buccaneers,10,2,,0,0,0,2,3,,michaelmallari
k:vic-radzievitch,,Vic Radzievitch,K,1926,HRT,Hartford Blues,8,1,,0,0,0,1,2,,michaelmallari
k:walt-sechrist,,Walt Sechrist,K,1926,HAM/LOU,Hammond Pros / Louisville Colonels,5,1,,0,0,0,1,0,,michaelmallari
k:whitey-woodin,,Whitey Woodin,K,1926,GNB,Green Bay Packers,13,0,,0,0,0,0,1,,michaelmallari
k:al-bloodgood,,Al Bloodgood,K,1927,CLE,Cleveland Bulldogs,10,1,,0,0,0,1,6,,michaelmallari
k:barney-wentz,,Barney Wentz,K,1927,POT,Pottsville Maroons,12,1,,0,0,0,1,2,,michaelmallari
k:benny-friedman,,Benny Friedman,K,1927,CLE,Cleveland Bulldogs,13,0,,0,0,0,0,11,,michaelmallari
k:bill-pritchard,,Bill Pritchard,K,1927,PRV,Providence Steam Roller,12,0,,0,0,0,0,3,,michaelmallari
k:bo-molenda,,Bo Molenda,K,1927,NYY,New York Yankees,10,0,,0,0,0,0,1,,michaelmallari
k:bub-weller,,Bub Weller,K,1927,CRD,Chicago Cardinals,11,0,,0,0,0,0,2,,michaelmallari
k:dick-moynihan,,Dick Moynihan,K,1927,FRN,Frankford Yellow Jackets,9,1,,0,0,0,1,0,,michaelmallari
k:doug-wycoff,,Doug Wycoff,K,1927,NYG,New York Giants,11,0,,0,0,0,0,1,,michaelmallari
k:earl-britton,,Earl Britton,K,1927,DAY/FRN,Dayton Triangles / Frankford Yellow Jackets,14,1,,0,0,0,1,0,,michaelmallari
k:ed-weir,,Ed Weir,K,1927,FRN,Frankford Yellow Jackets,18,0,,0,0,0,0,1,,michaelmallari
k:eddie-tryon,,Eddie Tryon,K,1927,NYY,New York Yankees,14,0,,0,0,0,0,8,,michaelmallari
k:ernie-nevers,,Ernie Nevers,K,1927,DUL,Duluth Eskimos,9,0,,0,0,0,0,7,,michaelmallari
k:evar-swanson,,Evar Swanson,K,1927,CRD,Chicago Cardinals,7,1,,0,0,0,1,2,,michaelmallari
k:gus-sonnenberg,,Gus Sonnenberg,K,1927,PRV,Providence Steam Roller,14,3,,0,0,0,3,7,,michaelmallari
k:hap-moran,,Hap Moran,K,1927,CRD/FRN,Chicago Cardinals / Frankford Yellow Jackets,10,3,,0,0,0,3,6,,michaelmallari
k:jack-mcbride,,Jack McBride,K,1927,NYG,New York Giants,12,2,,0,0,0,2,15,,michaelmallari
k:joey-sternaman,,Joey Sternaman,K,1927,CHI,Chicago Bears,14,0,,0,0,0,0,4,,michaelmallari
k:ken-mercer,,Ken Mercer,K,1927,FRN,Frankford Yellow Jackets,17,5,,0,0,0,5,6,,michaelmallari
k:ossie-wiberg,,Ossie Wiberg,K,1927,CLE,Cleveland Bulldogs,10,0,,0,0,0,0,1,,michaelmallari
k:paddy-driscoll,,Paddy Driscoll,K,1927,CHI,Chicago Bears,14,2,,0,0,0,2,7,,michaelmallari
k:pete-henry,,Pete Henry,K,1927,NYG/POT,New York Giants / Pottsville Maroons,13,2,,0,0,0,2,1,,michaelmallari
k:phil-white,,Phil White,K,1927,NYG,New York Giants,12,0,,0,0,0,0,1,,michaelmallari
k:pid-purdy,,Pid Purdy,K,1927,GNB,Green Bay Packers,6,1,,0,0,0,1,1,,michaelmallari
k:red-dunn,,Red Dunn,K,1927,GNB,Green Bay Packers,10,0,,0,0,0,0,7,,michaelmallari
k:wes-fry,,Wes Fry,K,1927,NYY,New York Yankees,15,0,,0,0,0,0,1,,michaelmallari
k:benny-friedman,,Benny Friedman,K,1928,DET,Detroit Wolverines,10,0,,0,0,0,0,19,,michaelmallari
k:bill-pritchard,,Bill Pritchard,K,1928,NYY,New York Yankees,13,0,,0,0,0,0,1,,michaelmallari
k:bill-senn,,Bill Senn,K,1928,CHI,Chicago Bears,12,0,,0,0,0,0,1,,michaelmallari
k:bo-molenda,,Bo Molenda,K,1928,GNB/NYY,Green Bay Packers / New York Yankees,12,0,,0,0,0,0,3,,michaelmallari
k:bruce-caldwell,,Bruce Caldwell,K,1928,NYG,New York Giants,10,1,,0,0,0,1,0,,michaelmallari
k:curly-oden,,Curly Oden,K,1928,PRV,Providence Steam Roller,11,0,,0,0,0,0,3,,michaelmallari
k:dick-sturtridge,,Dick Sturtridge,K,1928,CHI,Chicago Bears,10,0,,0,0,0,0,1,,michaelmallari
k:ducky-grant,,Ducky Grant,K,1928,CRD,Chicago Cardinals,6,0,,0,0,0,0,1,,michaelmallari
k:ed-weir,,Ed Weir,K,1928,FRN,Frankford Yellow Jackets,14,0,,0,0,0,0,1,,michaelmallari
k:eddie-scharer,,Eddie Scharer,K,1928,DET,Detroit Wolverines,7,0,,0,0,0,0,1,,michaelmallari
k:fait-elkins,,Fait Elkins,K,1928,FRN,Frankford Yellow Jackets,10,0,,0,0,0,0,1,,michaelmallari
k:fay-abbott,,Fay Abbott,K,1928,DAY,Dayton Triangles,5,1,,0,0,0,1,0,,michaelmallari
k:frank-grube,,Frank Grube,K,1928,NYY,New York Yankees,11,0,,0,0,0,0,1,,michaelmallari
k:gus-sonnenberg,,Gus Sonnenberg,K,1928,PRV,Providence Steam Roller,11,1,,0,0,0,1,7,,michaelmallari
k:harry-oboyle,,Harry O'Boyle,K,1928,GNB,Green Bay Packers,10,3,,0,0,0,3,8,,michaelmallari
k:jack-mcbride,,Jack McBride,K,1928,NYG,New York Giants,9,0,,0,0,0,0,2,,michaelmallari
k:jimmy-conzelman,,Jimmy Conzelman,K,1928,PRV,Providence Steam Roller,4,0,,0,0,0,0,1,,michaelmallari
k:joey-sternaman,,Joey Sternaman,K,1928,CHI,Chicago Bears,13,0,,0,0,0,0,6,,michaelmallari
k:johnny-blood,,Johnny Blood,K,1928,POT,Pottsville Maroons,10,0,,0,0,0,0,1,,michaelmallari
k:johnny-budd,,Johnny Budd,K,1928,POT,Pottsville Maroons,10,0,,0,0,0,0,3,,michaelmallari
k:johnny-roepke,,Johnny Roepke,K,1928,FRN,Frankford Yellow Jackets,10,1,,0,0,0,1,1,,michaelmallari
k:ken-mercer,,Ken Mercer,K,1928,FRN,Frankford Yellow Jackets,14,0,,0,0,0,0,2,,michaelmallari
k:milt-romney,,Milt Romney,K,1928,CHI,Chicago Bears,11,0,,0,0,0,0,1,,michaelmallari
k:mule-wilson,,Mule Wilson,K,1928,NYG,New York Giants,13,0,,0,0,0,0,1,,michaelmallari
k:ossie-wiberg,,Ossie Wiberg,K,1928,DET,Detroit Wolverines,10,0,,0,0,0,0,1,,michaelmallari
k:ox-eckhardt,,Ox Eckhardt,K,1928,NYG,New York Giants,11,0,,0,0,0,0,1,,michaelmallari
k:paddy-driscoll,,Paddy Driscoll,K,1928,CHI,Chicago Bears,12,0,,0,0,0,0,8,,michaelmallari
k:pete-henry,,Pete Henry,K,1928,POT,Pottsville Maroons,7,0,,0,0,0,0,2,,michaelmallari
k:red-dunn,,Red Dunn,K,1928,GNB,Green Bay Packers,12,0,,0,0,0,0,1,,michaelmallari
k:red-smith,,Red Smith,K,1928,NYG/NYY,New York Giants / New York Yankees,11,0,,0,0,0,0,2,,michaelmallari
k:ted-drews,,Ted Drews,K,1928,CHI,Chicago Bears,7,0,,0,0,0,0,1,,michaelmallari
k:tony-kostos,,Tony Kostos,K,1928,FRN,Frankford Yellow Jackets,16,0,,0,0,0,0,2,,michaelmallari
k:benny-friedman,,Benny Friedman,K,1929,NYG,New York Giants,15,0,,0,0,0,0,20,,michaelmallari
k:bo-molenda,,Bo Molenda,K,1929,GNB,Green Bay Packers,12,0,,0,0,0,0,3,,michaelmallari
k:chuck-weimer,,Chuck Weimer,K,1929,BUF,Buffalo Bisons,9,3,,0,0,0,3,3,,michaelmallari
k:cy-wentworth,,Cy Wentworth,K,1929,BOS,Boston Bulldogs,6,0,,0,0,0,0,6,,michaelmallari
k:duke-hanny,,Duke Hanny,K,1929,PRV,Providence Steam Roller,11,0,,0,0,0,0,1,,michaelmallari
k:ed-halicki,,Ed Halicki,K,1929,FRN,Frankford Yellow Jackets,17,1,,0,0,0,1,6,,michaelmallari
k:ernie-nevers,,Ernie Nevers,K,1929,CRD,Chicago Cardinals,11,1,,0,0,0,1,10,,michaelmallari
k:fait-elkins,,Fait Elkins,K,1929,CRD/FRN,Chicago Cardinals / Frankford Yellow Jackets,9,1,,0,0,0,1,0,,michaelmallari
k:felix-mccormick,,Felix McCormick,K,1929,TOR,Orange Tornadoes,10,1,,0,0,0,1,0,,michaelmallari
k:george-kenneally,,George Kenneally,K,1929,BOS,Boston Bulldogs,8,0,,0,0,0,0,1,,michaelmallari
k:hal-erickson,,Hal Erickson,K,1929,MIN,Minneapolis Red Jackets,10,1,,0,0,0,1,1,,michaelmallari
k:jack-ernst,,Jack Ernst,K,1929,BOS,Boston Bulldogs,7,0,,0,0,0,0,1,,michaelmallari
k:jack-mcbride,,Jack McBride,K,1929,PRV,Providence Steam Roller,12,0,,0,0,0,0,6,,michaelmallari
k:joey-sternaman,,Joey Sternaman,K,1929,CHI,Chicago Bears,15,0,,0,0,0,0,8,,michaelmallari
k:johnny-tomaini,,Johnny Tomaini,K,1929,TOR,Orange Tornadoes,11,0,,0,0,0,0,1,,michaelmallari
k:ken-mercer,,Ken Mercer,K,1929,FRN,Frankford Yellow Jackets,13,2,,0,0,0,2,6,,michaelmallari
k:ken-strong,,Ken Strong,K,1929,SIS,Staten Island Stapletons,10,0,,0,0,0,0,9,,michaelmallari
k:lou-jennings,,Lou Jennings,K,1929,PRV,Providence Steam Roller,2,0,,0,0,0,0,4,,michaelmallari
k:lyle-munn,,Lyle Munn,K,1929,NYG,New York Giants,15,0,,0,0,0,0,1,,michaelmallari
k:mally-nydall,,Mally Nydall,K,1929,MIN,Minneapolis Red Jackets,10,0,,0,0,0,0,2,,michaelmallari
k:paddy-driscoll,,Paddy Driscoll,K,1929,CHI,Chicago Bears,14,0,,0,0,0,0,3,,michaelmallari
k:pat-duffy,,Pat Duffy,K,1929,DAY,Dayton Triangles,5,0,,0,0,0,0,1,,michaelmallari
k:ralph-barkman,,Ralph Barkman,K,1929,TOR,Orange Tornadoes,8,0,,0,0,0,0,1,,michaelmallari
k:ray-flaherty,,Ray Flaherty,K,1929,NYG,New York Giants,15,0,,0,0,0,0,1,,michaelmallari
k:red-dunn,,Red Dunn,K,1929,GNB,Green Bay Packers,11,2,,0,0,0,2,11,,michaelmallari
k:red-grange,,Red Grange,K,1929,CHI,Chicago Bears,14,0,,0,0,0,0,1,,michaelmallari
k:tony-plansky,,Tony Plansky,K,1929,NYG,New York Giants,11,2,,0,0,0,2,2,,michaelmallari
k:walt-holmer,,Walt Holmer,K,1929,CHI,Chicago Bears,15,1,,0,0,0,1,0,,michaelmallari
k:art-pharmer,,Art Pharmer,K,1930,FRN/MIN,Frankford Yellow Jackets / Minneapolis Red Jackets,13,0,,0,0,0,0,6,,michaelmallari
k:benny-friedman,,Benny Friedman,K,1930,NYG,New York Giants,15,1,,0,0,0,1,10,,michaelmallari
k:bill-glassgow,,Bill Glassgow,K,1930,PRT,Portsmouth Spartans,12,0,,0,0,0,0,4,,michaelmallari
k:bo-molenda,,Bo Molenda,K,1930,GNB,Green Bay Packers,13,0,,0,0,0,0,4,,michaelmallari
k:butch-meeker,,Butch Meeker,K,1930,PRV,Providence Steam Roller,11,1,,0,0,0,1,1,,michaelmallari
k:carl-brumbaugh,,Carl Brumbaugh,K,1930,CHI,Chicago Bears,14,0,,0,0,0,0,1,,michaelmallari
k:chuck-weimer,,Chuck Weimer,K,1930,BKN,Brooklyn Dodgers,11,0,,0,0,0,0,1,,michaelmallari
k:cookie-tackwell,,Cookie Tackwell,K,1930,FRN/MIN,Frankford Yellow Jackets / Minneapolis Red Jackets,18,0,,0,0,0,0,1,,michaelmallari
k:curly-oden,,Curly Oden,K,1930,PRV,Providence Steam Roller,10,0,,0,0,0,0,1,,michaelmallari
k:dale-burnett,,Dale Burnett,K,1930,NYG,New York Giants,14,0,,0,0,0,0,4,,michaelmallari
k:ed-halicki,,Ed Halicki,K,1930,FRN/MIN,Frankford Yellow Jackets / Minneapolis Red Jackets,14,0,,0,0,0,0,5,,michaelmallari
k:ernie-nevers,,Ernie Nevers,K,1930,CRD,Chicago Cardinals,11,1,,0,0,0,1,9,,michaelmallari
k:frosty-peters,,Frosty Peters,K,1930,PRT/PRV,Portsmouth Spartans / Providence Steam Roller,15,2,,0,0,0,2,7,,michaelmallari
k:gardie-grange,,Gardie Grange,K,1930,CHI,Chicago Bears,12,0,,0,0,0,0,1,,michaelmallari
k:gene-rose,,Gene Rose,K,1930,CRD,Chicago Cardinals,12,0,,0,0,0,0,1,,michaelmallari
k:george-bogue,,George Bogue,K,1930,CRD/TOR,Chicago Cardinals / Newark Tornadoes,7,0,,0,0,0,0,1,,michaelmallari
k:hap-moran,,Hap Moran,K,1930,NYG,New York Giants,16,0,,0,0,0,0,3,,michaelmallari
k:jack-mcbride,,Jack McBride,K,1930,BKN,Brooklyn Dodgers,11,0,,0,0,0,0,8,,michaelmallari
k:jim-mooney,,Jim Mooney,K,1930,BKN/TOR,Brooklyn Dodgers / Newark Tornadoes,15,0,,0,0,0,0,2,,michaelmallari
k:joey-sternaman,,Joey Sternaman,K,1930,CHI,Chicago Bears,9,0,,0,0,0,0,5,,michaelmallari
k:ken-strong,,Ken Strong,K,1930,SIS,Staten Island Stapletons,12,1,,0,0,0,1,8,,michaelmallari
k:laurie-walquist,,Laurie Walquist,K,1930,CHI,Chicago Bears,10,0,,0,0,0,0,1,,michaelmallari
k:luke-johnsos,,Luke Johnsos,K,1930,CHI,Chicago Bears,14,0,,0,0,0,0,4,,michaelmallari
k:mally-nydall,,Mally Nydall,K,1930,FRN/MIN,Frankford Yellow Jackets / Minneapolis Red Jackets,13,0,,0,0,0,0,1,,michaelmallari
k:mike-stramiello,,Mike Stramiello,K,1930,BKN,Brooklyn Dodgers,12,0,,0,0,0,0,6,,michaelmallari
k:ossie-wiberg,,Ossie Wiberg,K,1930,NYG,New York Giants,17,0,,0,0,0,0,6,,michaelmallari
k:red-dunn,,Red Dunn,K,1930,GNB,Green Bay Packers,13,0,,0,0,0,0,14,,michaelmallari
k:red-grange,,Red Grange,K,1930,CHI,Chicago Bears,14,0,,0,0,0,0,1,,michaelmallari
k:red-smith,,Red Smith,K,1930,TOR,Newark Tornadoes,7,0,,0,0,0,0,1,,michaelmallari
k:rex-thomas,,Rex Thomas,K,1930,BKN,Brooklyn Dodgers,6,0,,0,0,0,0,1,,michaelmallari
k:tiny-lewis,,Tiny Lewis,K,1930,PRT,Portsmouth Spartans,13,0,,0,0,0,0,10,,michaelmallari
k:tony-kostos,,Tony Kostos,K,1930,FRN/MIN,Frankford Yellow Jackets / Minneapolis Red Jackets,18,0,,0,0,0,0,1,,michaelmallari
k:bill-senn,,Bill Senn,K,1931,BKN/CHI,Brooklyn Dodgers / Chicago Bears,10,0,,0,0,0,0,1,,michaelmallari
k:bo-molenda,,Bo Molenda,K,1931,GNB,Green Bay Packers,14,0,,0,0,0,0,3,,michaelmallari
k:butch-meeker,,Butch Meeker,K,1931,PRV,Providence Steam Roller,9,0,,0,0,0,0,1,,michaelmallari
k:cookie-tackwell,,Cookie Tackwell,K,1931,CHI/FRN,Chicago Bears / Frankford Yellow Jackets,12,0,,0,0,0,0,3,,michaelmallari
k:dave-mishel,,Dave Mishel,K,1931,CLE,Cleveland Indians,6,0,,0,0,0,0,1,,michaelmallari
k:deck-shelley,,Deck Shelley,K,1931,PRT/PRV,Portsmouth Spartans / Providence Steam Roller,10,0,,0,0,0,0,4,,michaelmallari
k:dutch-clark,,Dutch Clark,K,1931,PRT,Portsmouth Spartans,11,0,,0,0,0,0,6,,michaelmallari
k:dutch-kitzmiller,,Dutch Kitzmiller,K,1931,NYG,New York Giants,14,0,,0,0,0,0,3,,michaelmallari
k:ernie-nevers,,Ernie Nevers,K,1931,CRD,Chicago Cardinals,9,1,,0,0,0,1,15,,michaelmallari
k:frosty-peters,,Frosty Peters,K,1931,BKN,Brooklyn Dodgers,9,0,,0,0,0,0,2,,michaelmallari
k:gardie-grange,,Gardie Grange,K,1931,CHI,Chicago Bears,12,0,,0,0,0,0,1,,michaelmallari
k:glenn-presnell,,Glenn Presnell,K,1931,PRT,Portsmouth Spartans,14,1,,0,0,0,1,8,,michaelmallari
k:hap-moran,,Hap Moran,K,1931,NYG,New York Giants,14,1,,0,0,0,1,8,,michaelmallari
k:hoge-workman,,Hoge Workman,K,1931,CLE,Cleveland Indians,9,0,,0,0,0,0,2,,michaelmallari
k:jack-mcbride,,Jack McBride,K,1931,BKN,Brooklyn Dodgers,13,0,,0,0,0,0,1,,michaelmallari
k:jim-mooney,,Jim Mooney,K,1931,BKN,Brooklyn Dodgers,14,0,,0,0,0,0,1,,michaelmallari
k:ken-strong,,Ken Strong,K,1931,SIS,Staten Island Stapletons,11,2,,0,0,0,2,5,,michaelmallari
k:lavvie-dilweg,,Lavvie Dilweg,K,1931,GNB,Green Bay Packers,14,0,,0,0,0,0,1,,michaelmallari
k:lee-woodruff,,Lee Woodruff,K,1931,PRV,Providence Steam Roller,11,0,,0,0,0,0,1,,michaelmallari
k:luke-johnsos,,Luke Johnsos,K,1931,CHI,Chicago Bears,13,1,,0,0,0,1,4,,michaelmallari
k:paul-fitzgibbon,,Paul Fitzgibbon,K,1931,GNB,Green Bay Packers,11,0,,0,0,0,0,1,,michaelmallari
k:red-dunn,,Red Dunn,K,1931,GNB,Green Bay Packers,12,0,,0,0,0,0,15,,michaelmallari
k:red-smith,,Red Smith,K,1931,NYG,New York Giants,9,0,,0,0,0,0,2,,michaelmallari
k:roger-grove,,Roger Grove,K,1931,GNB,Green Bay Packers,14,0,,0,0,0,0,2,,michaelmallari
k:whitey-woodin,,Whitey Woodin,K,1931,GNB,Green Bay Packers,2,0,,0,0,0,0,3,,michaelmallari
k:benny-friedman,,Benny Friedman,K,1932,BKN,Brooklyn Dodgers,11,1,,0,0,0,1,5,,michaelmallari
k:bill-buckler,,Bill Buckler,K,1932,CHI,Chicago Bears,14,0,,0,0,0,0,1,,michaelmallari
k:bo-molenda,,Bo Molenda,K,1932,GNB/NYG,Green Bay Packers / New York Giants,12,0,,0,0,0,0,3,,michaelmallari
k:clarke-hinkle,,Clarke Hinkle,K,1932,GNB,Green Bay Packers,13,0,,0,0,0,0,1,,michaelmallari
k:cookie-tackwell,,Cookie Tackwell,K,1932,CHI,Chicago Bears,11,0,,0,0,0,0,3,,michaelmallari
k:dick-frahm,,Dick Frahm,K,1932,SIS,Staten Island Stapletons,9,0,,0,0,0,0,2,,michaelmallari
k:dutch-clark,,Dutch Clark,K,1932,PRT,Portsmouth Spartans,11,3,,0,0,0,3,10,,michaelmallari
k:george-corbett,,George Corbett,K,1932,CHI,Chicago Bears,12,0,,0,0,0,0,1,,michaelmallari
k:glenn-presnell,,Glenn Presnell,K,1932,PRT,Portsmouth Spartans,12,0,,0,0,0,0,1,,michaelmallari
k:hap-moran,,Hap Moran,K,1932,NYG,New York Giants,11,0,,0,0,0,0,2,,michaelmallari
k:harry-oboyle,,Harry O'Boyle,K,1932,GNB,Green Bay Packers,11,0,,0,0,0,0,7,,michaelmallari
k:honolulu-hughes,,Honolulu Hughes,K,1932,BOS,Boston Braves,10,0,,0,0,0,0,5,,michaelmallari
k:irv-hill,,Irv Hill,K,1932,CRD,Chicago Cardinals,7,0,,0,0,0,0,4,,michaelmallari
k:jack-hagerty,,Jack Hagerty,K,1932,NYG,New York Giants,4,0,,0,0,0,0,2,,michaelmallari
k:joe-lillard,,Joe Lillard,K,1932,CRD,Chicago Cardinals,7,0,,0,0,0,0,2,,michaelmallari
k:ken-strong,,Ken Strong,K,1932,SIS,Staten Island Stapletons,11,0,,0,0,0,0,3,,michaelmallari
k:lavvie-dilweg,,Lavvie Dilweg,K,1932,GNB,Green Bay Packers,14,0,,0,0,0,0,1,,michaelmallari
k:luke-johnsos,,Luke Johnsos,K,1932,CHI,Chicago Bears,14,0,,0,0,0,0,2,,michaelmallari
k:ossie-wiberg,,Ossie Wiberg,K,1932,BKN,Brooklyn Dodgers,6,0,,0,0,0,0,1,,michaelmallari
k:roger-grove,,Roger Grove,K,1932,GNB,Green Bay Packers,11,0,,0,0,0,0,5,,michaelmallari
k:stu-wilson,,Stu Wilson,K,1932,SIS,Staten Island Stapletons,11,1,,0,0,0,1,3,,michaelmallari
k:tiny-engebretsen,,Tiny Engebretsen,K,1932,CHI,Chicago Bears,14,1,,0,0,0,1,10,,michaelmallari
k:walt-holmer,,Walt Holmer,K,1932,CRD,Chicago Cardinals,10,0,,0,0,0,0,2,,michaelmallari
k:algy-clark,,Algy Clark,K,1933,CIN,Cincinnati Reds,10,4,,0,0,0,4,3,,michaelmallari
k:angelo-brovelli,,Angelo Brovelli,K,1933,PIT,Pittsburgh Pirates,8,0,,0,0,0,0,1,,michaelmallari
k:arnie-herber,,Arnie Herber,K,1933,GNB,Green Bay Packers,11,0,,0,0,0,0,1,,michaelmallari
k:bennie-lapresta,,Bennie LaPresta,K,1933,BOS,Boston Redskins,8,0,,0,0,0,0,1,,michaelmallari
k:benny-friedman,,Benny Friedman,K,1933,BKN,Brooklyn Dodgers,7,0,,0,0,0,0,6,,michaelmallari
k:biff-lee,,Biff Lee,K,1933,CIN,Cincinnati Reds,9,1,,0,0,0,1,0,,michaelmallari
k:bob-monnett,,Bob Monnett,K,1933,GNB,Green Bay Packers,10,0,,0,0,0,0,10,,michaelmallari
k:bronko-nagurski,,Bronko Nagurski,K,1933,CHI,Chicago Bears,13,0,,0,0,0,0,1,,michaelmallari
k:clarke-hinkle,,Clarke Hinkle,K,1933,GNB,Green Bay Packers,13,2,,0,0,0,2,0,,michaelmallari
k:cliff-battles,,Cliff Battles,K,1933,BOS,Boston Redskins,12,1,,0,0,0,1,0,,michaelmallari
k:ed-westfall,,Ed Westfall,K,1933,BOS/PIT,Boston Redskins / Pittsburgh Pirates,9,1,,0,0,0,1,1,,michaelmallari
k:glenn-presnell,,Glenn Presnell,K,1933,PRT,Portsmouth Spartans,11,5,,0,0,0,5,13,,michaelmallari
k:guy-turnbow,,Guy Turnbow,K,1933,PHI,Philadelphia Eagles,9,1,,0,0,0,1,0,,michaelmallari
k:harry-newman,,Harry Newman,K,1933,NYG,New York Giants,14,1,,0,0,0,1,6,,michaelmallari
k:herman-hickman,,Herman Hickman,K,1933,BKN,Brooklyn Dodgers,10,2,,0,0,0,2,2,,michaelmallari
k:jack-manders,,Jack Manders,K,1933,CHI,Chicago Bears,13,6,,0,0,0,6,13,,michaelmallari
k:jack-mcbride,,Jack McBride,K,1933,NYG,New York Giants,11,0,,0,0,0,0,7,,michaelmallari
k:jim-musick,,Jim Musick,K,1933,BOS,Boston Redskins,12,1,,0,0,0,1,12,,michaelmallari
k:joe-carter,,Joe Carter,K,1933,PHI,Philadelphia Eagles,9,0,,0,0,0,0,1,,michaelmallari
k:joe-lillard,,Joe Lillard,K,1933,CRD,Chicago Cardinals,11,2,,0,0,0,2,1,,michaelmallari
k:john-cavosie,,John Cavosie,K,1933,PRT,Portsmouth Spartans,9,1,,0,0,0,1,1,,michaelmallari
k:johnny-blood,,Johnny Blood,K,1933,GNB,Green Bay Packers,9,0,,0,0,0,0,1,,michaelmallari
k:ken-strong,,Ken Strong,K,1933,NYG,New York Giants,14,5,,0,0,0,5,13,,michaelmallari
k:kink-richards,,Kink Richards,K,1933,NYG,New York Giants,8,0,,0,0,0,0,1,,michaelmallari
k:luke-johnsos,,Luke Johnsos,K,1933,CHI,Chicago Bears,6,0,,0,0,0,0,1,,michaelmallari
k:max-krause,,Max Krause,K,1933,NYG,New York Giants,5,0,,0,0,0,0,1,,michaelmallari
k:mike-koken,,Mike Koken,K,1933,CRD,Chicago Cardinals,9,0,,0,0,0,0,1,,michaelmallari
k:mose-kelsch,,Mose Kelsch,K,1933,PIT,Pittsburgh Pirates,8,3,,0,0,0,3,2,,michaelmallari
k:red-davis,,Red Davis,K,1933,PHI/PRT,Philadelphia Eagles / Portsmouth Spartans,8,0,,0,0,0,0,3,,michaelmallari
k:red-kirkman,,Red Kirkman,K,1933,PHI,Philadelphia Eagles,9,0,,0,0,0,0,2,,michaelmallari
k:roger-grove,,Roger Grove,K,1933,GNB,Green Bay Packers,13,0,,0,0,0,0,8,,michaelmallari
k:shipwreck-kelly,,Shipwreck Kelly,K,1933,BKN,Brooklyn Dodgers,10,0,,0,0,0,0,1,,michaelmallari
k:tiny-engebretsen,,Tiny Engebretsen,K,1933,CRD/PIT,Chicago Cardinals / Pittsburgh Pirates,11,0,,0,0,0,0,1,,michaelmallari
k:ade-schwammel,,Ade Schwammel,K,1934,GNB,Green Bay Packers,13,1,,0,0,0,1,0,,michaelmallari
k:algy-clark,,Algy Clark,K,1934,CIN/PHI,Cincinnati Reds / Philadelphia Eagles,10,1,,0,0,0,1,0,,michaelmallari
k:armand-niccolai,,Armand Niccolai,K,1934,PIT,Pittsburgh Pirates,12,3,,0,0,0,3,1,,michaelmallari
k:beattie-feathers,,Beattie Feathers,K,1934,CHI,Chicago Bears,11,0,,0,0,0,0,1,,michaelmallari
k:bernie-masterson,,Bernie Masterson,K,1934,CHI,Chicago Bears,9,0,,0,0,0,0,1,,michaelmallari
k:biff-lee,,Biff Lee,K,1934,CIN,Cincinnati Reds,8,0,,0,0,0,0,1,,michaelmallari
k:bill-senn,,Bill Senn,K,1934,STL,St. Louis Gunners,2,1,,0,0,0,1,0,,michaelmallari
k:bill-smith,,Bill Smith,K,1934,CRD,Chicago Cardinals,11,1,,0,0,0,1,4,,michaelmallari
k:bo-molenda,,Bo Molenda,K,1934,NYG,New York Giants,13,0,,0,0,0,0,2,,michaelmallari
k:bob-monnett,,Bob Monnett,K,1934,GNB,Green Bay Packers,11,4,,0,0,0,4,5,,michaelmallari
k:bronko-nagurski,,Bronko Nagurski,K,1934,CHI,Chicago Bears,13,0,,0,0,0,0,2,,michaelmallari
k:carl-brumbaugh,,Carl Brumbaugh,K,1934,CHI,Chicago Bears,13,0,,0,0,0,0,2,,michaelmallari
k:clarke-hinkle,,Clarke Hinkle,K,1934,GNB,Green Bay Packers,12,3,,0,0,0,3,6,,michaelmallari
k:cliff-battles,,Cliff Battles,K,1934,BOS,Boston Redskins,12,0,,0,0,0,0,1,,michaelmallari
k:dave-cook,,Dave Cook,K,1934,CRD,Chicago Cardinals,9,1,,0,0,0,1,1,,michaelmallari
k:dutch-clark,,Dutch Clark,K,1934,DET,Detroit Lions,12,4,,0,0,0,4,13,,michaelmallari
k:gene-alford,,Gene Alford,K,1934,CIN/STL,Cincinnati Reds / St. Louis Gunners,4,1,,0,0,0,1,3,,michaelmallari
k:glenn-presnell,,Glenn Presnell,K,1934,DET,Detroit Lions,13,4,,0,0,0,4,9,,michaelmallari
k:hal-mcphail,,Hal McPhail,K,1934,BOS,Boston Redskins,12,0,,0,0,0,0,4,,michaelmallari
k:hank-bruder,,Hank Bruder,K,1934,GNB,Green Bay Packers,13,0,,0,0,0,0,4,,michaelmallari
k:harry-newman,,Harry Newman,K,1934,NYG,New York Giants,10,3,,0,0,0,3,4,,michaelmallari
k:jack-manders,,Jack Manders,K,1934,CHI,Chicago Bears,13,10,,0,0,0,10,28,,michaelmallari
k:jack-mcbride,,Jack McBride,K,1934,NYG,New York Giants,1,0,,0,0,0,0,1,,michaelmallari
k:ken-strong,,Ken Strong,K,1934,NYG,New York Giants,13,4,,0,0,0,4,8,,michaelmallari
k:kink-richards,,Kink Richards,K,1934,NYG,New York Giants,13,0,,0,0,0,0,1,,michaelmallari
k:mose-kelsch,,Mose Kelsch,K,1934,PIT,Pittsburgh Pirates,8,1,,0,0,0,1,2,,michaelmallari
k:paul-pardonner,,Paul Pardonner,K,1934,CRD,Chicago Cardinals,6,1,,0,0,0,1,0,,michaelmallari
k:ralph-kercheval,,Ralph Kercheval,K,1934,BKN,Brooklyn Dodgers,11,4,,0,0,0,4,7,,michaelmallari
k:red-kirkman,,Red Kirkman,K,1934,PHI,Philadelphia Eagles,10,0,,0,0,0,0,5,,michaelmallari
k:reds-weiner,,Reds Weiner,K,1934,PHI,Philadelphia Eagles,5,1,,0,0,0,1,3,,michaelmallari
k:roger-grove,,Roger Grove,K,1934,GNB,Green Bay Packers,10,0,,0,0,0,0,1,,michaelmallari
k:steve-hokuf,,Steve Hokuf,K,1934,BOS,Boston Redskins,10,1,,0,0,0,1,1,,michaelmallari
k:swede-hanson,,Swede Hanson,K,1934,PHI,Philadelphia Eagles,11,0,,0,0,0,0,2,,michaelmallari
k:ted-wright,,Ted Wright,K,1934,BOS,Boston Redskins,10,0,,0,0,0,0,2,,michaelmallari
k:ade-schwammel,,Ade Schwammel,K,1935,GNB,Green Bay Packers,11,4,,0,0,0,4,3,,michaelmallari
k:armand-niccolai,,Armand Niccolai,K,1935,PIT,Pittsburgh Pirates,12,6,,0,0,0,6,10,,michaelmallari
k:arnie-herber,,Arnie Herber,K,1935,GNB,Green Bay Packers,11,0,,0,0,0,0,1,,michaelmallari
k:bill-shepherd,,Bill Shepherd,K,1935,BOS/DET,Boston Redskins / Detroit Lions,12,0,,0,0,0,0,1,,michaelmallari
k:bill-smith,,Bill Smith,K,1935,CRD,Chicago Cardinals,11,6,,0,0,0,6,5,,michaelmallari
k:bo-molenda,,Bo Molenda,K,1935,NYG,New York Giants,12,0,,0,0,0,0,5,,michaelmallari
k:bob-monnett,,Bob Monnett,K,1935,GNB,Green Bay Packers,11,1,,0,0,0,1,2,,michaelmallari
k:bud-jorgensen,,Bud Jorgensen,K,1935,PHI,Philadelphia Eagles,11,1,,0,0,0,1,1,,michaelmallari
k:clarke-hinkle,,Clarke Hinkle,K,1935,GNB,Green Bay Packers,9,2,,0,0,0,2,0,,michaelmallari
k:dick-frahm,,Dick Frahm,K,1935,BOS/PHI,Boston Redskins / Philadelphia Eagles,2,0,,0,0,0,0,1,,michaelmallari
k:don-hutson,,Don Hutson,K,1935,GNB,Green Bay Packers,9,0,,0,0,0,0,1,,michaelmallari
k:dutch-clark,,Dutch Clark,K,1935,DET,Detroit Lions,12,1,,0,0,0,1,16,,michaelmallari
k:ernie-smith,,Ernie Smith,K,1935,GNB,Green Bay Packers,12,1,,0,0,0,1,11,,michaelmallari
k:frank-christensen,,Frank Christensen,K,1935,DET,Detroit Lions,12,0,,0,0,0,0,2,,michaelmallari
k:gene-ronzani,,Gene Ronzani,K,1935,CHI,Chicago Bears,11,0,,0,0,0,0,3,,michaelmallari
k:george-corbett,,George Corbett,K,1935,CHI,Chicago Bears,4,1,,0,0,0,1,0,,michaelmallari
k:glenn-presnell,,Glenn Presnell,K,1935,DET,Detroit Lions,12,4,,0,0,0,4,4,,michaelmallari
k:hank-reese,,Hank Reese,K,1935,PHI,Philadelphia Eagles,11,1,,0,0,0,1,4,,michaelmallari
k:harry-newman,,Harry Newman,K,1935,NYG,New York Giants,8,2,,0,0,0,2,3,,michaelmallari
k:jack-grossman,,Jack Grossman,K,1935,BKN,Brooklyn Dodgers,11,0,,0,0,0,0,1,,michaelmallari
k:jack-manders,,Jack Manders,K,1935,CHI,Chicago Bears,12,1,,0,0,0,1,16,,michaelmallari
k:jim-musick,,Jim Musick,K,1935,BOS,Boston Redskins,5,0,,0,0,0,0,2,,michaelmallari
k:joe-kopcha,,Joe Kopcha,K,1935,CHI,Chicago Bears,12,1,,0,0,0,1,0,,michaelmallari
k:ken-strong,,Ken Strong,K,1935,NYG,New York Giants,11,4,,0,0,0,4,11,,michaelmallari
k:kink-richards,,Kink Richards,K,1935,NYG,New York Giants,12,1,,0,0,0,1,1,,michaelmallari
k:paul-pardonner,,Paul Pardonner,K,1935,CRD,Chicago Cardinals,9,1,,0,0,0,1,1,,michaelmallari
k:pug-rentner,,Pug Rentner,K,1935,BOS,Boston Redskins,11,0,,0,0,0,0,1,,michaelmallari
k:ralph-kercheval,,Ralph Kercheval,K,1935,BKN,Brooklyn Dodgers,12,5,,0,0,0,5,8,,michaelmallari
k:red-kirkman,,Red Kirkman,K,1935,PHI,Philadelphia Eagles,1,0,,0,0,0,0,1,,michaelmallari
k:tiny-engebretsen,,Tiny Engebretsen,K,1935,GNB,Green Bay Packers,9,0,,0,0,0,0,1,,michaelmallari
k:tony-sarausky,,Tony Sarausky,K,1935,NYG,New York Giants,8,0,,0,0,0,0,1,,michaelmallari
k:ade-schwammel,,Ade Schwammel,K,1936,GNB,Green Bay Packers,12,1,,0,0,0,1,5,,michaelmallari
k:armand-niccolai,,Armand Niccolai,K,1936,PIT,Pittsburgh Pirates,11,7,,0,0,0,7,7,,michaelmallari
k:bill-shepherd,,Bill Shepherd,K,1936,DET,Detroit Lions,12,0,,0,0,0,0,1,,michaelmallari
k:bill-smith,,Bill Smith,K,1936,CRD,Chicago Cardinals,11,1,,0,0,0,1,2,,michaelmallari
k:bob-monnett,,Bob Monnett,K,1936,GNB,Green Bay Packers,12,0,,0,0,0,0,3,,michaelmallari
k:bronko-nagurski,,Bronko Nagurski,K,1936,CHI,Chicago Bears,11,0,,0,0,0,0,1,,michaelmallari
k:bull-karcis,,Bull Karcis,K,1936,PIT,Pittsburgh Pirates,12,0,,0,0,0,0,1,,michaelmallari
k:cal-clemens,,Cal Clemens,K,1936,GNB,Green Bay Packers,9,0,,0,0,0,0,1,,michaelmallari
k:clarence-kellogg,,Clarence Kellogg,K,1936,CRD,Chicago Cardinals,12,1,,0,0,0,1,6,,michaelmallari
k:clarke-hinkle,,Clarke Hinkle,K,1936,GNB,Green Bay Packers,12,0,,0,0,0,0,1,,michaelmallari
k:dave-smukler,,Dave Smukler,K,1936,PHI,Philadelphia Eagles,10,1,,0,0,0,1,2,,michaelmallari
k:dick-crayne,,Dick Crayne,K,1936,BKN,Brooklyn Dodgers,12,0,,0,0,0,0,1,,michaelmallari
k:dutch-clark,,Dutch Clark,K,1936,DET,Detroit Lions,12,4,,0,0,0,4,19,,michaelmallari
k:ed-smith,,Ed Smith,K,1936,BOS,Boston Redskins,8,1,,0,0,0,1,0,,michaelmallari
k:ernie-smith,,Ernie Smith,K,1936,GNB,Green Bay Packers,12,4,,0,0,0,4,17,,michaelmallari
k:george-kakasic,,George Kakasic,K,1936,PIT,Pittsburgh Pirates,12,2,,0,0,0,2,1,,michaelmallari
k:glenn-presnell,,Glenn Presnell,K,1936,DET,Detroit Lions,12,1,,0,0,0,1,6,,michaelmallari
k:hank-reese,,Hank Reese,K,1936,PHI,Philadelphia Eagles,10,2,,0,0,0,2,3,,michaelmallari
k:jack-manders,,Jack Manders,K,1936,CHI,Chicago Bears,12,7,,0,0,0,7,17,,michaelmallari
k:joe-stydahar,,Joe Stydahar,K,1936,CHI,Chicago Bears,12,0,,0,0,0,0,3,,michaelmallari
k:johnny-blood,,Johnny Blood,K,1936,GNB,Green Bay Packers,8,0,,0,0,0,0,1,,michaelmallari
k:ralph-kercheval,,Ralph Kercheval,K,1936,BKN,Brooklyn Dodgers,12,5,,0,0,0,5,4,,michaelmallari
k:riley-smith,,Riley Smith,K,1936,BOS,Boston Redskins,12,4,,0,0,0,4,14,,michaelmallari
k:sam-busich,,Sam Busich,K,1936,BOS,Boston Redskins,11,1,,0,0,0,1,1,,michaelmallari
k:stumpy-thomason,,Stumpy Thomason,K,1936,PHI,Philadelphia Eagles,12,0,,0,0,0,0,1,,michaelmallari
k:tillie-manton,,Tillie Manton,K,1936,NYG,New York Giants,12,0,,0,0,0,0,15,,michaelmallari
k:tiny-engebretsen,,Tiny Engebretsen,K,1936,GNB,Green Bay Packers,11,5,,0,0,0,5,2,,michaelmallari
k:tony-sarausky,,Tony Sarausky,K,1936,NYG,New York Giants,11,1,,0,0,0,1,1,,michaelmallari
k:ace-parker,,Ace Parker,K,1937,BKN,Brooklyn Dodgers,4,0,,0,0,0,0,1,,michaelmallari
k:armand-niccolai,,Armand Niccolai,K,1937,PIT,Pittsburgh Pirates,11,4,,0,0,0,4,5,,michaelmallari
k:bill-may,,Bill May,K,1937,CRD,Chicago Cardinals,9,2,,0,0,0,2,4,,michaelmallari
k:bill-shepherd,,Bill Shepherd,K,1937,DET,Detroit Lions,11,2,,0,0,0,2,7,,michaelmallari
k:bill-smith,,Bill Smith,K,1937,CRD,Chicago Cardinals,9,0,,0,0,0,0,3,,michaelmallari
k:bob-snyder,,Bob Snyder,K,1937,RAM,Cleveland Rams,10,1,,0,0,0,1,7,,michaelmallari
k:buddy-parker,,Buddy Parker,K,1937,CRD,Chicago Cardinals,11,0,,0,0,0,0,1,,michaelmallari
k:clarke-hinkle,,Clarke Hinkle,K,1937,GNB,Green Bay Packers,11,2,,0,0,0,2,9,,michaelmallari
k:conway-baker,,Conway Baker,K,1937,CRD,Chicago Cardinals,6,0,,0,0,0,0,6,,michaelmallari
k:dave-smukler,,Dave Smukler,K,1937,PHI,Philadelphia Eagles,11,1,,0,0,0,1,8,,michaelmallari
k:dick-crayne,,Dick Crayne,K,1937,BKN,Brooklyn Dodgers,10,1,,0,0,0,1,0,,michaelmallari
k:dick-plasman,,Dick Plasman,K,1937,CHI,Chicago Bears,9,0,,0,0,0,0,2,,michaelmallari
k:dutch-clark,,Dutch Clark,K,1937,DET,Detroit Lions,11,1,,0,0,0,1,6,,michaelmallari
k:ed-goddard,,Ed Goddard,K,1937,BKN/RAM,Brooklyn Dodgers / Cleveland Rams,8,0,,0,0,0,0,1,,michaelmallari
k:ed-jankowski,,Ed Jankowski,K,1937,GNB,Green Bay Packers,11,0,,0,0,0,0,1,,michaelmallari
k:ernie-smith,,Ernie Smith,K,1937,GNB,Green Bay Packers,10,1,,0,0,0,1,11,,michaelmallari
k:george-kakasic,,George Kakasic,K,1937,PIT,Pittsburgh Pirates,11,0,,0,0,0,0,3,,michaelmallari
k:hank-reese,,Hank Reese,K,1937,PHI,Philadelphia Eagles,11,0,,0,0,0,0,3,,michaelmallari
k:hank-soar,,Hank Soar,K,1937,NYG,New York Giants,9,1,,0,0,0,1,2,,michaelmallari
k:harry-mattos,,Harry Mattos,K,1937,RAM,Cleveland Rams,6,0,,0,0,0,0,2,,michaelmallari
k:izzy-weinstock,,Izzy Weinstock,K,1937,PIT,Pittsburgh Pirates,11,0,,0,0,0,0,4,,michaelmallari
k:jack-manders,,Jack Manders,K,1937,CHI,Chicago Bears,11,8,,0,0,0,8,15,,michaelmallari
k:joe-maniaci,,Joe Maniaci,K,1937,BKN,Brooklyn Dodgers,11,2,,0,0,0,2,5,,michaelmallari
k:keith-molesworth,,Keith Molesworth,K,1937,CHI,Chicago Bears,9,0,,0,0,0,0,1,,michaelmallari
k:ralph-kercheval,,Ralph Kercheval,K,1937,BKN,Brooklyn Dodgers,9,2,,0,0,0,2,1,,michaelmallari
k:regis-monahan,,Regis Monahan,K,1937,DET,Detroit Lions,11,5,,0,0,0,5,5,,michaelmallari
k:riley-smith,,Riley Smith,K,1937,WAS,Washington Redskins,11,5,,0,0,0,5,22,,michaelmallari
k:sam-francis,,Sam Francis,K,1937,CHI,Chicago Bears,8,0,,0,0,0,0,1,,michaelmallari
k:tillie-manton,,Tillie Manton,K,1937,NYG,New York Giants,10,5,,0,0,0,5,12,,michaelmallari
k:tiny-engebretsen,,Tiny Engebretsen,K,1937,GNB,Green Bay Packers,9,1,,0,0,0,1,5,,michaelmallari
k:ward-cuff,,Ward Cuff,K,1937,NYG,New York Giants,11,2,,0,0,0,2,0,,michaelmallari
k:ace-parker,,Ace Parker,K,1938,BKN,Brooklyn Dodgers,11,0,0,0,0,0,0,5,7,michaelmallari
k:andy-farkas,,Andy Farkas,K,1938,WAS,Washington Redskins,9,0,0,0,0,0,0,1,1,michaelmallari
k:armand-niccolai,,Armand Niccolai,K,1938,PIT,Pittsburgh Pirates,11,1,5,0,0,0,1,10,10,michaelmallari
k:arnie-herber,,Arnie Herber,K,1938,GNB,Green Bay Packers,8,0,1,0,0,0,0,0,0,michaelmallari
k:bill-may,,Bill May,K,1938,CRD,Chicago Cardinals,1,0,1,0,0,0,0,0,2,kendallgillies
k:bill-reissig,,Bill Reissig,K,1938,BKN,Brooklyn Dodgers,11,2,2,0,0,0,2,0,0,michaelmallari
k:bill-shepherd,,Bill Shepherd,K,1938,DET,Detroit Lions,9,1,2,0,0,0,1,2,2,michaelmallari
k:bill-smith,,Bill Smith,K,1938,CRD,Chicago Cardinals,11,2,2,0,0,0,2,4,5,michaelmallari
k:bob-masterson,,Bob Masterson,K,1938,WAS,Washington Redskins,11,1,1,0,0,0,1,5,6,michaelmallari
k:bob-monnett,,Bob Monnett,K,1938,GNB,Green Bay Packers,8,0,0,0,0,0,0,7,8,michaelmallari
k:bob-snyder,,Bob Snyder,K,1938,RAM,Cleveland Rams,10,1,2,0,0,0,1,7,10,michaelmallari
k:chuck-gelatka,,Chuck Gelatka,K,1938,NYG,New York Giants,10,0,0,0,0,0,0,0,1,michaelmallari
k:clarke-hinkle,,Clarke Hinkle,K,1938,GNB,Green Bay Packers,11,3,9,0,0,0,3,7,7,michaelmallari
k:corby-davis,,Corby Davis,K,1938,RAM,Cleveland Rams,11,0,0,0,0,0,0,1,1,michaelmallari
k:dave-smukler,,Dave Smukler,K,1938,PHI,Philadelphia Eagles,11,0,2,0,0,0,0,6,6,michaelmallari+manual
k:dick-tuckey,,Dick Tuckey,K,1938,RAM/WAS,Cleveland Rams / Washington Redskins,7,0,0,0,0,0,0,2,3,michaelmallari
k:dick-zoll,,Dick Zoll,K,1938,RAM,Cleveland Rams,11,0,0,0,0,0,0,1,1,michaelmallari
k:don-hutson,,Don Hutson,K,1938,GNB,Green Bay Packers,10,0,0,0,0,0,0,3,3,michaelmallari
k:don-irwin,,Don Irwin,K,1938,WAS,Washington Redskins,10,0,0,0,0,0,0,0,1,michaelmallari
k:dutch-clark,,Dutch Clark,K,1938,DET,Detroit Lions,6,2,2,0,0,0,2,2,2,michaelmallari
k:ed-goddard,,Ed Goddard,K,1938,RAM,Cleveland Rams,10,0,0,0,0,0,0,1,1,michaelmallari
k:ed-jankowski,,Ed Jankowski,K,1938,GNB,Green Bay Packers,11,0,0,0,0,0,0,2,3,michaelmallari
k:frank-patrick,,Frank Patrick,K,1938,CRD,Chicago Cardinals,7,1,4,0,0,0,1,8,8,michaelmallari
k:george-karamatic,,George Karamatic,K,1938,WAS,Washington Redskins,10,1,2,0,0,0,1,2,3,michaelmallari
k:hank-reese,,Hank Reese,K,1938,PHI,Philadelphia Eagles,11,1,6,0,0,0,1,10,13,michaelmallari
k:hank-soar,,Hank Soar,K,1938,NYG,New York Giants,11,0,0,0,0,0,0,1,1,michaelmallari
k:jack-manders,,Jack Manders,K,1938,CHI,Chicago Bears,11,3,9,0,0,0,3,10,12,michaelmallari
k:jay-arnold,,Jay Arnold,K,1938,PHI,Philadelphia Eagles,11,0,1,0,0,0,0,3,3,michaelmallari
k:joe-maniaci,,Joe Maniaci,K,1938,BKN/CHI,Brooklyn Dodgers / Chicago Bears,11,1,3,0,0,0,1,11,11,michaelmallari
k:johnny-gildea,,Johnny Gildea,K,1938,NYG,New York Giants,9,0,2,0,0,0,0,0,1,kendallgillies
k:kink-richards,,Kink Richards,K,1938,NYG,New York Giants,9,0,0,0,0,0,0,2,2,michaelmallari
k:les-mcdonald,,Les McDonald,K,1938,CHI,Chicago Bears,10,0,0,0,0,0,0,1,1,michaelmallari
k:monk-moscrip,,Monk Moscrip,K,1938,DET,Detroit Lions,11,0,1,0,0,0,0,6,6,michaelmallari
k:nels-peterson,,Nels Peterson,K,1938,RAM,Cleveland Rams,7,2,2,0,0,0,2,2,2,michaelmallari
k:ralph-kercheval,,Ralph Kercheval,K,1938,BKN,Brooklyn Dodgers,11,5,13,0,0,0,5,7,9,michaelmallari
k:regis-monahan,,Regis Monahan,K,1938,DET,Detroit Lions,9,4,5,0,0,0,4,2,4,michaelmallari
k:riley-smith,,Riley Smith,K,1938,WAS,Washington Redskins,7,2,5,0,0,0,2,3,6,michaelmallari
k:sam-francis,,Sam Francis,K,1938,CHI,Chicago Bears,11,0,0,0,0,0,0,0,2,michaelmallari
k:tillie-manton,,Tillie Manton,K,1938,NYG/WAS,New York Giants / Washington Redskins,8,1,4,0,0,0,1,2,3,michaelmallari
k:tiny-engebretsen,,Tiny Engebretsen,K,1938,GNB,Green Bay Packers,10,2,4,0,0,0,2,9,9,michaelmallari
k:ward-cuff,,Ward Cuff,K,1938,NYG,New York Giants,11,5,9,0,0,0,5,18,20,michaelmallari
k:ace-parker,,Ace Parker,K,1939,BKN,Brooklyn Dodgers,11,1,5,0,0,0,1,0,1,michaelmallari
k:andy-farkas,,Andy Farkas,K,1939,WAS,Washington Redskins,11,0,1,0,0,0,0,2,3,michaelmallari
k:armand-niccolai,,Armand Niccolai,K,1939,PIT,Pittsburgh Pirates,11,3,8,0,0,0,3,15,15,michaelmallari
k:bill-reissig,,Bill Reissig,K,1939,BKN,Brooklyn Dodgers,11,1,1,0,0,0,1,0,1,michaelmallari
k:bill-smith,,Bill Smith,K,1939,CRD,Chicago Cardinals,11,2,8,0,0,0,2,6,8,michaelmallari
k:billy-patterson,,Billy Patterson,K,1939,CHI,Chicago Bears,8,0,0,0,0,0,0,1,1,michaelmallari
k:bo-russell,,Bo Russell,K,1939,WAS,Washington Redskins,11,1,6,0,0,0,1,15,16,michaelmallari
k:bob-masterson,,Bob Masterson,K,1939,WAS,Washington Redskins,10,1,6,0,0,0,1,6,8,michaelmallari
k:bob-snyder,,Bob Snyder,K,1939,CHI,Chicago Bears,8,1,1,0,0,0,1,1,2,michaelmallari
k:bruiser-kinard,,Bruiser Kinard,K,1939,BKN,Brooklyn Dodgers,11,0,0,0,0,0,0,7,7,michaelmallari
k:cecil-isbell,,Cecil Isbell,K,1939,GNB,Green Bay Packers,11,0,0,0,0,0,0,3,3,michaelmallari
k:charley-malone,,Charley Malone,K,1939,WAS,Washington Redskins,11,0,0,0,0,0,0,0,1,michaelmallari
k:chet-adams,,Chet Adams,K,1939,RAM,Cleveland Rams,9,0,0,0,0,0,0,5,5,michaelmallari
k:chuck-hanneman,,Chuck Hanneman,K,1939,DET,Detroit Lions,10,4,5,0,0,0,4,5,5,michaelmallari
k:clarke-hinkle,,Clarke Hinkle,K,1939,GNB,Green Bay Packers,11,1,10,0,0,0,1,2,3,michaelmallari
k:corby-davis,,Corby Davis,K,1939,RAM,Cleveland Rams,11,1,2,0,0,0,1,4,4,michaelmallari
k:dick-plasman,,Dick Plasman,K,1939,CHI,Chicago Bears,11,0,1,0,0,0,0,3,3,michaelmallari
k:dick-todd,,Dick Todd,K,1939,WAS,Washington Redskins,10,0,0,0,0,0,0,2,3,michaelmallari
k:don-hutson,,Don Hutson,K,1939,GNB,Green Bay Packers,11,0,0,0,0,0,0,2,2,michaelmallari
k:ernie-smith,,Ernie Smith,K,1939,GNB,Green Bay Packers,6,0,0,0,0,0,0,3,4,michaelmallari
k:fran-murray,,Fran Murray,K,1939,PHI,Philadelphia Eagles,11,2,4,0,0,0,2,8,12,michaelmallari
k:frank-patrick,,Frank Patrick,K,1939,CRD,Chicago Cardinals,8,0,0,0,0,0,0,1,1,michaelmallari
k:gary-famiglietti,,Gary Famiglietti,K,1939,CHI,Chicago Bears,10,0,0,0,0,0,0,1,1,michaelmallari
k:george-faust,,George Faust,K,1939,CRD,Chicago Cardinals,9,0,1,0,0,0,0,1,1,michaelmallari
k:hank-reese,,Hank Reese,K,1939,PHI,Philadelphia Eagles,5,2,4,0,0,0,2,1,1,michaelmallari
k:hank-soar,,Hank Soar,K,1939,NYG,New York Giants,11,0,1,0,0,0,0,2,2,michaelmallari
k:jack-manders,,Jack Manders,K,1939,CHI,Chicago Bears,11,3,7,0,0,0,3,17,20,michaelmallari
k:jimmy-johnston,,Jimmy Johnston,K,1939,WAS,Washington Redskins,11,0,0,0,0,0,0,1,1,michaelmallari
k:joe-maniaci,,Joe Maniaci,K,1939,CHI,Chicago Bears,9,1,2,0,0,0,1,4,8,michaelmallari
k:joe-stydahar,,Joe Stydahar,K,1939,CHI,Chicago Bears,11,0,0,0,0,0,0,4,6,michaelmallari
k:kelly-moan,,Kelly Moan,K,1939,RAM,Cleveland Rams,2,0,0,0,0,0,0,1,1,michaelmallari
k:ken-strong,,Ken Strong,K,1939,NYG,New York Giants,9,4,8,0,0,0,4,7,7,michaelmallari
k:len-barnum,,Len Barnum,K,1939,NYG,New York Giants,11,3,7,0,0,0,3,3,3,michaelmallari
k:lew-bostick,,Lew Bostick,K,1939,RAM,Cleveland Rams,7,0,0,0,0,0,0,2,2,michaelmallari
k:monk-moscrip,,Monk Moscrip,K,1939,DET,Detroit Lions,11,0,1,0,0,0,0,9,12,michaelmallari
k:phil-martinovich,,Phil Martinovich,K,1939,DET,Detroit Lions,4,3,6,0,0,0,3,0,0,michaelmallari
k:ralph-kercheval,,Ralph Kercheval,K,1939,BKN,Brooklyn Dodgers,9,6,13,0,0,0,6,3,3,michaelmallari
k:ray-carnelly,,Ray Carnelly,K,1939,BKN,Brooklyn Dodgers,9,0,1,0,0,0,0,0,0,kendallgillies
k:regis-monahan,,Regis Monahan,K,1939,CRD,Chicago Cardinals,2,1,1,0,0,0,1,1,1,michaelmallari
k:tiny-engebretsen,,Tiny Engebretsen,K,1939,GNB,Green Bay Packers,11,4,8,0,0,0,4,18,19,michaelmallari
k:vic-spadaccini,,Vic Spadaccini,K,1939,RAM,Cleveland Rams,11,0,0,0,0,0,0,12,16,michaelmallari
k:ward-cuff,,Ward Cuff,K,1939,NYG,New York Giants,9,7,16,0,0,0,7,6,6,michaelmallari
k:ace-parker,,Ace Parker,K,1940,BKN,Brooklyn Dodgers,11,0,0,0,0,0,0,19,22,michaelmallari
k:andy-uram,,Andy Uram,K,1940,GNB,Green Bay Packers,11,0,0,0,0,0,0,1,1,michaelmallari
k:armand-niccolai,,Armand Niccolai,K,1940,PIT,Pittsburgh Steelers,11,6,14,0,0,0,6,6,6,michaelmallari
k:bernie-masterson,,Bernie Masterson,K,1940,CHI,Chicago Bears,7,0,0,0,0,0,0,1,1,michaelmallari
k:beryl-clark,,Beryl Clark,K,1940,CRD,Chicago Cardinals,9,0,0,0,0,0,0,3,3,michaelmallari
k:bo-russell,,Bo Russell,K,1940,WAS,Washington Redskins,11,1,1,0,0,0,1,11,12,michaelmallari
k:bob-adkins,,Bob Adkins,K,1940,GNB,Green Bay Packers,10,0,1,0,0,0,0,1,2,michaelmallari
k:bob-masterson,,Bob Masterson,K,1940,WAS,Washington Redskins,11,1,2,0,0,0,1,15,16,michaelmallari
k:bob-snyder,,Bob Snyder,K,1940,CHI,Chicago Bears,11,1,4,0,0,0,1,4,5,michaelmallari
k:buddy-parker,,Buddy Parker,K,1940,CRD,Chicago Cardinals,10,0,1,0,0,0,0,3,3,michaelmallari
k:chet-adams,,Chet Adams,K,1940,RAM,Cleveland Rams,11,1,5,0,0,0,1,7,9,michaelmallari
k:chuck-hanneman,,Chuck Hanneman,K,1940,DET,Detroit Lions,9,2,4,0,0,0,2,10,10,michaelmallari
k:clarke-hinkle,,Clarke Hinkle,K,1940,GNB,Green Bay Packers,10,9,14,0,0,0,9,3,3,michaelmallari
k:cotton-price,,Cotton Price,K,1940,DET,Detroit Lions,9,0,0,0,0,0,0,4,4,michaelmallari
k:dick-plasman,,Dick Plasman,K,1940,CHI,Chicago Bears,11,0,0,0,0,0,0,3,3,michaelmallari
k:don-hutson,,Don Hutson,K,1940,GNB,Green Bay Packers,11,0,0,0,0,0,0,15,16,michaelmallari
k:foster-watkins,,Foster Watkins,K,1940,PHI,Philadelphia Eagles,9,0,0,0,0,0,0,2,2,michaelmallari
k:fran-murray,,Fran Murray,K,1940,PHI,Philadelphia Eagles,11,0,1,0,0,0,0,6,8,michaelmallari
k:george-somers,,George Somers,K,1940,PHI,Philadelphia Eagles,10,2,9,0,0,0,2,1,1,michaelmallari
k:hank-soar,,Hank Soar,K,1940,NYG,New York Giants,11,0,1,0,0,0,0,0,0,michaelmallari
k:hugh-mccullough,,Hugh McCullough,K,1940,CRD,Chicago Cardinals,11,0,1,0,0,0,0,1,3,michaelmallari
k:jack-manders,,Jack Manders,K,1940,CHI,Chicago Bears,10,2,3,0,0,0,2,17,18,michaelmallari
k:joe-maniaci,,Joe Maniaci,K,1940,CHI,Chicago Bears,11,0,0,0,0,0,0,1,2,michaelmallari
k:john-cole,,John Cole,K,1940,PHI,Philadelphia Eagles,7,1,1,0,0,0,1,3,5,michaelmallari
k:johnny-drake,,Johnny Drake,K,1940,RAM,Cleveland Rams,11,0,1,0,0,0,0,2,5,michaelmallari
k:ken-heineman,,Ken Heineman,K,1940,RAM,Cleveland Rams,3,0,0,0,0,0,0,1,1,michaelmallari
k:lee-artoe,,Lee Artoe,K,1940,CHI,Chicago Bears,11,1,1,0,0,0,1,1,2,michaelmallari
k:len-barnum,,Len Barnum,K,1940,NYG,New York Giants,10,1,4,0,0,0,1,6,7,michaelmallari
k:lou-zontini,,Lou Zontini,K,1940,CRD,Chicago Cardinals,8,2,5,0,0,0,2,10,10,michaelmallari
k:pete-gudauskas,,Pete Gudauskas,K,1940,RAM,Cleveland Rams,1,0,0,0,0,0,0,1,2,michaelmallari
k:phil-martinovich,,Phil Martinovich,K,1940,CHI,Chicago Bears,2,2,2,0,0,0,2,0,0,michaelmallari
k:ralph-kercheval,,Ralph Kercheval,K,1940,BKN,Brooklyn Dodgers,10,4,11,0,0,0,4,3,3,michaelmallari
k:ray-mclean,,Ray McLean,K,1940,CHI,Chicago Bears,10,0,0,0,0,0,0,1,1,michaelmallari
k:roy-zimmerman,,Roy Zimmerman,K,1940,WAS,Washington Redskins,6,0,0,0,0,0,0,0,1,kendallgillies
k:sam-francis,,Sam Francis,K,1940,BKN,Brooklyn Dodgers,11,0,1,0,0,0,0,0,0,michaelmallari
k:sandy-sanford,,Sandy Sanford,K,1940,WAS,Washington Redskins,7,0,2,0,0,0,0,3,5,michaelmallari
k:tiny-engebretsen,,Tiny Engebretsen,K,1940,GNB,Green Bay Packers,8,1,5,0,0,0,1,8,8,michaelmallari
k:vic-spadaccini,,Vic Spadaccini,K,1940,RAM,Cleveland Rams,9,0,0,0,0,0,0,5,7,michaelmallari
k:ward-cuff,,Ward Cuff,K,1940,NYG,New York Giants,8,5,8,0,0,0,5,9,9,michaelmallari
k:whizzer-white,,Whizzer White,K,1940,DET,Detroit Lions,11,0,1,0,0,0,0,2,4,michaelmallari
k:andy-marefos,,Andy Marefos,K,1941,NYG,New York Giants,10,4,5,0,0,0,4,6,6,michaelmallari
k:armand-niccolai,,Armand Niccolai,K,1941,PIT,Pittsburgh Steelers,8,2,4,0,0,0,2,8,9,michaelmallari
k:augie-lio,,Augie Lio,K,1941,DET,Detroit Lions,11,0,5,0,0,0,0,12,13,michaelmallari
k:bill-daddio,,Bill Daddio,K,1941,CRD,Chicago Cardinals,11,4,8,0,0,0,4,8,9,michaelmallari
k:bob-adkins,,Bob Adkins,K,1941,GNB,Green Bay Packers,6,0,0,0,0,0,0,3,3,michaelmallari
k:bob-masterson,,Bob Masterson,K,1941,WAS,Washington Redskins,11,3,6,0,0,0,3,8,8,michaelmallari
k:bob-nowaskey,,Bob Nowaskey,K,1941,CHI,Chicago Bears,11,0,0,0,0,0,0,1,2,michaelmallari
k:bob-snyder,,Bob Snyder,K,1941,CHI,Chicago Bears,11,2,2,0,0,0,2,20,24,michaelmallari
k:boyd-clay,,Boyd Clay,K,1941,RAM,Cleveland Rams,11,1,2,0,0,0,1,1,1,michaelmallari
k:bruiser-kinard,,Bruiser Kinard,K,1941,BKN,Brooklyn Dodgers,11,0,0,0,0,0,0,3,5,michaelmallari
k:buddy-parker,,Buddy Parker,K,1941,CRD,Chicago Cardinals,11,0,0,0,0,0,0,0,1,kendallgillies
k:chet-adams,,Chet Adams,K,1941,RAM,Cleveland Rams,11,1,2,0,0,0,1,13,14,michaelmallari
k:chuck-hanneman,,Chuck Hanneman,K,1941,DET/RAM,Detroit Lions / Cleveland Rams,7,1,4,0,0,0,1,4,4,michaelmallari
k:clarke-hinkle,,Clarke Hinkle,K,1941,GNB,Green Bay Packers,11,6,14,0,0,0,6,2,2,michaelmallari
k:dan-desantis,,Dan DeSantis,K,1941,PHI,Philadelphia Eagles,11,0,0,0,0,0,0,1,1,michaelmallari
k:dean-mcadams,,Dean McAdams,K,1941,BKN,Brooklyn Dodgers,11,2,3,0,0,0,2,3,3,michaelmallari
k:dick-plasman,,Dick Plasman,K,1941,CHI,Chicago Bears,10,0,0,0,0,0,0,6,9,michaelmallari
k:don-hutson,,Don Hutson,K,1941,GNB,Green Bay Packers,11,1,1,0,0,0,1,20,24,michaelmallari
k:ed-jankowski,,Ed Jankowski,K,1941,GNB,Green Bay Packers,11,1,1,0,0,0,1,1,2,michaelmallari
k:frank-balazs,,Frank Balazs,K,1941,CRD/GNB,Chicago Cardinals / Green Bay Packers,10,0,0,0,0,0,0,1,1,michaelmallari
k:hal-lahar,,Hal Lahar,K,1941,CHI,Chicago Bears,8,1,1,0,0,0,1,1,3,michaelmallari
k:hank-soar,,Hank Soar,K,1941,NYG,New York Giants,11,0,0,0,0,0,0,3,3,michaelmallari
k:harry-clarke,,Harry Clarke,K,1941,CHI,Chicago Bears,10,0,0,0,0,0,0,1,1,michaelmallari
k:herm-rohrig,,Herm Rohrig,K,1941,GNB,Green Bay Packers,10,1,1,0,0,0,1,1,1,michaelmallari
k:jack-sanders,,Jack Sanders,K,1941,PIT,Pittsburgh Steelers,11,0,0,0,0,0,0,5,5,michaelmallari
k:joe-aguirre,,Joe Aguirre,K,1941,WAS,Washington Redskins,10,2,5,0,0,0,2,8,9,michaelmallari
k:joe-maniaci,,Joe Maniaci,K,1941,CHI,Chicago Bears,7,1,1,0,0,0,1,8,8,michaelmallari
k:joe-stydahar,,Joe Stydahar,K,1941,CHI,Chicago Bears,8,0,0,0,0,0,0,4,4,michaelmallari
k:kay-eakin,,Kay Eakin,K,1941,NYG,New York Giants,11,0,1,0,0,0,0,0,0,michaelmallari
k:ken-kavanaugh,,Ken Kavanaugh,K,1941,CHI,Chicago Bears,11,0,0,0,0,0,0,1,1,michaelmallari
k:ki-aldrich,,Ki Aldrich,K,1941,WAS,Washington Redskins,11,1,3,0,0,0,1,4,5,michaelmallari
k:larry-peace,,Larry Peace,K,1941,BKN,Brooklyn Dodgers,7,0,0,0,0,0,0,1,1,michaelmallari
k:lee-artoe,,Lee Artoe,K,1941,CHI,Chicago Bears,11,1,7,0,0,0,1,3,4,michaelmallari
k:len-barnum,,Len Barnum,K,1941,PHI,Philadelphia Eagles,11,2,6,0,0,0,2,2,2,michaelmallari
k:lou-zontini,,Lou Zontini,K,1941,CRD,Chicago Cardinals,8,0,4,0,0,0,0,5,7,michaelmallari
k:merl-condit,,Merl Condit,K,1941,BKN,Brooklyn Dodgers,11,2,11,0,0,0,2,11,12,michaelmallari
k:nick-basca,,Nick Basca,K,1941,PHI,Philadelphia Eagles,11,1,2,0,0,0,1,9,9,michaelmallari
k:tiny-engebretsen,,Tiny Engebretsen,K,1941,GNB,Green Bay Packers,1,1,3,0,0,0,1,0,0,michaelmallari
k:ward-cuff,,Ward Cuff,K,1941,NYG,New York Giants,11,5,13,0,0,0,5,19,20,michaelmallari
k:wes-mcafee,,Wes McAfee,K,1941,PHI,Philadelphia Eagles,8,0,0,0,0,0,0,2,2,michaelmallari
k:win-pedersen,,Win Pedersen,K,1941,NYG,New York Giants,9,1,1,0,0,0,1,0,0,michaelmallari
k:andy-farkas,,Andy Farkas,K,1942,WAS,Washington Redskins,10,0,0,0,0,0,0,3,3,michaelmallari
k:andy-marefos,,Andy Marefos,K,1942,NYG,New York Giants,11,0,2,0,0,0,0,0,0,michaelmallari
k:andy-tomasic,,Andy Tomasic,K,1942,PIT,Pittsburgh Steelers,11,0,0,0,0,0,0,0,1,michaelmallari
k:andy-uram,,Andy Uram,K,1942,GNB,Green Bay Packers,11,0,0,0,0,0,0,1,1,michaelmallari
k:armand-niccolai,,Armand Niccolai,K,1942,PIT,Pittsburgh Steelers,10,2,14,0,0,0,2,9,9,michaelmallari
k:augie-lio,,Augie Lio,K,1942,DET,Detroit Lions,10,0,4,0,0,0,0,5,5,michaelmallari
k:bill-daddio,,Bill Daddio,K,1942,CRD,Chicago Cardinals,11,5,10,0,0,0,5,8,8,michaelmallari
k:bob-masterson,,Bob Masterson,K,1942,WAS,Washington Redskins,11,1,5,0,0,0,1,17,19,michaelmallari
k:boyd-clay,,Boyd Clay,K,1942,RAM,Cleveland Rams,8,0,0,0,0,0,0,4,4,michaelmallari
k:chet-adams,,Chet Adams,K,1942,RAM,Cleveland Rams,11,3,6,0,0,0,3,14,15,michaelmallari
k:dean-mcadams,,Dean McAdams,K,1942,BKN,Brooklyn Dodgers,11,0,0,0,0,0,0,2,2,michaelmallari
k:dick-erdlitz,,Dick Erdlitz,K,1942,PHI,Philadelphia Eagles,10,0,0,0,0,0,0,8,8,michaelmallari
k:dick-poillon,,Dick Poillon,K,1942,WAS,Washington Redskins,7,1,2,0,0,0,1,2,2,michaelmallari
k:dick-riffle,,Dick Riffle,K,1942,PIT,Pittsburgh Steelers,11,0,0,0,0,0,0,1,1,michaelmallari
k:dick-todd,,Dick Todd,K,1942,WAS,Washington Redskins,11,0,0,0,0,0,0,2,3,michaelmallari
k:dick-weisgerber,,Dick Weisgerber,K,1942,GNB,Green Bay Packers,9,0,0,0,0,0,0,2,2,michaelmallari
k:don-hutson,,Don Hutson,K,1942,GNB,Green Bay Packers,11,1,4,0,0,0,1,33,34,michaelmallari
k:ernie-steele,,Ernie Steele,K,1942,PHI,Philadelphia Eagles,10,0,0,0,0,0,0,1,1,michaelmallari
k:frank-maznicki,,Frank Maznicki,K,1942,CHI,Chicago Bears,11,4,5,0,0,0,4,21,22,michaelmallari
k:gary-famiglietti,,Gary Famiglietti,K,1942,CHI,Chicago Bears,10,0,0,0,0,0,0,0,1,michaelmallari
k:george-somers,,George Somers,K,1942,PIT,Pittsburgh Steelers,11,0,1,0,0,0,0,1,1,michaelmallari
k:hank-soar,,Hank Soar,K,1942,NYG,New York Giants,11,0,2,0,0,0,0,2,3,michaelmallari
k:jack-sanders,,Jack Sanders,K,1942,PIT,Pittsburgh Steelers,9,0,0,0,0,0,0,7,8,michaelmallari
k:joe-pasqua,,Joe Pasqua,K,1942,RAM,Cleveland Rams,11,0,0,0,0,0,0,1,1,michaelmallari
k:joe-stydahar,,Joe Stydahar,K,1942,CHI,Chicago Bears,9,0,0,0,0,0,0,5,8,michaelmallari
k:john-lascari,,John Lascari,K,1942,NYG,New York Giants,10,0,1,0,0,0,0,0,0,michaelmallari
k:lee-artoe,,Lee Artoe,K,1942,CHI,Chicago Bears,11,0,1,0,0,0,0,20,22,michaelmallari
k:len-barnum,,Len Barnum,K,1942,PHI,Philadelphia Eagles,10,3,7,0,0,0,3,7,8,michaelmallari
k:lou-brock,,Lou Brock,K,1942,GNB,Green Bay Packers,11,0,1,0,0,0,0,2,2,michaelmallari
k:merl-condit,,Merl Condit,K,1942,BKN,Brooklyn Dodgers,11,3,6,0,0,0,3,10,10,michaelmallari
k:milt-simington,,Milt Simington,K,1942,PIT,Pittsburgh Steelers,11,1,1,0,0,0,1,2,3,michaelmallari
k:pop-ivy,,Pop Ivy,K,1942,CRD,Chicago Cardinals,11,0,0,0,0,0,0,2,2,michaelmallari
k:ray-graves,,Ray Graves,K,1942,PHI,Philadelphia Eagles,11,0,0,0,0,0,0,1,1,michaelmallari
k:roy-zimmerman,,Roy Zimmerman,K,1942,WAS,Washington Redskins,7,1,1,0,0,0,1,1,1,michaelmallari
k:steve-juzwik,,Steve Juzwik,K,1942,WAS,Washington Redskins,2,0,0,0,0,0,0,3,3,michaelmallari
k:steve-lach,,Steve Lach,K,1942,CRD,Chicago Cardinals,9,0,0,0,0,0,0,1,1,michaelmallari
k:ted-fritsch,,Ted Fritsch,K,1942,GNB,Green Bay Packers,11,4,5,0,0,0,4,1,1,michaelmallari
k:ted-pavelec,,Ted Pavelec,K,1942,DET,Detroit Lions,10,1,2,0,0,0,1,0,0,michaelmallari
k:thurmon-jones,,Thurmon Jones,K,1942,BKN,Brooklyn Dodgers,4,0,0,0,0,0,0,1,1,michaelmallari
k:ward-cuff,,Ward Cuff,K,1942,NYG,New York Giants,11,3,11,0,0,0,3,18,18,michaelmallari
k:augie-lio,,Augie Lio,K,1943,DET,Detroit Lions,10,2,11,0,0,0,2,21,23,michaelmallari
k:bob-masterson,,Bob Masterson,K,1943,WAS,Washington Redskins,10,1,5,0,0,0,1,20,21,michaelmallari
k:bob-snyder,,Bob Snyder,K,1943,CHI,Chicago Bears,10,2,7,0,0,0,2,39,42,michaelmallari
k:bruiser-kinard,,Bruiser Kinard,K,1943,BKN,Brooklyn Dodgers,10,1,1,0,0,0,1,8,9,michaelmallari
k:chet-adams,,Chet Adams,K,1943,GNB,Green Bay Packers,10,1,6,0,0,0,1,0,0,michaelmallari
k:chet-bulger,,Chet Bulger,K,1943,CRD,Chicago Cardinals,10,0,0,0,0,0,0,1,1,michaelmallari
k:conway-baker,,Conway Baker,K,1943,CRD,Chicago Cardinals,10,1,2,0,0,0,1,5,6,michaelmallari
k:dixie-stokes,,Dixie Stokes,K,1943,CRD,Chicago Cardinals,6,1,3,0,0,0,1,5,6,michaelmallari
k:don-hutson,,Don Hutson,K,1943,GNB,Green Bay Packers,10,3,5,0,0,0,3,36,36,michaelmallari
k:frankie-sinkwich,,Frankie Sinkwich,K,1943,DET,Detroit Lions,10,0,1,0,0,0,0,0,0,michaelmallari
k:gordon-paschka,,Gordon Paschka,K,1943,PHI,Phil-Pitt Combine,10,0,0,0,0,0,0,2,2,michaelmallari
k:jack-jenkins,,Jack Jenkins,K,1943,WAS,Washington Redskins,2,0,0,0,0,0,0,1,1,michaelmallari
k:jodie-marek,,Jodie Marek,K,1943,BKN,Brooklyn Dodgers,8,0,1,0,0,0,0,0,0,kendallgillies
k:joe-aguirre,,Joe Aguirre,K,1943,WAS,Washington Redskins,10,0,2,0,0,0,0,6,9,michaelmallari
k:joe-pasqua,,Joe Pasqua,K,1943,WAS,Washington Redskins,9,0,0,0,0,0,0,1,1,michaelmallari
k:len-younce,,Len Younce,K,1943,NYG,New York Giants,10,0,1,0,0,0,0,0,0,michaelmallari
k:merl-condit,,Merl Condit,K,1943,BKN,Brooklyn Dodgers,8,0,3,0,0,0,0,0,0,michaelmallari
k:ray-mclean,,Ray McLean,K,1943,CHI,Chicago Bears,10,0,0,0,0,0,0,0,1,michaelmallari
k:roy-zimmerman,,Roy Zimmerman,K,1943,PHI,Phil-Pitt Combine,10,1,6,0,0,0,1,26,28,michaelmallari
k:sam-busich,,Sam Busich,K,1943,DET,Detroit Lions,1,0,0,0,0,0,0,1,1,michaelmallari
k:ted-fritsch,,Ted Fritsch,K,1943,GNB,Green Bay Packers,10,0,2,0,0,0,0,0,0,michaelmallari
k:ted-laux,,Ted Laux,K,1943,PHI,Phil-Pitt Combine,4,0,0,0,0,0,0,2,2,michaelmallari
k:tillie-manton,,Tillie Manton,K,1943,BKN,Brooklyn Dodgers,10,0,1,0,0,0,0,0,0,kendallgillies
k:ward-cuff,,Ward Cuff,K,1943,NYG,New York Giants,10,3,9,0,0,0,3,26,27,michaelmallari
k:augie-lio,,Augie Lio,K,1944,BOS,Boston Yanks,10,2,8,0,0,0,2,10,11,michaelmallari
k:ben-kish,,Ben Kish,K,1944,PHI,Philadelphia Eagles,10,0,0,0,0,0,0,1,1,michaelmallari
k:bob-masterson,,Bob Masterson,K,1944,BKN,Brooklyn Tigers,10,0,5,0,0,0,0,0,0,michaelmallari
k:bruiser-kinard,,Bruiser Kinard,K,1944,BKN,Brooklyn Tigers,10,0,0,0,0,0,0,9,9,michaelmallari
k:conway-baker,,Conway Baker,K,1944,CRD,Card-Pitt Combine,9,0,0,0,0,0,0,11,15,michaelmallari
k:don-hutson,,Don Hutson,K,1944,GNB,Green Bay Packers,10,0,3,0,0,0,0,31,33,michaelmallari
k:frankie-sinkwich,,Frankie Sinkwich,K,1944,DET,Detroit Lions,10,2,8,0,0,0,2,24,30,michaelmallari
k:glen-sorenson,,Glen Sorenson,K,1944,GNB,Green Bay Packers,10,0,1,0,0,0,0,1,1,michaelmallari
k:joe-aguirre,,Joe Aguirre,K,1944,WAS,Washington Redskins,10,4,8,0,0,0,4,15,18,michaelmallari
k:keith-ranspot,,Keith Ranspot,K,1944,BOS,Boston Yanks,10,0,1,0,0,0,0,0,0,michaelmallari
k:ken-strong,,Ken Strong,K,1944,NYG,New York Giants,10,6,12,0,0,0,6,23,24,michaelmallari
k:larry-weldon,,Larry Weldon,K,1944,WAS,Washington Redskins,8,0,0,0,0,0,0,4,4,michaelmallari
k:lou-zontini,,Lou Zontini,K,1944,RAM,Cleveland Rams,10,3,6,0,0,0,3,14,16,michaelmallari
k:marshall-robnett,,Marshall Robnett,K,1944,CRD,Card-Pitt Combine,8,0,2,0,0,0,0,1,1,michaelmallari
k:pete-gudauskas,,Pete Gudauskas,K,1944,CHI,Chicago Bears,10,0,0,0,0,0,0,36,37,michaelmallari
k:pug-manders,,Pug Manders,K,1944,BKN,Brooklyn Tigers,10,0,1,0,0,0,0,0,0,michaelmallari
k:roy-zimmerman,,Roy Zimmerman,K,1944,PHI,Philadelphia Eagles,10,4,8,0,0,0,4,32,34,michaelmallari
k:tom-colella,,Tom Colella,K,1944,RAM,Cleveland Rams,10,1,1,0,0,0,1,0,0,michaelmallari
k:walter-west,,Walter West,K,1944,RAM,Cleveland Rams,9,0,0,0,0,0,0,6,8,michaelmallari
k:ward-cuff,,Ward Cuff,K,1944,NYG,New York Giants,10,1,4,0,0,0,1,2,2,michaelmallari
k:augie-lio,,Augie Lio,K,1945,BOS,Boston Yanks,10,4,5,0,0,0,4,15,16,michaelmallari
k:ben-agajanian,,Ben Agajanian,K,1945,PHI/PIT,Philadelphia Eagles / Pittsburgh Steelers,6,4,4,0,0,0,4,1,2,michaelmallari
k:bill-callihan,,Bill Callihan,K,1945,DET,Detroit Lions,10,0,0,0,0,0,0,25,27,michaelmallari
k:bill-dudley,,Bill Dudley,K,1945,PIT,Pittsburgh Steelers,4,0,0,0,0,0,0,2,3,michaelmallari
k:bob-masterson,,Bob Masterson,K,1945,BOS,Boston Yanks,10,0,1,0,0,0,0,0,0,kendallgillies
k:bob-waterfield,,Bob Waterfield,K,1945,RAM,Cleveland Rams,10,1,3,0,0,0,1,31,34,michaelmallari
k:chuck-deshane,,Chuck DeShane,K,1945,DET,Detroit Lions,9,0,2,0,0,0,0,0,0,michaelmallari
k:dave-ryan,,Dave Ryan,K,1945,DET,Detroit Lions,10,1,3,0,0,0,1,0,0,michaelmallari
k:don-hutson,,Don Hutson,K,1945,GNB,Green Bay Packers,10,2,4,0,0,0,2,31,35,michaelmallari
k:joe-aguirre,,Joe Aguirre,K,1945,WAS,Washington Redskins,10,7,13,0,0,0,7,23,24,michaelmallari
k:joe-kuharich,,Joe Kuharich,K,1945,CRD,Chicago Cardinals,6,0,3,0,0,0,0,12,13,michaelmallari
k:john-naioti,,John Naioti,K,1945,PIT,Pittsburgh Steelers,6,0,0,0,0,0,0,4,4,michaelmallari
k:john-rogalla,,John Rogalla,K,1945,PHI,Philadelphia Eagles,8,0,0,0,0,0,0,1,1,michaelmallari
k:ken-strong,,Ken Strong,K,1945,NYG,New York Giants,9,6,13,0,0,0,6,23,23,michaelmallari
k:larry-weldon,,Larry Weldon,K,1945,WAS,Washington Redskins,4,0,0,0,0,0,0,1,1,michaelmallari
k:merl-condit,,Merl Condit,K,1945,WAS,Washington Redskins,5,0,0,0,0,0,0,1,1,michaelmallari
k:pete-gudauskas,,Pete Gudauskas,K,1945,CHI,Chicago Bears,8,1,2,0,0,0,1,27,27,michaelmallari
k:robert-nelson,,Robert Nelson,K,1945,DET,Detroit Lions,9,1,4,0,0,0,1,0,0,michaelmallari
k:roy-zimmerman,,Roy Zimmerman,K,1945,PHI,Philadelphia Eagles,10,4,8,0,0,0,4,29,33,michaelmallari
k:sammy-baugh,,Sammy Baugh,K,1945,WAS,Washington Redskins,10,0,0,0,0,0,0,1,1,michaelmallari
k:steve-van-buren,,Steve Van Buren,K,1945,PHI,Philadelphia Eagles,10,0,0,0,0,0,0,2,2,michaelmallari
k:ted-fritsch,,Ted Fritsch,K,1945,GNB,Green Bay Packers,10,3,8,0,0,0,3,0,0,michaelmallari
k:augie-lio,,Augie Lio,K,1946,PHI,Philadelphia Eagles,11,6,11,0,0,0,6,27,27,michaelmallari
k:bill-dudley,,Bill Dudley,K,1946,PIT,Pittsburgh Steelers,11,2,7,0,0,0,2,12,14,michaelmallari
k:bob-waterfield,,Bob Waterfield,K,1946,RAM,Los Angeles Rams,11,6,9,0,0,0,6,37,37,michaelmallari
k:chuck-deshane,,Chuck DeShane,K,1946,DET,Detroit Lions,10,0,1,0,0,0,0,10,10,michaelmallari
k:damon-tassos,,Damon Tassos,K,1946,DET,Detroit Lions,11,0,1,0,0,0,0,3,3,michaelmallari
k:dick-poillon,,Dick Poillon,K,1946,WAS,Washington Redskins,11,6,16,0,0,0,6,21,21,michaelmallari
k:frank-maznicki,,Frank Maznicki,K,1946,CHI,Chicago Bears,4,4,9,0,0,0,4,25,26,michaelmallari
k:gary-famiglietti,,Gary Famiglietti,K,1946,BOS,Boston Yanks,11,0,1,0,0,0,0,0,0,michaelmallari
k:jack-helms,,Jack Helms,K,1946,DET,Detroit Lions,7,3,4,0,0,0,3,4,6,michaelmallari
k:jim-peebles,,Jim Peebles,K,1946,WAS,Washington Redskins,11,0,2,0,0,0,0,0,0,michaelmallari
k:joe-stydahar,,Joe Stydahar,K,1946,CHI,Chicago Bears,10,0,2,0,0,0,0,12,13,michaelmallari
k:ken-strong,,Ken Strong,K,1946,NYG,New York Giants,11,4,9,0,0,0,4,32,32,michaelmallari
k:merl-condit,,Merl Condit,K,1946,PIT,Pittsburgh Steelers,9,0,2,0,0,0,0,4,4,michaelmallari
k:nick-scollard,,Nick Scollard,K,1946,BOS,Boston Yanks,11,0,1,0,0,0,0,21,24,michaelmallari
k:pat-harder,,Pat Harder,K,1946,CRD,Chicago Cardinals,11,0,0,0,0,0,0,5,5,michaelmallari
k:roy-mckay,,Roy McKay,K,1946,GNB,Green Bay Packers,11,0,0,0,0,0,0,2,2,michaelmallari
k:roy-zimmerman,,Roy Zimmerman,K,1946,PHI,Philadelphia Eagles,11,2,4,0,0,0,2,2,2,michaelmallari
k:ted-fritsch,,Ted Fritsch,K,1946,GNB,Green Bay Packers,11,9,17,0,0,0,9,13,15,michaelmallari
k:ward-cuff,,Ward Cuff,K,1946,CRD,Chicago Cardinals,10,5,12,0,0,0,5,28,30,michaelmallari
k:bob-waterfield,,Bob Waterfield,K,1947,RAM,Los Angeles Rams,12,7,16,0,0,0,7,27,30,michaelmallari
k:cliff-patton,,Cliff Patton,K,1947,PHI,Philadelphia Eagles,12,3,14,0,0,0,3,36,40,michaelmallari
k:dick-poillon,,Dick Poillon,K,1947,WAS,Washington Redskins,12,4,6,0,0,0,4,37,41,michaelmallari
k:frank-maznicki,,Frank Maznicki,K,1947,BOS,Boston Yanks,12,2,2,0,0,0,2,19,21,michaelmallari
k:fred-gehrke,,Fred Gehrke,K,1947,RAM,Los Angeles Rams,11,1,1,0,0,0,1,4,4,michaelmallari
k:jim-kekeris,,Jim Kekeris,K,1947,PHI,Philadelphia Eagles,10,0,1,0,0,0,0,2,3,michaelmallari
k:jim-peebles,,Jim Peebles,K,1947,WAS,Washington Redskins,12,0,1,0,0,0,0,0,0,kendallgillies
k:joe-glamp,,Joe Glamp,K,1947,PIT,Pittsburgh Steelers,12,6,14,0,0,0,6,30,31,michaelmallari
k:joe-muha,,Joe Muha,K,1947,PHI,Philadelphia Eagles,12,1,5,0,0,0,1,0,0,michaelmallari
k:ken-strong,,Ken Strong,K,1947,NYG,New York Giants,10,2,5,0,0,0,2,24,25,michaelmallari
k:len-younce,,Len Younce,K,1947,NYG,New York Giants,12,1,1,0,0,0,1,1,1,michaelmallari
k:nick-scollard,,Nick Scollard,K,1947,BOS,Boston Yanks,12,1,4,0,0,0,1,2,2,michaelmallari
k:pat-harder,,Pat Harder,K,1947,CRD,Chicago Cardinals,12,7,10,0,0,0,7,39,40,michaelmallari
k:pop-ivy,,Pop Ivy,K,1947,CRD,Chicago Cardinals,12,0,1,0,0,0,0,0,0,kendallgillies
k:ray-mclean,,Ray McLean,K,1947,CHI,Chicago Bears,12,0,1,0,0,0,0,44,52,michaelmallari
k:roy-mckay,,Roy McKay,K,1947,GNB,Green Bay Packers,11,0,0,0,0,0,0,1,1,michaelmallari
k:roy-zimmerman,,Roy Zimmerman,K,1947,DET,Detroit Lions,12,5,11,0,0,0,5,30,31,michaelmallari
k:sid-luckman,,Sid Luckman,K,1947,CHI,Chicago Bears,12,0,0,0,0,0,0,1,1,michaelmallari
k:ted-fritsch,,Ted Fritsch,K,1947,GNB,Green Bay Packers,12,6,13,0,0,0,6,2,2,michaelmallari
k:ward-cuff,,Ward Cuff,K,1947,GNB,Green Bay Packers,10,7,16,0,0,0,7,30,30,michaelmallari
k:al-lawler,,Al Lawler,K,1948,CHI,Chicago Bears,7,1,1,0,0,0,1,3,3,michaelmallari
k:bob-waterfield,,Bob Waterfield,K,1948,RAM,Los Angeles Rams,11,6,11,0,0,0,6,38,44,michaelmallari
k:bobby-layne,,Bobby Layne,K,1948,CHI,Chicago Bears,11,0,1,0,0,0,0,0,0,michaelmallari
k:cliff-patton,,Cliff Patton,K,1948,PHI,Philadelphia Eagles,12,8,12,0,0,0,8,50,50,michaelmallari
k:dick-poillon,,Dick Poillon,K,1948,WAS,Washington Redskins,12,5,7,0,0,0,5,33,38,michaelmallari
k:ed-cody,,Ed Cody,K,1948,GNB,Green Bay Packers,10,0,0,0,0,0,0,11,13,michaelmallari
k:frank-williams,,Frank Williams,K,1948,NYG,New York Giants,9,0,1,0,0,0,0,4,5,michaelmallari
k:fred-gehrke,,Fred Gehrke,K,1948,RAM,Los Angeles Rams,12,0,0,0,0,0,0,1,1,michaelmallari
k:fred-venturelli,,Fred Venturelli,K,1948,CHI,Chicago Bears,1,1,2,0,0,0,1,4,4,michaelmallari
k:george-grimes,,George Grimes,K,1948,DET,Detroit Lions,9,0,0,0,0,0,0,0,1,michaelmallari
k:jim-peebles,,Jim Peebles,K,1948,WAS,Washington Redskins,11,0,0,0,0,0,0,1,2,michaelmallari
k:joe-glamp,,Joe Glamp,K,1948,PIT,Pittsburgh Steelers,12,4,10,0,0,0,4,26,27,michaelmallari
k:joe-muha,,Joe Muha,K,1948,PHI,Philadelphia Eagles,11,0,5,0,0,0,0,0,0,michaelmallari
k:johnny-lujack,,Johnny Lujack,K,1948,CHI,Chicago Bears,9,0,3,0,0,0,0,44,46,michaelmallari
k:len-younce,,Len Younce,K,1948,NYG,New York Giants,11,1,7,0,0,0,1,36,37,michaelmallari
k:merv-pregulman,,Merv Pregulman,K,1948,DET,Detroit Lions,12,2,6,0,0,0,2,26,27,michaelmallari
k:nick-scollard,,Nick Scollard,K,1948,BOS,Boston Yanks,12,2,3,0,0,0,2,8,8,michaelmallari
k:pat-harder,,Pat Harder,K,1948,CRD,Chicago Cardinals,12,7,17,0,0,0,7,53,53,michaelmallari
k:roy-zimmerman,,Roy Zimmerman,K,1948,BOS,Boston Yanks,9,1,4,0,0,0,1,13,15,michaelmallari
k:ted-fritsch,,Ted Fritsch,K,1948,GNB,Green Bay Packers,12,6,16,0,0,0,6,5,6,michaelmallari
k:vinnie-yablonski,,Vinnie Yablonski,K,1948,CRD,Chicago Cardinals,12,1,4,0,0,0,1,0,0,michaelmallari
k:ben-agajanian,,Ben Agajanian,K,1949,NYG,New York Giants,12,8,13,0,0,0,8,35,36,michaelmallari
k:bill-dudley,,Bill Dudley,K,1949,DET,Detroit Lions,12,5,14,0,0,0,5,30,32,michaelmallari
k:bob-waterfield,,Bob Waterfield,K,1949,RAM,Los Angeles Rams,12,9,16,0,0,0,9,43,45,michaelmallari
k:cliff-patton,,Cliff Patton,K,1949,PHI,Philadelphia Eagles,12,9,18,0,0,0,9,42,43,michaelmallari
k:dick-poillon,,Dick Poillon,K,1949,WAS,Washington Redskins,12,4,7,0,0,0,4,34,37,michaelmallari
k:fred-gehrke,,Fred Gehrke,K,1949,RAM,Los Angeles Rams,12,0,1,0,0,0,0,2,3,michaelmallari
k:george-blanda,,George Blanda,K,1949,CHI,Chicago Bears,12,7,15,0,0,0,7,0,0,michaelmallari
k:joe-ethridge,,Joe Ethridge,K,1949,GNB,Green Bay Packers,12,1,2,0,0,0,1,1,1,michaelmallari
k:joe-geri,,Joe Geri,K,1949,PIT,Pittsburgh Steelers,12,1,1,0,0,0,1,12,13,michaelmallari
k:joe-glamp,,Joe Glamp,K,1949,PIT,Pittsburgh Steelers,8,1,6,0,0,0,1,18,18,michaelmallari
k:joe-muha,,Joe Muha,K,1949,PHI,Philadelphia Eagles,12,0,1,0,0,0,0,5,5,michaelmallari
k:johnny-lujack,,Johnny Lujack,K,1949,CHI,Chicago Bears,12,1,1,0,0,0,1,42,44,michaelmallari
k:nick-scollard,,Nick Scollard,K,1949,NYY,New York Bulldogs,12,3,10,0,0,0,3,18,21,michaelmallari
k:pat-harder,,Pat Harder,K,1949,CRD,Chicago Cardinals,11,3,5,0,0,0,3,45,47,michaelmallari
k:ted-fritsch,,Ted Fritsch,K,1949,GNB,Green Bay Packers,12,5,20,0,0,0,5,11,13,michaelmallari
k:vinnie-yablonski,,Vinnie Yablonski,K,1949,CRD,Chicago Cardinals,12,5,6,0,0,0,5,1,1,michaelmallari
k:bill-dudley,,Bill Dudley,K,1950,WAS,Washington Redskins,12,5,10,0,0,0,5,31,31,michaelmallari
k:bob-waterfield,,Bob Waterfield,K,1950,RAM,Los Angeles Rams,12,7,14,0,0,0,7,54,58,michaelmallari
k:bobby-layne,,Bobby Layne,K,1950,DET,Detroit Lions,12,0,0,0,0,0,0,1,2,michaelmallari
k:chet-adams,,Chet Adams,K,1950,NYY,New York Yanks,12,2,9,0,0,0,2,45,48,michaelmallari
k:chubby-grigg,,Chubby Grigg,K,1950,CLE,Cleveland Browns,11,1,2,0,0,0,1,9,9,michaelmallari
k:clayton-tonnemaker,,Clayton Tonnemaker,K,1950,GNB,Green Bay Packers,12,0,0,0,0,0,0,1,1,michaelmallari
k:cliff-patton,,Cliff Patton,K,1950,PHI,Philadelphia Eagles,12,8,17,0,0,0,8,32,33,michaelmallari
k:doak-walker,,Doak Walker,K,1950,DET,Detroit Lions,12,8,18,0,0,0,8,38,41,michaelmallari
k:elroy-hirsch,,Elroy Hirsch,K,1950,RAM,Los Angeles Rams,12,0,0,0,0,0,0,5,5,michaelmallari
k:george-blanda,,George Blanda,K,1950,BCL/CHI,Baltimore Colts / Chicago Bears,12,6,15,0,0,0,6,0,0,michaelmallari
k:gordie-soltau,,Gordie Soltau,K,1950,SFO,San Francisco 49ers,12,4,8,0,0,0,4,26,28,michaelmallari
k:jack-nix,,Jack Nix,K,1950,SFO,San Francisco 49ers,9,0,0,0,0,0,0,1,1,michaelmallari
k:joe-geri,,Joe Geri,K,1950,PIT,Pittsburgh Steelers,12,8,14,0,0,0,8,22,22,michaelmallari
k:joe-muha,,Joe Muha,K,1950,PHI,Philadelphia Eagles,11,0,5,0,0,0,0,0,0,michaelmallari
k:johnny-lujack,,Johnny Lujack,K,1950,CHI,Chicago Bears,12,3,5,0,0,0,3,34,35,michaelmallari
k:lou-groza,,Lou Groza,K,1950,CLE,Cleveland Browns,10,13,19,0,0,0,13,29,29,michaelmallari
k:pat-harder,,Pat Harder,K,1950,CRD,Chicago Cardinals,12,4,9,0,0,0,4,22,24,michaelmallari
k:pete-layden,,Pete Layden,K,1950,NYY,New York Yanks,10,0,0,0,0,0,0,3,3,michaelmallari
k:randy-clay,,Randy Clay,K,1950,NYG,New York Giants,12,1,1,0,0,0,1,0,1,michaelmallari
k:ray-poole,,Ray Poole,K,1950,NYG,New York Giants,12,5,11,0,0,0,5,30,34,michaelmallari
k:rex-grossman,,Rex Grossman,K,1950,BCL/DET,Baltimore Colts / Detroit Lions,12,0,3,0,0,0,0,16,19,michaelmallari
k:ted-fritsch,,Ted Fritsch,K,1950,GNB,Green Bay Packers,12,3,17,0,0,0,3,30,33,michaelmallari
k:veto-kissell,,Veto Kissell,K,1950,BCL,Baltimore Colts,11,0,1,0,0,0,0,11,11,michaelmallari
k:vinnie-yablonski,,Vinnie Yablonski,K,1950,CRD,Chicago Cardinals,12,2,3,0,0,0,2,7,7,michaelmallari
k:bill-dudley,,Bill Dudley,K,1951,WAS,Washington Redskins,12,10,13,0,0,0,10,21,22,michaelmallari
k:bob-waterfield,,Bob Waterfield,K,1951,RAM,Los Angeles Rams,11,13,23,0,0,0,13,41,43,michaelmallari
k:bobby-walston,,Bobby Walston,K,1951,PHI,Philadelphia Eagles,12,6,11,0,0,0,6,28,31,michaelmallari
k:cliff-patton,,Cliff Patton,K,1951,CRD,Chicago Cardinals,12,5,8,0,0,0,5,19,19,michaelmallari
k:doak-walker,,Doak Walker,K,1951,DET,Detroit Lions,12,6,12,0,0,0,6,43,44,michaelmallari
k:elroy-hirsch,,Elroy Hirsch,K,1951,RAM,Los Angeles Rams,12,0,0,0,0,0,0,0,1,michaelmallari
k:fred-cone,,Fred Cone,K,1951,GNB,Green Bay Packers,12,5,7,0,0,0,5,29,35,michaelmallari
k:gail-bruce,,Gail Bruce,K,1951,SFO,San Francisco 49ers,12,0,0,0,0,0,0,1,1,michaelmallari
k:george-blanda,,George Blanda,K,1951,CHI,Chicago Bears,12,6,17,0,0,0,6,26,26,michaelmallari
k:gordie-soltau,,Gordie Soltau,K,1951,SFO,San Francisco 49ers,12,6,18,0,0,0,6,30,32,michaelmallari
k:harvey-johnson,,Harvey Johnson,K,1951,NYY,New York Yanks,12,6,14,0,0,0,6,31,31,michaelmallari
k:joe-geri,,Joe Geri,K,1951,PIT,Pittsburgh Steelers,12,7,14,0,0,0,7,22,23,michaelmallari
k:johnny-lujack,,Johnny Lujack,K,1951,CHI,Chicago Bears,12,0,0,0,0,0,0,10,11,michaelmallari
k:lou-groza,,Lou Groza,K,1951,CLE,Cleveland Browns,12,10,23,0,0,0,10,43,43,michaelmallari
k:norb-hecker,,Norb Hecker,K,1951,RAM,Los Angeles Rams,10,0,1,0,0,0,0,0,0,michaelmallari
k:pat-harder,,Pat Harder,K,1951,DET,Detroit Lions,12,3,5,0,0,0,3,0,0,michaelmallari
k:ray-poole,,Ray Poole,K,1951,NYG,New York Giants,11,12,16,0,0,0,12,30,31,michaelmallari
k:tom-fears,,Tom Fears,K,1951,RAM,Los Angeles Rams,7,0,0,0,0,0,0,6,7,michaelmallari
k:vinnie-yablonski,,Vinnie Yablonski,K,1951,CRD,Chicago Cardinals,4,2,5,0,0,0,2,8,8,michaelmallari
k:wilford-white,,Wilford White,K,1951,CHI,Chicago Bears,6,1,2,0,0,0,1,1,1,michaelmallari
k:bill-reichardt,,Bill Reichardt,K,1952,GNB,Green Bay Packers,12,5,20,0,0,0,5,5,5,michaelmallari
k:bob-carey,,Bob Carey,K,1952,RAM,Los Angeles Rams,12,0,1,0,0,0,0,0,0,michaelmallari
k:bob-gain,,Bob Gain,K,1952,CLE,Cleveland Browns,6,0,0,0,0,0,0,3,3,michaelmallari
k:bob-waterfield,,Bob Waterfield,K,1952,RAM,Los Angeles Rams,12,11,18,0,0,0,11,44,45,michaelmallari
k:bobby-layne,,Bobby Layne,K,1952,DET,Detroit Lions,12,0,0,0,0,0,0,2,2,michaelmallari
k:bobby-walston,,Bobby Walston,K,1952,PHI,Philadelphia Eagles,12,11,20,0,0,0,11,31,31,michaelmallari
k:charlie-conerly,,Charlie Conerly,K,1952,NYG,New York Giants,11,0,0,0,0,0,0,2,2,michaelmallari
k:chubby-grigg,,Chubby Grigg,K,1952,DTX,Dallas Texans,10,0,3,0,0,0,0,9,12,michaelmallari
k:doak-walker,,Doak Walker,K,1952,DET,Detroit Lions,7,3,5,0,0,0,3,5,5,michaelmallari
k:ed-bagdon,,Ed Bagdon,K,1952,WAS,Washington Redskins,3,1,3,0,0,0,1,4,6,michaelmallari
k:ed-kissell,,Ed Kissell,K,1952,PIT,Pittsburgh Steelers,6,0,2,0,0,0,0,0,0,kendallgillies
k:eddie-lebaron,,Eddie LeBaron,K,1952,WAS,Washington Redskins,12,0,0,0,0,0,0,6,7,michaelmallari
k:fred-cone,,Fred Cone,K,1952,GNB,Green Bay Packers,10,1,1,0,0,0,1,32,34,michaelmallari
k:gary-kerkorian,,Gary Kerkorian,K,1952,PIT,Pittsburgh Steelers,12,4,9,0,0,0,4,35,41,michaelmallari
k:george-blanda,,George Blanda,K,1952,CHI,Chicago Bears,12,6,25,0,0,0,6,30,30,michaelmallari
k:george-buksar,,George Buksar,K,1952,WAS,Washington Redskins,10,3,7,0,0,0,3,15,18,michaelmallari
k:gordie-soltau,,Gordie Soltau,K,1952,SFO,San Francisco 49ers,12,6,12,0,0,0,6,34,36,michaelmallari
k:jim-hardy,,Jim Hardy,K,1952,DET,Detroit Lions,9,0,0,0,0,0,0,1,1,michaelmallari
k:joe-geri,,Joe Geri,K,1952,CRD,Chicago Cardinals,12,2,18,0,0,0,2,22,24,michaelmallari
k:julie-rykovich,,Julie Rykovich,K,1952,WAS,Washington Redskins,11,0,0,0,0,0,0,1,1,michaelmallari
k:keith-flowers,,Keith Flowers,K,1952,DET/DTX,Detroit Lions / Dallas Texans,9,0,0,0,0,0,0,3,5,michaelmallari
k:lou-groza,,Lou Groza,K,1952,CLE,Cleveland Browns,12,19,33,0,0,0,19,32,32,michaelmallari
k:pat-cannamela,,Pat Cannamela,K,1952,DTX,Dallas Texans,12,0,1,0,0,0,0,8,10,michaelmallari
k:pat-harder,,Pat Harder,K,1952,DET,Detroit Lions,11,11,23,0,0,0,11,34,35,michaelmallari
k:pat-odonahue,,Pat O'Donahue,K,1952,SFO,San Francisco 49ers,8,0,0,0,0,0,0,1,1,michaelmallari
k:ray-mathews,,Ray Mathews,K,1952,PIT,Pittsburgh Steelers,12,0,0,0,0,0,0,1,1,michaelmallari
k:ray-poole,,Ray Poole,K,1952,NYG,New York Giants,12,10,17,0,0,0,10,26,27,michaelmallari
k:wilford-white,,Wilford White,K,1952,CHI,Chicago Bears,11,2,3,0,0,0,2,1,1,michaelmallari
k:al-pollard,,Al Pollard,K,1953,PHI,Philadelphia Eagles,12,0,2,0,0,0,0,1,1,michaelmallari
k:ben-agajanian,,Ben Agajanian,K,1953,RAM,Los Angeles Rams,10,10,24,0,0,0,10,36,37,michaelmallari
k:bert-rechichar,,Bert Rechichar,K,1953,BAL,Baltimore Colts,11,5,13,0,0,0,5,0,0,michaelmallari
k:bill-dudley,,Bill Dudley,K,1953,WAS,Washington Redskins,12,11,22,0,0,0,11,25,25,michaelmallari
k:bill-george,,Bill George,K,1953,CHI,Chicago Bears,12,0,1,0,0,0,0,0,0,kendallgillies
k:bobby-walston,,Bobby Walston,K,1953,PHI,Philadelphia Eagles,12,4,13,0,0,0,4,45,48,michaelmallari
k:buck-mcphail,,Buck McPhail,K,1953,BAL,Baltimore Colts,12,2,5,0,0,0,2,21,23,michaelmallari
k:doak-walker,,Doak Walker,K,1953,DET,Detroit Lions,12,12,19,0,0,0,12,27,29,michaelmallari
k:elroy-hirsch,,Elroy Hirsch,K,1953,RAM,Los Angeles Rams,12,0,0,0,0,0,0,4,5,michaelmallari
k:frank-gifford,,Frank Gifford,K,1953,NYG,New York Giants,12,1,5,0,0,0,1,2,2,michaelmallari
k:fred-cone,,Fred Cone,K,1953,GNB,Green Bay Packers,12,5,16,0,0,0,5,23,25,michaelmallari
k:george-blanda,,George Blanda,K,1953,CHI,Chicago Bears,12,7,20,0,0,0,7,27,27,michaelmallari
k:gordie-soltau,,Gordie Soltau,K,1953,SFO,San Francisco 49ers,12,10,15,0,0,0,10,48,49,michaelmallari
k:jim-martin,,Jim Martin,K,1953,DET,Detroit Lions,8,2,4,0,0,0,2,4,4,michaelmallari
k:joe-perry,,Joe Perry,K,1953,SFO,San Francisco 49ers,12,0,3,0,0,0,0,0,0,michaelmallari
k:lou-groza,,Lou Groza,K,1953,CLE,Cleveland Browns,12,23,26,0,0,0,23,39,40,michaelmallari
k:nick-bolkovac,,Nick Bolkovac,K,1953,PIT,Pittsburgh Steelers,12,4,12,0,0,0,4,27,28,michaelmallari
k:pat-summerall,,Pat Summerall,K,1953,CRD,Chicago Cardinals,12,9,24,0,0,0,9,23,23,michaelmallari
k:randy-clay,,Randy Clay,K,1953,NYG,New York Giants,12,2,7,0,0,0,2,20,22,michaelmallari
k:tom-fears,,Tom Fears,K,1953,RAM,Los Angeles Rams,8,1,1,0,0,0,1,5,6,michaelmallari
k:ben-agajanian,,Ben Agajanian,K,1954,NYG,New York Giants,12,13,25,0,0,0,13,35,35,michaelmallari
k:bert-rechichar,,Bert Rechichar,K,1954,BAL,Baltimore Colts,12,6,13,0,0,0,6,1,1,michaelmallari
k:bill-george,,Bill George,K,1954,CHI,Chicago Bears,12,4,6,0,0,0,4,13,14,michaelmallari
k:bob-carey,,Bob Carey,K,1954,RAM,Los Angeles Rams,2,1,1,0,0,0,1,2,2,michaelmallari
k:bobby-walston,,Bobby Walston,K,1954,PHI,Philadelphia Eagles,12,4,10,0,0,0,4,36,39,michaelmallari
k:charlie-conerly,,Charlie Conerly,K,1954,NYG,New York Giants,10,0,0,0,0,0,0,1,1,michaelmallari
k:doak-walker,,Doak Walker,K,1954,DET,Detroit Lions,12,11,17,0,0,0,11,43,43,michaelmallari
k:ed-kissell,,Ed Kissell,K,1954,PIT,Pittsburgh Steelers,7,2,4,0,0,0,2,8,9,michaelmallari
k:fred-cone,,Fred Cone,K,1954,GNB,Green Bay Packers,12,9,16,0,0,0,9,27,29,michaelmallari
k:gary-kerkorian,,Gary Kerkorian,K,1954,BAL,Baltimore Colts,10,5,10,0,0,0,5,11,12,michaelmallari
k:george-blanda,,George Blanda,K,1954,CHI,Chicago Bears,8,8,16,0,0,0,8,23,23,michaelmallari
k:gordie-soltau,,Gordie Soltau,K,1954,SFO,San Francisco 49ers,11,11,18,0,0,0,11,31,33,michaelmallari
k:jim-kincaid,,Jim Kincaid,K,1954,WAS,Washington Redskins,2,0,0,0,0,0,0,1,1,michaelmallari
k:jim-martin,,Jim Martin,K,1954,DET,Detroit Lions,12,1,6,0,0,0,1,0,0,michaelmallari
k:joe-perry,,Joe Perry,K,1954,SFO,San Francisco 49ers,12,1,3,0,0,0,1,6,7,michaelmallari
k:ken-konz,,Ken Konz,K,1954,CLE,Cleveland Browns,12,0,0,0,0,0,0,3,3,michaelmallari
k:les-richter,,Les Richter,K,1954,RAM,Los Angeles Rams,12,8,15,0,0,0,8,38,38,michaelmallari
k:lou-groza,,Lou Groza,K,1954,CLE,Cleveland Browns,12,16,24,0,0,0,16,37,38,michaelmallari
k:nick-bolkovac,,Nick Bolkovac,K,1954,PIT,Pittsburgh Steelers,5,3,4,0,0,0,3,3,3,michaelmallari
k:pat-summerall,,Pat Summerall,K,1954,CRD,Chicago Cardinals,12,8,18,0,0,0,8,21,23,michaelmallari
k:paul-held,,Paul Held,K,1954,PIT,Pittsburgh Steelers,8,3,5,0,0,0,3,14,16,michaelmallari
k:pete-perini,,Pete Perini,K,1954,CHI,Chicago Bears,12,0,0,0,0,0,0,1,1,michaelmallari
k:ralph-felton,,Ralph Felton,K,1954,WAS,Washington Redskins,12,1,2,0,0,0,1,16,17,michaelmallari
k:tom-fears,,Tom Fears,K,1954,RAM,Los Angeles Rams,10,0,0,0,0,0,0,1,1,michaelmallari
k:vic-janowicz,,Vic Janowicz,K,1954,WAS,Washington Redskins,10,4,8,0,0,0,4,9,9,michaelmallari
k:art-michalik,,Art Michalik,K,1955,PIT,Pittsburgh Steelers,12,1,12,0,0,0,1,9,15,michaelmallari
k:ben-agajanian,,Ben Agajanian,K,1955,NYG,New York Giants,12,10,15,0,0,0,10,32,33,michaelmallari
k:bert-rechichar,,Bert Rechichar,K,1955,BAL,Baltimore Colts,12,10,24,0,0,0,10,25,26,michaelmallari
k:bobby-walston,,Bobby Walston,K,1955,PHI,Philadelphia Eagles,12,2,3,0,0,0,2,6,7,michaelmallari
k:bud-mcfadin,,Bud McFadin,K,1955,RAM,Los Angeles Rams,12,1,5,0,0,0,1,0,0,michaelmallari
k:charlie-conerly,,Charlie Conerly,K,1955,NYG,New York Giants,12,0,0,0,0,0,0,1,1,michaelmallari
k:dave-mann,,Dave Mann,K,1955,CRD,Chicago Cardinals,12,1,1,0,0,0,1,0,2,michaelmallari
k:dick-bielski,,Dick Bielski,K,1955,PHI,Philadelphia Eagles,12,9,23,0,0,0,9,23,24,michaelmallari
k:doak-walker,,Doak Walker,K,1955,DET,Detroit Lions,12,9,16,0,0,0,9,27,29,michaelmallari
k:fred-cone,,Fred Cone,K,1955,GNB,Green Bay Packers,12,16,24,0,0,0,16,30,30,michaelmallari
k:gary-kerkorian,,Gary Kerkorian,K,1955,BAL,Baltimore Colts,7,1,2,0,0,0,1,0,0,michaelmallari
k:george-blanda,,George Blanda,K,1955,CHI,Chicago Bears,12,11,16,0,0,0,11,37,37,michaelmallari
k:gordie-soltau,,Gordie Soltau,K,1955,SFO,San Francisco 49ers,12,3,12,0,0,0,3,27,30,michaelmallari
k:jim-martin,,Jim Martin,K,1955,DET,Detroit Lions,9,0,1,0,0,0,0,0,0,kendallgillies
k:lamar-mchan,,Lamar McHan,K,1955,CRD,Chicago Cardinals,12,0,0,0,0,0,0,0,2,michaelmallari
k:les-richter,,Les Richter,K,1955,RAM,Los Angeles Rams,12,13,24,0,0,0,13,30,31,michaelmallari
k:lou-groza,,Lou Groza,K,1955,CLE,Cleveland Browns,12,11,22,0,0,0,11,44,45,michaelmallari
k:norb-hecker,,Norb Hecker,K,1955,WAS,Washington Redskins,12,0,1,0,0,0,0,2,2,michaelmallari
k:pat-summerall,,Pat Summerall,K,1955,CRD,Chicago Cardinals,11,8,19,0,0,0,8,23,25,michaelmallari
k:tad-weed,,Tad Weed,K,1955,PIT,Pittsburgh Steelers,6,3,6,0,0,0,3,12,12,michaelmallari
k:tom-fears,,Tom Fears,K,1955,RAM,Los Angeles Rams,12,0,3,0,0,0,0,0,0,michaelmallari
k:tom-keane,,Tom Keane,K,1955,CRD,Chicago Cardinals,11,0,1,0,0,0,0,0,0,kendallgillies
k:vic-janowicz,,Vic Janowicz,K,1955,WAS,Washington Redskins,12,6,20,0,0,0,6,28,31,michaelmallari
k:ben-agajanian,,Ben Agajanian,K,1956,NYG,New York Giants,10,5,13,0,0,0,5,23,23,michaelmallari
k:bert-rechichar,,Bert Rechichar,K,1956,BAL,Baltimore Colts,10,3,13,0,0,0,3,8,10,michaelmallari
k:bobby-layne,,Bobby Layne,K,1956,DET,Detroit Lions,12,12,15,0,0,0,12,33,33,michaelmallari
k:bobby-walston,,Bobby Walston,K,1956,PHI,Philadelphia Eagles,12,6,13,0,0,0,6,17,18,michaelmallari
k:bud-mcfadin,,Bud McFadin,K,1956,RAM,Los Angeles Rams,12,1,4,0,0,0,1,0,0,michaelmallari
k:dick-bielski,,Dick Bielski,K,1956,PHI,Philadelphia Eagles,12,0,1,0,0,0,0,0,0,michaelmallari
k:don-chandler,,Don Chandler,K,1956,NYG,New York Giants,12,0,0,0,0,0,0,3,3,michaelmallari
k:frank-gifford,,Frank Gifford,K,1956,NYG,New York Giants,12,1,2,0,0,0,1,8,9,michaelmallari
k:fred-cone,,Fred Cone,K,1956,GNB,Green Bay Packers,12,5,8,0,0,0,5,33,36,michaelmallari
k:gary-glick,,Gary Glick,K,1956,PIT,Pittsburgh Steelers,8,4,7,0,0,0,4,16,17,michaelmallari
k:gary-kerkorian,,Gary Kerkorian,K,1956,BAL,Baltimore Colts,3,0,0,0,0,0,0,1,2,michaelmallari
k:george-blanda,,George Blanda,K,1956,CHI,Chicago Bears,12,12,28,0,0,0,12,45,47,michaelmallari
k:gordie-soltau,,Gordie Soltau,K,1956,SFO,San Francisco 49ers,12,13,20,0,0,0,13,26,28,michaelmallari
k:jim-martin,,Jim Martin,K,1956,DET,Detroit Lions,12,4,10,0,0,0,4,3,3,michaelmallari
k:les-richter,,Les Richter,K,1956,RAM,Los Angeles Rams,12,8,15,0,0,0,8,36,38,michaelmallari
k:lou-groza,,Lou Groza,K,1956,CLE,Cleveland Browns,12,11,20,0,0,0,11,18,18,michaelmallari
k:pat-summerall,,Pat Summerall,K,1956,CRD,Chicago Cardinals,12,10,22,0,0,0,10,30,30,michaelmallari
k:sam-baker,,Sam Baker,K,1956,WAS,Washington Redskins,12,17,25,0,0,0,17,16,19,michaelmallari
k:sid-watson,,Sid Watson,K,1956,PIT,Pittsburgh Steelers,12,1,1,0,0,0,1,10,12,michaelmallari
k:tom-feamster,,Tom Feamster,K,1956,BAL,Baltimore Colts,12,0,3,0,0,0,0,24,26,michaelmallari
k:ben-agajanian,,Ben Agajanian,K,1957,NYG,New York Giants,12,10,18,0,0,0,10,32,32,michaelmallari
k:bert-rechichar,,Bert Rechichar,K,1957,BAL,Baltimore Colts,12,3,13,0,0,0,3,22,25,michaelmallari
k:bobby-layne,,Bobby Layne,K,1957,DET,Detroit Lions,11,6,11,0,0,0,6,25,25,michaelmallari
k:bobby-walston,,Bobby Walston,K,1957,PHI,Philadelphia Eagles,12,9,12,0,0,0,9,20,21,michaelmallari
k:dean-derby,,Dean Derby,K,1957,PIT,Pittsburgh Steelers,11,2,4,0,0,0,2,3,3,michaelmallari
k:dick-bielski,,Dick Bielski,K,1957,PHI,Philadelphia Eagles,12,0,2,0,0,0,0,0,0,michaelmallari
k:fred-cone,,Fred Cone,K,1957,GNB,Green Bay Packers,12,12,17,0,0,0,12,26,26,michaelmallari
k:gary-glick,,Gary Glick,K,1957,PIT,Pittsburgh Steelers,12,5,18,0,0,0,5,10,12,michaelmallari
k:george-blanda,,George Blanda,K,1957,CHI,Chicago Bears,12,14,26,0,0,0,14,23,23,michaelmallari
k:gordie-soltau,,Gordie Soltau,K,1957,SFO,San Francisco 49ers,12,9,15,0,0,0,9,33,33,michaelmallari
k:jim-martin,,Jim Martin,K,1957,DET,Detroit Lions,12,7,14,0,0,0,7,5,5,michaelmallari
k:jug-girard,,Jug Girard,K,1957,PIT,Pittsburgh Steelers,12,1,3,0,0,0,1,2,3,michaelmallari
k:len-dawson,,Len Dawson,K,1957,PIT,Pittsburgh Steelers,3,0,1,0,0,0,0,0,2,kendallgillies
k:lou-groza,,Lou Groza,K,1957,CLE,Cleveland Browns,12,15,22,0,0,0,15,32,32,michaelmallari
k:paige-cothren,,Paige Cothren,K,1957,RAM,Los Angeles Rams,12,11,19,0,0,0,11,38,38,michaelmallari
k:pat-summerall,,Pat Summerall,K,1957,CRD,Chicago Cardinals,12,6,17,0,0,0,6,24,26,michaelmallari
k:paul-hornung,,Paul Hornung,K,1957,GNB,Green Bay Packers,12,0,4,0,0,0,0,0,0,michaelmallari
k:sam-baker,,Sam Baker,K,1957,WAS,Washington Redskins,12,14,23,0,0,0,14,29,30,michaelmallari
k:steve-myhra,,Steve Myhra,K,1957,BAL,Baltimore Colts,12,4,6,0,0,0,4,14,16,michaelmallari
k:bert-rechichar,,Bert Rechichar,K,1958,BAL,Baltimore Colts,12,1,4,0,0,0,1,0,0,michaelmallari
k:bill-george,,Bill George,K,1958,CHI,Chicago Bears,12,0,0,0,0,0,0,1,1,michaelmallari
k:bobby-joe-conrad,,Bobby Joe Conrad,K,1958,CRD,Chicago Cardinals,12,6,17,0,0,0,6,33,35,michaelmallari
k:bobby-layne,,Bobby Layne,K,1958,DET/PIT,Detroit Lions / Pittsburgh Steelers,12,0,0,0,0,0,0,1,3,michaelmallari
k:bobby-walston,,Bobby Walston,K,1958,PHI,Philadelphia Eagles,12,6,14,0,0,0,6,31,31,michaelmallari
k:george-blanda,,George Blanda,K,1958,CHI,Chicago Bears,12,11,23,0,0,0,11,36,37,michaelmallari
k:george-shaw,,George Shaw,K,1958,BAL,Baltimore Colts,12,0,0,0,0,0,0,0,1,michaelmallari
k:gerry-perry,,Gerry Perry,K,1958,DET,Detroit Lions,12,4,4,0,0,0,4,1,1,michaelmallari
k:gordie-soltau,,Gordie Soltau,K,1958,SFO,San Francisco 49ers,12,8,21,0,0,0,8,29,34,michaelmallari
k:jim-martin,,Jim Martin,K,1958,DET,Detroit Lions,12,7,19,0,0,0,7,28,28,michaelmallari
k:lou-groza,,Lou Groza,K,1958,CLE,Cleveland Browns,12,8,19,0,0,0,8,36,38,michaelmallari
k:milt-plum,,Milt Plum,K,1958,CLE,Cleveland Browns,12,0,0,0,0,0,0,2,2,michaelmallari
k:paige-cothren,,Paige Cothren,K,1958,RAM,Los Angeles Rams,12,14,25,0,0,0,14,42,42,michaelmallari
k:pat-summerall,,Pat Summerall,K,1958,NYG,New York Giants,12,12,23,0,0,0,12,28,30,michaelmallari
k:paul-hornung,,Paul Hornung,K,1958,GNB,Green Bay Packers,12,11,21,0,0,0,11,22,23,michaelmallari
k:sam-baker,,Sam Baker,K,1958,WAS,Washington Redskins,12,13,26,0,0,0,13,25,25,michaelmallari
k:steve-myhra,,Steve Myhra,K,1958,BAL,Baltimore Colts,12,4,10,0,0,0,4,48,51,michaelmallari
k:tom-miner,,Tom Miner,K,1958,PIT,Pittsburgh Steelers,12,14,28,0,0,0,14,31,31,michaelmallari
k:bert-rechichar,,Bert Rechichar,K,1959,BAL,Baltimore Colts,10,0,1,0,0,0,0,0,0,kendallgillies
k:bobby-joe-conrad,,Bobby Joe Conrad,K,1959,CRD,Chicago Cardinals,12,6,9,0,0,0,6,30,31,michaelmallari
k:bobby-layne,,Bobby Layne,K,1959,PIT,Pittsburgh Steelers,12,11,17,0,0,0,11,32,32,michaelmallari
k:bobby-walston,,Bobby Walston,K,1959,PHI,Philadelphia Eagles,12,0,1,0,0,0,0,33,34,michaelmallari
k:dick-bielski,,Dick Bielski,K,1959,PHI,Philadelphia Eagles,12,0,5,0,0,0,0,0,0,michaelmallari
k:don-chandler,,Don Chandler,K,1959,NYG,New York Giants,12,0,1,0,0,0,0,2,2,michaelmallari
k:gerry-perry,,Gerry Perry,K,1959,DET,Detroit Lions,10,3,6,0,0,0,3,18,18,michaelmallari
k:jack-morris,,Jack Morris,K,1959,RAM,Los Angeles Rams,12,3,8,0,0,0,3,15,15,michaelmallari
k:jim-martin,,Jim Martin,K,1959,DET,Detroit Lions,12,7,17,0,0,0,7,0,1,michaelmallari
k:john-aveni,,John Aveni,K,1959,CHI,Chicago Bears,12,10,19,0,0,0,10,28,32,michaelmallari
k:les-richter,,Les Richter,K,1959,RAM,Los Angeles Rams,12,0,1,0,0,0,0,0,0,kendallgillies
k:lou-groza,,Lou Groza,K,1959,CLE,Cleveland Browns,12,5,16,0,0,0,5,33,37,michaelmallari
k:lou-michaels,,Lou Michaels,K,1959,RAM,Los Angeles Rams,12,8,17,0,0,0,8,12,14,michaelmallari
k:paige-cothren,,Paige Cothren,K,1959,PHI,Philadelphia Eagles,7,8,18,0,0,0,8,1,1,michaelmallari
k:pat-summerall,,Pat Summerall,K,1959,NYG,New York Giants,12,20,29,0,0,0,20,30,30,michaelmallari
k:paul-hornung,,Paul Hornung,K,1959,GNB,Green Bay Packers,12,7,17,0,0,0,7,31,32,michaelmallari
k:sam-baker,,Sam Baker,K,1959,WAS,Washington Redskins,12,10,22,0,0,0,10,21,22,michaelmallari
k:steve-myhra,,Steve Myhra,K,1959,BAL,Baltimore Colts,12,6,17,0,0,0,6,50,51,michaelmallari
k:tommy-davis,,Tommy Davis,K,1959,SFO,San Francisco 49ers,12,12,26,0,0,0,12,31,31,michaelmallari
k:wayne-walker,,Wayne Walker,K,1959,DET,Detroit Lions,9,0,0,0,0,0,0,5,6,michaelmallari
k:ben-agajanian,,Ben Agajanian,K,1960,LAC,Los Angeles Chargers,14,13,24,0,0,0,13,46,47,statscrew
k:bert-rechichar,,Bert Rechichar,K,1960,PIT,Pittsburgh Steelers,6,3,7,0,0,0,3,6,6,michaelmallari
k:bill-shockley,,Bill Shockley,K,1960,NYT,New York Titans,14,9,21,0,0,0,9,47,50,statscrew
k:billy-atkins,,Billy Atkins,K,1960,BUF,Buffalo Bills,14,6,13,0,0,0,6,27,33,statscrew
k:bob-khayat,,Bob Khayat,K,1960,WAS,Washington Redskins,12,15,23,0,0,0,15,19,19,michaelmallari
k:bobby-joe-conrad,,Bobby Joe Conrad,K,1960,STL,St. Louis Cardinals,12,2,5,0,0,0,2,28,29,michaelmallari
k:bobby-layne,,Bobby Layne,K,1960,PIT,Pittsburgh Steelers,12,5,6,0,0,0,5,21,22,michaelmallari
k:bobby-walston,,Bobby Walston,K,1960,PHI,Philadelphia Eagles,12,14,20,0,0,0,14,39,40,michaelmallari
k:cotton-davidson,,Cotton Davidson,K,1960,DTX,Dallas Texans,14,1,1,0,0,0,1,7,7,statscrew
k:curley-johnson,,Curley Johnson,K,1960,DTX,Dallas Texans,14,0,1,0,0,0,0,0,0,statscrew
k:danny-villanueva,,Danny Villanueva,K,1960,RAM,Los Angeles Rams,12,12,19,0,0,0,12,28,28,michaelmallari
k:darrell-harper,,Darrell Harper,K,1960,BUF,Buffalo Bills,4,2,3,0,0,0,2,1,2,statscrew
k:don-flynn,,Don Flynn,K,1960,DTX,Dallas Texans,14,0,1,0,0,0,0,0,0,statscrew
k:fred-cone,,Fred Cone,K,1960,DAL,Dallas Cowboys,12,6,13,0,0,0,6,21,23,michaelmallari
k:gene-mingo,,Gene Mingo,K,1960,DEN,Denver Broncos,14,18,28,0,0,0,18,33,36,statscrew
k:george-blanda,,George Blanda,K,1960,HOU,Houston Oilers,14,15,32,0,0,0,15,46,47,statscrew+manual
k:gerry-perry,,Gerry Perry,K,1960,STL,St. Louis Cardinals,12,13,20,0,0,0,13,5,5,michaelmallari
k:gino-cappelletti,,Gino Cappelletti,K,1960,BOS,Boston Patriots,14,8,22,0,0,0,8,30,32,statscrew+manual
k:jack-spikes,,Jack Spikes,K,1960,DTX,Dallas Texans,14,13,31,0,0,0,13,35,37,statscrew
k:jim-crawford,,Jim Crawford,K,1960,BOS,Boston Patriots,14,0,1,0,0,0,0,0,0,statscrew
k:jim-martin,,Jim Martin,K,1960,DET,Detroit Lions,12,13,24,0,0,0,13,26,28,michaelmallari
k:joe-hergert,,Joe Hergert,K,1960,BUF,Buffalo Bills,10,2,4,0,0,0,2,0,0,statscrew
k:john-aveni,,John Aveni,K,1960,CHI,Chicago Bears,12,7,16,0,0,0,7,23,25,michaelmallari
k:larry-barnes,,Larry Barnes,K,1960,OAK,Oakland Raiders,14,6,25,0,0,0,6,37,39,statscrew
k:les-richter,,Les Richter,K,1960,RAM,Los Angeles Rams,12,0,0,0,0,0,0,2,2,michaelmallari
k:lou-michaels,,Lou Michaels,K,1960,RAM,Los Angeles Rams,11,2,3,0,0,0,2,1,1,michaelmallari
k:mack-yoho,,Mack Yoho,K,1960,BUF,Buffalo Bills,14,2,5,0,0,0,2,0,0,statscrew
k:pat-summerall,,Pat Summerall,K,1960,NYG,New York Giants,12,13,26,0,0,0,13,32,32,michaelmallari
k:paul-hornung,,Paul Hornung,K,1960,GNB,Green Bay Packers,12,15,28,0,0,0,15,41,41,michaelmallari
k:sam-baker,,Sam Baker,K,1960,CLE,Cleveland Browns,12,12,20,0,0,0,12,44,46,michaelmallari
k:steve-myhra,,Steve Myhra,K,1960,BAL,Baltimore Colts,12,9,19,0,0,0,9,35,37,michaelmallari
k:tom-tracy,,Tom Tracy,K,1960,PIT,Pittsburgh Steelers,12,3,6,0,0,0,3,0,0,michaelmallari
k:tommy-davis,,Tommy Davis,K,1960,SFO,San Francisco 49ers,12,19,32,0,0,0,19,21,21,michaelmallari
k:tommy-oconnell,,Tommy O'Connell,K,1960,BUF,Buffalo Bills,14,0,1,0,0,0,0,0,0,statscrew
k:walt-cudzik,,Walt Cudzik,K,1960,BOS,Boston Patriots,14,0,1,0,0,0,0,0,0,statscrew
k:allen-green,,Allen Green,K,1961,DAL,Dallas Cowboys,14,5,15,0,0,0,5,19,19,michaelmallari
k:ben-agajanian,,Ben Agajanian,K,1961,DTX/GNB,Dallas Texans / Green Bay Packers,6,4,11,0,0,0,4,15,15,statscrew+kendallgillies
k:bill-george,,Bill George,K,1961,CHI,Chicago Bears,14,0,1,0,0,0,0,0,0,kendallgillies
k:bill-shockley,,Bill Shockley,K,1961,BUF/NYT,Buffalo Bills / New York Titans,8,4,9,0,0,0,4,13,13,statscrew
k:billy-atkins,,Billy Atkins,K,1961,BUF,Buffalo Bills,14,2,6,0,0,0,2,29,31,statscrew
k:bob-laraba,,Bob Laraba,K,1961,SDG,San Diego Chargers,14,0,0,0,0,0,0,1,2,statscrew
k:bobby-joe-conrad,,Bobby Joe Conrad,K,1961,STL,St. Louis Cardinals,14,0,1,0,0,0,0,4,4,michaelmallari
k:bobby-layne,,Bobby Layne,K,1961,PIT,Pittsburgh Steelers,8,0,0,0,0,0,0,5,5,michaelmallari
k:bobby-walston,,Bobby Walston,K,1961,PHI,Philadelphia Eagles,14,14,25,0,0,0,14,43,46,michaelmallari
k:charlie-milstead,,Charlie Milstead,K,1961,HOU,Houston Oilers,8,0,0,0,0,0,0,1,1,statscrew
k:cotton-davidson,,Cotton Davidson,K,1961,DTX,Dallas Texans,14,0,2,0,0,0,0,20,20,statscrew
k:danny-villanueva,,Danny Villanueva,K,1961,RAM,Los Angeles Rams,14,13,27,0,0,0,13,32,32,michaelmallari
k:dick-bielski,,Dick Bielski,K,1961,DAL,Dallas Cowboys,14,6,9,0,0,0,6,10,10,michaelmallari
k:dick-guesman,,Dick Guesman,K,1961,NYT,New York Titans,14,5,15,0,0,0,5,24,26,statscrew
k:ed-brown,,Ed Brown,K,1961,CHI,Chicago Bears,14,1,2,0,0,0,1,1,1,michaelmallari
k:gene-mingo,,Gene Mingo,K,1961,DEN,Denver Broncos,10,3,10,0,0,0,3,11,11,statscrew
k:george-blair,,George Blair,K,1961,SDG,San Diego Chargers,14,13,27,0,0,0,13,42,47,statscrew
k:george-blanda,,George Blanda,K,1961,HOU,Houston Oilers,14,16,29,0,0,0,16,64,65,statscrew+manual
k:george-fleming,,George Fleming,K,1961,OAK,Oakland Raiders,14,11,28,0,0,0,11,24,25,statscrew+manual
k:gerry-perry,,Gerry Perry,K,1961,STL,St. Louis Cardinals,13,7,16,0,0,0,7,30,33,michaelmallari
k:gino-cappelletti,,Gino Cappelletti,K,1961,BOS,Boston Patriots,14,17,31,0,0,0,17,48,50,statscrew+manual
k:jack-hill,,Jack Hill,K,1961,DEN,Denver Broncos,14,5,15,0,0,0,5,16,16,statscrew
k:jack-spikes,,Jack Spikes,K,1961,DTX,Dallas Texans,6,4,13,0,0,0,4,10,14,statscrew
k:jim-martin,,Jim Martin,K,1961,DET,Detroit Lions,13,15,30,0,0,0,15,25,26,michaelmallari
k:joe-hergert,,Joe Hergert,K,1961,BUF,Buffalo Bills,9,6,14,0,0,0,6,0,0,statscrew
k:john-aveni,,John Aveni,K,1961,WAS,Washington Redskins,14,5,28,0,0,0,5,21,23,michaelmallari
k:lou-groza,,Lou Groza,K,1961,CLE,Cleveland Browns,14,16,23,0,0,0,16,37,38,michaelmallari
k:lou-michaels,,Lou Michaels,K,1961,PIT,Pittsburgh Steelers,14,15,27,0,0,0,15,27,29,michaelmallari
k:mack-yoho,,Mack Yoho,K,1961,BUF,Buffalo Bills,14,0,4,0,0,0,0,0,0,statscrew
k:mike-mercer,,Mike Mercer,K,1961,MIN,Minnesota Vikings,14,9,21,0,0,0,9,36,37,michaelmallari
k:pat-summerall,,Pat Summerall,K,1961,NYG,New York Giants,14,14,34,0,0,0,14,46,46,michaelmallari
k:paul-hornung,,Paul Hornung,K,1961,GNB,Green Bay Packers,12,15,22,0,0,0,15,41,41,michaelmallari
k:roger-leclerc,,Roger LeClerc,K,1961,CHI,Chicago Bears,14,10,24,0,0,0,10,40,41,michaelmallari
k:steve-myhra,,Steve Myhra,K,1961,BAL,Baltimore Colts,14,21,39,0,0,0,21,33,34,michaelmallari
k:thurlow-cooper,,Thurlow Cooper,K,1961,NYT,New York Titans,14,0,1,0,0,0,0,0,0,statscrew
k:tom-tracy,,Tom Tracy,K,1961,PIT,Pittsburgh Steelers,14,0,1,0,0,0,0,2,2,michaelmallari
k:tommy-davis,,Tommy Davis,K,1961,SFO,San Francisco 49ers,14,12,22,0,0,0,12,44,44,michaelmallari
k:wayne-walker,,Wayne Walker,K,1961,DET,Detroit Lions,14,0,3,0,0,0,0,6,6,michaelmallari
k:ben-agajanian,,Ben Agajanian,K,1962,OAK,Oakland Raiders,6,5,14,0,0,0,5,10,11,statscrew
k:bill-shockley,,Bill Shockley,K,1962,NYT,New York Titans,14,13,26,0,0,0,13,29,30,statscrew
k:bob-khayat,,Bob Khayat,K,1962,WAS,Washington Redskins,14,11,25,0,0,0,11,38,38,michaelmallari
k:bobby-joe-conrad,,Bobby Joe Conrad,K,1962,STL,St. Louis Cardinals,14,0,1,0,0,0,0,0,0,michaelmallari
k:bobby-walston,,Bobby Walston,K,1962,PHI,Philadelphia Eagles,14,4,15,0,0,0,4,36,38,michaelmallari
k:cookie-gilchrist,,Cookie Gilchrist,K,1962,BUF,Buffalo Bills,14,8,20,0,0,0,8,14,17,statscrew
k:cotton-davidson,,Cotton Davidson,K,1962,OAK,Oakland Raiders,13,1,1,0,0,0,1,4,5,statscrew+manual
k:dan-birdwell,,Dan Birdwell,K,1962,OAK,Oakland Raiders,14,0,1,0,0,0,0,0,0,statscrew
k:danny-villanueva,,Danny Villanueva,K,1962,RAM,Los Angeles Rams,14,10,20,0,0,0,10,26,27,michaelmallari
k:dick-bielski,,Dick Bielski,K,1962,BAL,Baltimore Colts,14,11,25,0,0,0,11,25,28,michaelmallari
k:dick-guesman,,Dick Guesman,K,1962,NYT,New York Titans,7,0,2,0,0,0,0,2,2,statscrew+manual
k:don-chandler,,Don Chandler,K,1962,NYG,New York Giants,14,19,28,0,0,0,19,47,48,michaelmallari
k:gene-mingo,,Gene Mingo,K,1962,DEN,Denver Broncos,14,27,39,0,0,0,27,32,34,statscrew
k:george-blair,,George Blair,K,1962,SDG,San Diego Chargers,14,17,20,0,0,0,17,31,34,statscrew
k:george-blanda,,George Blanda,K,1962,HOU,Houston Oilers,14,11,26,0,0,0,11,48,49,statscrew
k:gerry-perry,,Gerry Perry,K,1962,STL,St. Louis Cardinals,14,5,12,0,0,0,5,38,39,michaelmallari
k:gino-cappelletti,,Gino Cappelletti,K,1962,BOS,Boston Patriots,14,20,37,0,0,0,20,38,40,statscrew
k:jack-spikes,,Jack Spikes,K,1962,DTX,Dallas Texans,10,0,0,0,0,0,0,1,1,statscrew
k:jackie-simpson,,Jackie Simpson,K,1962,OAK,Oakland Raiders,14,3,10,0,0,0,3,6,7,statscrew
k:jerry-kramer,,Jerry Kramer,K,1962,GNB,Green Bay Packers,14,9,11,0,0,0,9,38,39,michaelmallari
k:jim-bakken,,Jim Bakken,K,1962,STL,St. Louis Cardinals,8,0,1,0,0,0,0,0,0,kendallgillies
k:jim-christopherson,,Jim Christopherson,K,1962,MIN,Minnesota Vikings,14,11,21,0,0,0,11,28,28,michaelmallari
k:jim-fraser,,Jim Fraser,K,1962,DEN,Denver Broncos,14,0,0,0,0,0,0,2,2,statscrew
k:john-wittenborn,,John Wittenborn,K,1962,PHI,Philadelphia Eagles,14,2,4,0,0,0,2,0,0,michaelmallari
k:lou-groza,,Lou Groza,K,1962,CLE,Cleveland Browns,14,14,31,0,0,0,14,33,35,michaelmallari
k:lou-michaels,,Lou Michaels,K,1962,PIT,Pittsburgh Steelers,14,26,42,0,0,0,26,32,33,michaelmallari
k:mack-yoho,,Mack Yoho,K,1962,BUF,Buffalo Bills,14,1,3,0,0,0,1,20,22,statscrew
k:mike-mercer,,Mike Mercer,K,1962,MIN,Minnesota Vikings,4,0,5,0,0,0,0,3,3,michaelmallari
k:milt-plum,,Milt Plum,K,1962,DET,Detroit Lions,14,5,12,0,0,0,5,0,0,michaelmallari
k:paul-hornung,,Paul Hornung,K,1962,GNB,Green Bay Packers,9,6,10,0,0,0,6,14,14,michaelmallari
k:ralph-felton,,Ralph Felton,K,1962,BUF,Buffalo Bills,4,0,0,0,0,0,0,0,1,statscrew
k:roger-leclerc,,Roger LeClerc,K,1962,CHI,Chicago Bears,14,13,27,0,0,0,13,36,40,michaelmallari
k:sam-baker,,Sam Baker,K,1962,DAL,Dallas Cowboys,14,14,27,0,0,0,14,50,51,michaelmallari
k:tom-pennington,,Tom Pennington,K,1962,DTX,Dallas Texans,3,2,5,0,0,0,2,13,15,statscrew
k:tommy-brooker,,Tommy Brooker,K,1962,DTX,Dallas Texans,14,12,23,0,0,0,12,33,33,statscrew+manual
k:tommy-davis,,Tommy Davis,K,1962,SFO,San Francisco 49ers,14,10,23,0,0,0,10,36,36,michaelmallari
k:wayne-walker,,Wayne Walker,K,1962,DET,Detroit Lions,14,9,22,0,0,0,9,37,37,michaelmallari
k:wendell-harris,,Wendell Harris,K,1962,BAL,Baltimore Colts,14,1,3,0,0,0,1,6,9,michaelmallari
k:bob-jencks,,Bob Jencks,K,1963,CHI,Chicago Bears,14,1,10,0,0,0,1,35,37,michaelmallari
k:bob-khayat,,Bob Khayat,K,1963,WAS,Washington Redskins,14,12,26,0,0,0,12,33,35,michaelmallari
k:danny-villanueva,,Danny Villanueva,K,1963,RAM,Los Angeles Rams,14,9,17,0,0,0,9,25,26,michaelmallari
k:dick-guesman,,Dick Guesman,K,1963,NYJ,New York Jets,14,9,24,0,0,0,9,30,30,statscrew
k:don-chandler,,Don Chandler,K,1963,NYG,New York Giants,14,18,29,0,0,0,18,52,56,michaelmallari
k:fred-cox,,Fred Cox,K,1963,MIN,Minnesota Vikings,14,12,24,0,0,0,12,39,39,michaelmallari
k:gene-mingo,,Gene Mingo,K,1963,DEN,Denver Broncos,14,16,29,0,0,0,16,35,35,statscrew+manual
k:george-blair,,George Blair,K,1963,SDG,San Diego Chargers,14,17,28,0,0,0,17,44,48,statscrew
k:george-blanda,,George Blanda,K,1963,HOU,Houston Oilers,14,9,24,0,0,0,9,39,39,statscrew
k:gino-cappelletti,,Gino Cappelletti,K,1963,BOS,Boston Patriots,14,22,38,0,0,0,22,35,36,statscrew
k:jack-spikes,,Jack Spikes,K,1963,KAN,Kansas City Chiefs,14,2,13,0,0,0,2,23,24,statscrew
k:jerry-kramer,,Jerry Kramer,K,1963,GNB,Green Bay Packers,14,16,34,0,0,0,16,43,46,michaelmallari
k:jim-bakken,,Jim Bakken,K,1963,STL,St. Louis Cardinals,14,11,21,0,0,0,11,44,44,michaelmallari
k:jim-martin,,Jim Martin,K,1963,BAL,Baltimore Colts,14,24,39,0,0,0,24,32,35,michaelmallari
k:lou-groza,,Lou Groza,K,1963,CLE,Cleveland Browns,14,15,23,0,0,0,15,40,43,michaelmallari
k:lou-michaels,,Lou Michaels,K,1963,PIT,Pittsburgh Steelers,14,21,41,0,0,0,21,32,35,michaelmallari
k:mack-yoho,,Mack Yoho,K,1963,BUF,Buffalo Bills,14,10,24,0,0,0,10,32,37,statscrew+manual
k:mike-clark,,Mike Clark,K,1963,PHI,Philadelphia Eagles,14,7,15,0,0,0,7,29,32,michaelmallari
k:mike-mercer,,Mike Mercer,K,1963,OAK,Oakland Raiders,14,8,20,0,0,0,8,47,47,statscrew+manual
k:milt-plum,,Milt Plum,K,1963,DET,Detroit Lions,10,1,4,0,0,0,1,13,13,michaelmallari
k:roger-leclerc,,Roger LeClerc,K,1963,CHI,Chicago Bears,14,13,23,0,0,0,13,0,0,michaelmallari
k:sam-baker,,Sam Baker,K,1963,DAL,Dallas Cowboys,14,9,20,0,0,0,9,38,38,michaelmallari
k:tom-tracy,,Tom Tracy,K,1963,PIT/WAS,Pittsburgh Steelers / Washington Redskins,8,0,0,0,0,0,0,2,2,michaelmallari
k:tommy-brooker,,Tommy Brooker,K,1963,KAN,Kansas City Chiefs,9,6,15,0,0,0,6,20,20,statscrew+manual
k:tommy-davis,,Tommy Davis,K,1963,SFO,San Francisco 49ers,14,10,31,0,0,0,10,24,24,michaelmallari
k:wayne-walker,,Wayne Walker,K,1963,DET,Detroit Lions,14,9,22,0,0,0,9,29,29,michaelmallari
k:ben-agajanian,,Ben Agajanian,K,1964,SDG,San Diego Chargers,3,2,4,0,0,0,2,8,8,statscrew
k:bob-jencks,,Bob Jencks,K,1964,CHI,Chicago Bears,14,3,7,0,0,0,3,29,32,michaelmallari
k:bruce-gossett,,Bruce Gossett,K,1964,RAM,Los Angeles Rams,14,18,24,0,0,0,18,31,33,michaelmallari
k:dick-guesman,,Dick Guesman,K,1964,DEN,Denver Broncos,14,6,22,0,0,0,6,13,15,statscrew
k:dick-van-raaphorst,,Dick Van Raaphorst,K,1964,DAL,Dallas Cowboys,14,14,29,0,0,0,14,28,29,michaelmallari
k:don-chandler,,Don Chandler,K,1964,NYG,New York Giants,14,9,20,0,0,0,9,27,29,michaelmallari
k:fred-cox,,Fred Cox,K,1964,MIN,Minnesota Vikings,14,21,33,0,0,0,21,40,42,michaelmallari
k:gene-mingo,,Gene Mingo,K,1964,DEN/OAK,Denver Broncos / Oakland Raiders,14,8,12,0,0,0,8,9,10,statscrew+manual
k:george-blair,,George Blair,K,1964,SDG,San Diego Chargers,4,3,5,0,0,0,3,5,6,statscrew
k:george-blanda,,George Blanda,K,1964,HOU,Houston Oilers,14,13,29,0,0,0,13,37,38,statscrew
k:gino-cappelletti,,Gino Cappelletti,K,1964,BOS,Boston Patriots,14,25,39,0,0,0,25,36,36,statscrew
k:herb-travenio,,Herb Travenio,K,1964,SDG,San Diego Chargers,3,2,5,0,0,0,2,10,12,statscrew
k:jim-bakken,,Jim Bakken,K,1964,STL,St. Louis Cardinals,14,25,38,0,0,0,25,40,40,michaelmallari
k:jim-martin,,Jim Martin,K,1964,WAS,Washington Redskins,14,12,28,0,0,0,12,35,39,michaelmallari
k:jim-turner,,Jim Turner,K,1964,NYJ,New York Jets,14,13,27,0,0,0,13,33,33,statscrew
k:keith-lincoln,,Keith Lincoln,K,1964,SDG,San Diego Chargers,14,5,12,0,0,0,5,16,17,statscrew
k:lou-groza,,Lou Groza,K,1964,CLE,Cleveland Browns,14,22,33,0,0,0,22,49,49,michaelmallari
k:lou-michaels,,Lou Michaels,K,1964,BAL,Baltimore Colts,14,17,35,0,0,0,17,53,54,michaelmallari
k:mike-clark,,Mike Clark,K,1964,PIT,Pittsburgh Steelers,14,13,25,0,0,0,13,28,31,michaelmallari
k:mike-mercer,,Mike Mercer,K,1964,OAK,Oakland Raiders,14,15,24,0,0,0,15,34,34,statscrew
k:paul-hornung,,Paul Hornung,K,1964,GNB,Green Bay Packers,14,12,38,0,0,0,12,41,43,michaelmallari
k:pete-gogolak,,Pete Gogolak,K,1964,BUF,Buffalo Bills,14,19,29,0,0,0,19,45,46,statscrew
k:roger-leclerc,,Roger LeClerc,K,1964,CHI,Chicago Bears,14,10,16,0,0,0,10,0,0,michaelmallari
k:sam-baker,,Sam Baker,K,1964,PHI,Philadelphia Eagles,14,16,26,0,0,0,16,36,37,michaelmallari
k:tommy-brooker,,Tommy Brooker,K,1964,KAN,Kansas City Chiefs,14,8,17,0,0,0,8,46,46,statscrew
k:tommy-davis,,Tommy Davis,K,1964,SFO,San Francisco 49ers,14,8,25,0,0,0,8,30,30,michaelmallari
k:wayne-walker,,Wayne Walker,K,1964,DET,Detroit Lions,14,14,25,0,0,0,14,32,34,michaelmallari
k:willie-wood,,Willie Wood,K,1964,GNB,Green Bay Packers,14,0,1,0,0,0,0,1,1,michaelmallari
k:andy-stynchula,,Andy Stynchula,K,1965,NYG,New York Giants,11,3,7,0,0,0,3,12,13,michaelmallari
k:bob-jencks,,Bob Jencks,K,1965,WAS,Washington Redskins,14,10,22,0,0,0,10,29,33,michaelmallari
k:bob-timberlake,,Bob Timberlake,K,1965,NYG,New York Giants,12,1,15,0,0,0,1,21,22,michaelmallari
k:bruce-gossett,,Bruce Gossett,K,1965,RAM,Los Angeles Rams,14,15,26,0,0,0,15,30,32,michaelmallari
k:chuck-mercein,,Chuck Mercein,K,1965,NYG,New York Giants,13,0,2,0,0,0,0,0,0,michaelmallari
k:danny-villanueva,,Danny Villanueva,K,1965,DAL,Dallas Cowboys,14,16,27,0,0,0,16,37,38,michaelmallari
k:dave-lloyd,,Dave Lloyd,K,1965,PHI,Philadelphia Eagles,13,1,2,0,0,0,1,7,7,michaelmallari
k:don-chandler,,Don Chandler,K,1965,GNB,Green Bay Packers,14,17,26,0,0,0,17,37,38,michaelmallari
k:fred-cox,,Fred Cox,K,1965,MIN,Minnesota Vikings,14,23,35,0,0,0,23,44,44,michaelmallari
k:gary-kroner,,Gary Kroner,K,1965,DEN,Denver Broncos,14,13,29,0,0,0,13,32,32,statscrew
k:gene-mingo,,Gene Mingo,K,1965,OAK,Oakland Raiders,14,8,19,0,0,0,8,0,0,statscrew
k:george-blanda,,George Blanda,K,1965,HOU,Houston Oilers,14,11,21,0,0,0,11,28,28,statscrew
k:gino-cappelletti,,Gino Cappelletti,K,1965,BOS,Boston Patriots,14,17,27,0,0,0,17,27,27,statscrew
k:herb-travenio,,Herb Travenio,K,1965,SDG,San Diego Chargers,14,18,30,0,0,0,18,40,40,statscrew
k:jack-spikes,,Jack Spikes,K,1965,HOU,Houston Oilers,14,1,2,0,0,0,1,6,6,statscrew
k:jerry-hillebrand,,Jerry Hillebrand,K,1965,NYG,New York Giants,13,0,1,0,0,0,0,0,0,michaelmallari
k:jim-bakken,,Jim Bakken,K,1965,STL,St. Louis Cardinals,14,21,31,0,0,0,21,33,33,michaelmallari
k:jim-turner,,Jim Turner,K,1965,NYJ,New York Jets,14,20,34,0,0,0,20,31,31,statscrew
k:lou-groza,,Lou Groza,K,1965,CLE,Cleveland Browns,14,16,25,0,0,0,16,45,45,michaelmallari
k:lou-michaels,,Lou Michaels,K,1965,BAL,Baltimore Colts,14,17,28,0,0,0,17,48,48,michaelmallari
k:mike-clark,,Mike Clark,K,1965,PIT,Pittsburgh Steelers,14,11,19,0,0,0,11,19,24,michaelmallari
k:mike-mercer,,Mike Mercer,K,1965,OAK,Oakland Raiders,14,9,15,0,0,0,9,35,35,statscrew
k:pete-gogolak,,Pete Gogolak,K,1965,BUF,Buffalo Bills,14,28,46,0,0,0,28,31,31,statscrew
k:roger-leclerc,,Roger LeClerc,K,1965,CHI,Chicago Bears,14,11,26,0,0,0,11,52,52,michaelmallari
k:sam-baker,,Sam Baker,K,1965,PHI,Philadelphia Eagles,12,9,23,0,0,0,9,38,40,michaelmallari
k:tommy-brooker,,Tommy Brooker,K,1965,KAN,Kansas City Chiefs,14,13,30,0,0,0,13,37,37,statscrew
k:tommy-davis,,Tommy Davis,K,1965,SFO,San Francisco 49ers,14,17,27,0,0,0,17,52,53,michaelmallari
k:wayne-walker,,Wayne Walker,K,1965,DET,Detroit Lions,14,8,22,0,0,0,8,33,33,michaelmallari
k:booth-lusteg,,Booth Lusteg,K,1966,BUF,Buffalo Bills,14,19,38,0,0,0,19,41,42,josephvm
k:bruce-gossett,,Bruce Gossett,K,1966,RAM,Los Angeles Rams,14,28,49,0,0,0,28,29,29,michaelmallari
k:charlie-gogolak,,Charlie Gogolak,K,1966,WAS,Washington Redskins,14,22,34,0,0,0,22,39,41,michaelmallari
k:danny-villanueva,,Danny Villanueva,K,1966,DAL,Dallas Cowboys,14,17,31,0,0,0,17,56,56,michaelmallari
k:dick-van-raaphorst,,Dick Van Raaphorst,K,1966,SDG,San Diego Chargers,14,16,31,0,0,0,16,39,40,josephvm
k:don-chandler,,Don Chandler,K,1966,GNB,Green Bay Packers,14,12,28,0,0,0,12,41,43,michaelmallari
k:fletcher-smith,,Fletcher Smith,K,1966,KAN,Kansas City Chiefs,11,0,0,0,0,0,0,2,4,josephvm
k:fred-cox,,Fred Cox,K,1966,MIN,Minnesota Vikings,14,18,33,0,0,0,18,34,34,michaelmallari
k:garo-yepremian,,Garo Yepremian,K,1966,DET,Detroit Lions,9,13,22,0,0,0,13,11,11,michaelmallari
k:gary-kroner,,Gary Kroner,K,1966,DEN,Denver Broncos,14,14,25,0,0,0,14,20,20,josephvm
k:gene-mingo,,Gene Mingo,K,1966,MIA,Miami Dolphins,14,10,22,0,0,0,10,23,23,josephvm
k:george-blanda,,George Blanda,K,1966,HOU,Houston Oilers,14,16,30,0,0,0,16,39,40,josephvm
k:gino-cappelletti,,Gino Cappelletti,K,1966,BOS,Boston Patriots,14,16,33,0,0,0,16,35,36,josephvm
k:jim-bakken,,Jim Bakken,K,1966,STL,St. Louis Cardinals,14,23,40,0,0,0,23,27,28,michaelmallari
k:jim-turner,,Jim Turner,K,1966,NYJ,New York Jets,14,18,36,0,0,0,18,34,35,josephvm
k:lou-groza,,Lou Groza,K,1966,CLE,Cleveland Browns,14,9,23,0,0,0,9,51,52,michaelmallari
k:lou-kirouac,,Lou Kirouac,K,1966,ATL,Atlanta Falcons,14,9,18,0,0,0,9,19,24,michaelmallari
k:lou-michaels,,Lou Michaels,K,1966,BAL,Baltimore Colts,14,21,39,0,0,0,21,35,36,michaelmallari
k:mike-clark,,Mike Clark,K,1966,PIT,Pittsburgh Steelers,14,21,32,0,0,0,21,34,34,michaelmallari
k:mike-eischeid,,Mike Eischeid,K,1966,OAK,Oakland Raiders,12,11,26,0,0,0,11,37,37,josephvm
k:mike-mercer,,Mike Mercer,K,1966,KAN/OAK,Kansas City Chiefs / Oakland Raiders,12,21,30,0,0,0,21,35,38,josephvm+manual
k:milt-plum,,Milt Plum,K,1966,DET,Detroit Lions,6,0,0,0,0,0,0,1,1,michaelmallari
k:pete-gogolak,,Pete Gogolak,K,1966,NYG,New York Giants,14,16,28,0,0,0,16,29,31,michaelmallari
k:roger-leclerc,,Roger LeClerc,K,1966,CHI,Chicago Bears,14,18,30,0,0,0,18,24,25,michaelmallari
k:sam-baker,,Sam Baker,K,1966,PHI,Philadelphia Eagles,14,18,25,0,0,0,18,38,39,michaelmallari
k:tommy-brooker,,Tommy Brooker,K,1966,KAN,Kansas City Chiefs,4,2,2,0,0,0,2,13,13,josephvm
k:tommy-davis,,Tommy Davis,K,1966,SFO,San Francisco 49ers,14,16,31,0,0,0,16,38,39,michaelmallari
k:wade-traynham,,Wade Traynham,K,1966,ATL,Atlanta Falcons,2,0,1,0,0,0,0,2,2,michaelmallari
k:wayne-walker,,Wayne Walker,K,1966,DET,Detroit Lions,13,2,8,0,0,0,2,11,11,michaelmallari
k:bob-humphreys,,Bob Humphreys,K,1967,DEN,Denver Broncos,8,7,15,0,0,0,7,18,19,josephvm
k:booth-lusteg,,Booth Lusteg,K,1967,MIA,Miami Dolphins,8,7,12,0,0,0,7,18,18,josephvm
k:brig-owens,,Brig Owens,K,1967,WAS,Washington Redskins,14,0,2,0,0,0,0,2,3,michaelmallari
k:bruce-alford,,Bruce Alford,K,1967,WAS,Washington Redskins,2,0,2,0,0,0,0,3,4,michaelmallari
k:bruce-gossett,,Bruce Gossett,K,1967,RAM,Los Angeles Rams,14,20,43,0,0,0,20,48,48,michaelmallari
k:charlie-durkee,,Charlie Durkee,K,1967,NOR,New Orleans Saints,14,14,32,0,0,0,14,27,27,michaelmallari
k:charlie-gogolak,,Charlie Gogolak,K,1967,WAS,Washington Redskins,1,1,4,0,0,0,1,3,3,michaelmallari
k:chuck-mercein,,Chuck Mercein,K,1967,GNB/NYG,Green Bay Packers / New York Giants,7,0,1,0,0,0,0,2,3,michaelmallari
k:danny-villanueva,,Danny Villanueva,K,1967,DAL,Dallas Cowboys,14,8,19,0,0,0,8,32,34,michaelmallari
k:dick-absher,,Dick Absher,K,1967,ATL/WAS,Atlanta Falcons / Washington Redskins,2,0,1,0,0,0,0,4,4,michaelmallari
k:dick-van-raaphorst,,Dick Van Raaphorst,K,1967,SDG,San Diego Chargers,14,15,30,0,0,0,15,45,45,josephvm
k:don-chandler,,Don Chandler,K,1967,GNB,Green Bay Packers,14,19,29,0,0,0,19,39,39,michaelmallari
k:fred-cox,,Fred Cox,K,1967,MIN,Minnesota Vikings,14,17,33,0,0,0,17,26,26,michaelmallari
k:garo-yepremian,,Garo Yepremian,K,1967,DET,Detroit Lions,8,2,6,0,0,0,2,22,23,michaelmallari
k:gary-kroner,,Gary Kroner,K,1967,DEN,Denver Broncos,3,2,2,0,0,0,2,5,6,josephvm
k:gene-mingo,,Gene Mingo,K,1967,MIA/WAS,Miami Dolphins / Washington Redskins,12,5,16,0,0,0,5,29,31,josephvm+manual
k:george-blanda,,George Blanda,K,1967,OAK,Oakland Raiders,14,20,30,0,0,0,20,56,57,josephvm
k:gino-cappelletti,,Gino Cappelletti,K,1967,BOS,Boston Patriots,14,16,31,0,0,0,16,29,30,josephvm
k:harold-deters,,Harold Deters,K,1967,DAL,Dallas Cowboys,3,1,4,0,0,0,1,9,10,michaelmallari
k:jan-stenerud,,Jan Stenerud,K,1967,KAN,Kansas City Chiefs,14,21,36,0,0,0,21,45,45,josephvm
k:jim-bakken,,Jim Bakken,K,1967,STL,St. Louis Cardinals,14,27,39,0,0,0,27,36,36,michaelmallari
k:jim-turner,,Jim Turner,K,1967,NYJ,New York Jets,14,17,32,0,0,0,17,36,39,josephvm
k:john-love,,John Love,K,1967,WAS,Washington Redskins,13,2,7,0,0,0,2,10,11,michaelmallari
k:john-wittenborn,,John Wittenborn,K,1967,HOU,Houston Oilers,14,14,28,0,0,0,14,30,30,josephvm
k:justin-canale,,Justin Canale,K,1967,BOS,Boston Patriots,14,0,0,0,0,0,0,1,1,josephvm
k:les-murdock,,Les Murdock,K,1967,NYG,New York Giants,4,4,9,0,0,0,4,13,15,michaelmallari
k:lou-groza,,Lou Groza,K,1967,CLE,Cleveland Browns,14,11,23,0,0,0,11,43,43,michaelmallari
k:lou-michaels,,Lou Michaels,K,1967,BAL,Baltimore Colts,14,20,37,0,0,0,20,46,48,michaelmallari
k:mac-percival,,Mac Percival,K,1967,CHI,Chicago Bears,14,13,26,0,0,0,13,26,29,michaelmallari
k:mike-clark,,Mike Clark,K,1967,PIT,Pittsburgh Steelers,14,12,22,0,0,0,12,35,35,michaelmallari
k:mike-mercer,,Mike Mercer,K,1967,BUF,Buffalo Bills,14,16,27,0,0,0,16,25,25,josephvm
k:pete-gogolak,,Pete Gogolak,K,1967,NYG,New York Giants,9,6,10,0,0,0,6,28,29,michaelmallari
k:rick-duncan,,Rick Duncan,K,1967,DEN,Denver Broncos,2,2,5,0,0,0,2,3,3,josephvm
k:roger-leclerc,,Roger LeClerc,K,1967,DEN,Denver Broncos,8,1,6,0,0,0,1,2,2,josephvm
k:sam-baker,,Sam Baker,K,1967,PHI,Philadelphia Eagles,14,12,19,0,0,0,12,45,45,michaelmallari
k:tommy-davis,,Tommy Davis,K,1967,SFO,San Francisco 49ers,14,14,33,0,0,0,14,33,33,michaelmallari
k:wade-traynham,,Wade Traynham,K,1967,ATL,Atlanta Falcons,14,7,18,0,0,0,7,22,22,michaelmallari
k:wayne-walker,,Wayne Walker,K,1967,DET,Detroit Lions,14,5,15,0,0,0,5,11,11,michaelmallari
k:wendell-harris,,Wendell Harris,K,1967,NYG,New York Giants,14,0,1,0,0,0,0,2,2,michaelmallari
k:bill-shockley,,Bill Shockley,K,1968,PIT,Pittsburgh Steelers,1,0,1,0,0,0,0,2,3,michaelmallari
k:bob-etter,,Bob Etter,K,1968,ATL,Atlanta Falcons,14,11,21,0,0,0,11,17,19,michaelmallari
k:bob-humphreys,,Bob Humphreys,K,1968,DEN,Denver Broncos,2,1,5,0,0,0,1,1,1,josephvm
k:bobby-howfield,,Bobby Howfield,K,1968,DEN,Denver Broncos,12,9,18,0,0,0,9,30,30,josephvm
k:booth-lusteg,,Booth Lusteg,K,1968,PIT,Pittsburgh Steelers,13,8,20,0,0,0,8,26,29,michaelmallari
k:bruce-alford,,Bruce Alford,K,1968,BUF,Buffalo Bills,11,14,24,0,0,0,14,15,15,josephvm
k:bruce-gossett,,Bruce Gossett,K,1968,RAM,Los Angeles Rams,14,17,31,0,0,0,17,37,37,michaelmallari
k:charlie-durkee,,Charlie Durkee,K,1968,NOR,New Orleans Saints,14,19,37,0,0,0,19,27,27,michaelmallari
k:charlie-gogolak,,Charlie Gogolak,K,1968,WAS,Washington Redskins,14,9,19,0,0,0,9,30,31,michaelmallari
k:chuck-mercein,,Chuck Mercein,K,1968,GNB,Green Bay Packers,11,2,5,0,0,0,2,7,7,michaelmallari
k:dale-livingston,,Dale Livingston,K,1968,CIN,Cincinnati Bengals,12,13,26,0,0,0,13,20,20,josephvm
k:dennis-partee,,Dennis Partee,K,1968,SDG,San Diego Chargers,14,22,32,0,0,0,22,40,43,josephvm
k:dennis-patera,,Dennis Patera,K,1968,SFO,San Francisco 49ers,5,2,8,0,0,0,2,10,13,michaelmallari
k:don-cockroft,,Don Cockroft,K,1968,CLE,Cleveland Browns,14,18,24,0,0,0,18,46,48,michaelmallari
k:doug-moreau,,Doug Moreau,K,1968,MIA,Miami Dolphins,11,1,3,0,0,0,1,6,6,josephvm
k:errol-mann,,Errol Mann,K,1968,GNB,Green Bay Packers,2,0,3,0,0,0,0,4,4,michaelmallari
k:fred-cox,,Fred Cox,K,1968,MIN,Minnesota Vikings,14,19,29,0,0,0,19,31,32,michaelmallari
k:george-blanda,,George Blanda,K,1968,OAK,Oakland Raiders,14,21,34,0,0,0,21,54,54,josephvm
k:gino-cappelletti,,Gino Cappelletti,K,1968,BOS,Boston Patriots,14,15,27,0,0,0,15,26,26,josephvm
k:jan-stenerud,,Jan Stenerud,K,1968,KAN,Kansas City Chiefs,14,30,40,0,0,0,30,39,40,josephvm
k:jerry-depoyster,,Jerry DePoyster,K,1968,DET,Detroit Lions,14,3,15,0,0,0,3,18,20,michaelmallari
k:jerry-kramer,,Jerry Kramer,K,1968,GNB,Green Bay Packers,14,4,9,0,0,0,4,9,10,michaelmallari
k:jim-bakken,,Jim Bakken,K,1968,STL,St. Louis Cardinals,14,15,24,0,0,0,15,40,40,michaelmallari
k:jim-turner,,Jim Turner,K,1968,NYJ,New York Jets,14,34,46,0,0,0,34,43,43,josephvm
k:jimmy-keyes,,Jimmy Keyes,K,1968,MIA,Miami Dolphins,12,7,16,0,0,0,7,30,30,josephvm
k:john-wittenborn,,John Wittenborn,K,1968,HOU,Houston Oilers,6,4,13,0,0,0,4,11,11,josephvm
k:lou-michaels,,Lou Michaels,K,1968,BAL,Baltimore Colts,14,18,28,0,0,0,18,48,50,michaelmallari
k:mac-percival,,Mac Percival,K,1968,CHI,Chicago Bears,14,25,36,0,0,0,25,25,25,michaelmallari
k:mike-clark,,Mike Clark,K,1968,DAL,Dallas Cowboys,14,17,29,0,0,0,17,54,54,michaelmallari
k:mike-mercer,,Mike Mercer,K,1968,BUF/GNB,Buffalo Bills / Green Bay Packers,9,7,16,0,0,0,7,16,18,josephvm+manual
k:pete-gogolak,,Pete Gogolak,K,1968,NYG,New York Giants,14,14,24,0,0,0,14,36,36,michaelmallari
k:rod-sherman,,Rod Sherman,K,1968,CIN,Cincinnati Bengals,13,0,1,0,0,0,0,4,4,josephvm
k:sam-baker,,Sam Baker,K,1968,PHI,Philadelphia Eagles,14,19,30,0,0,0,19,17,21,michaelmallari
k:tommy-davis,,Tommy Davis,K,1968,SFO,San Francisco 49ers,9,9,16,0,0,0,9,26,26,michaelmallari
k:wayne-walker,,Wayne Walker,K,1968,DET,Detroit Lions,14,6,14,0,0,0,6,6,6,michaelmallari
k:wayne-walker-2,,Wayne Walker,K,1968,HOU,Houston Oilers,8,8,16,0,0,0,8,26,26,josephvm
k:bob-etter,,Bob Etter,K,1969,ATL,Atlanta Falcons,14,15,30,0,0,0,15,33,33,michaelmallari
k:bobby-howfield,,Bobby Howfield,K,1969,DEN,Denver Broncos,14,13,29,0,0,0,13,36,37,josephvm
k:booth-lusteg,,Booth Lusteg,K,1969,GNB,Green Bay Packers,4,1,5,0,0,0,1,12,12,michaelmallari
k:bruce-alford,,Bruce Alford,K,1969,BUF,Buffalo Bills,14,17,26,0,0,0,17,23,24,josephvm
k:bruce-gossett,,Bruce Gossett,K,1969,RAM,Los Angeles Rams,14,22,34,0,0,0,22,36,36,michaelmallari
k:curt-knight,,Curt Knight,K,1969,WAS,Washington Redskins,14,16,27,0,0,0,16,35,36,michaelmallari
k:dennis-partee,,Dennis Partee,K,1969,SDG,San Diego Chargers,14,15,28,0,0,0,15,33,33,josephvm
k:don-cockroft,,Don Cockroft,K,1969,CLE,Cleveland Browns,14,12,23,0,0,0,12,45,45,michaelmallari
k:errol-mann,,Errol Mann,K,1969,DET,Detroit Lions,14,25,37,0,0,0,25,26,26,michaelmallari
k:fred-cox,,Fred Cox,K,1969,MIN,Minnesota Vikings,14,26,37,0,0,0,26,43,43,michaelmallari
k:gene-mingo,,Gene Mingo,K,1969,PIT,Pittsburgh Steelers,14,12,26,0,0,0,12,26,26,michaelmallari
k:george-blanda,,George Blanda,K,1969,OAK,Oakland Raiders,14,20,37,0,0,0,20,45,45,josephvm
k:gino-cappelletti,,Gino Cappelletti,K,1969,BOS,Boston Patriots,14,14,34,0,0,0,14,26,27,josephvm
k:horst-muhlmann,,Horst Muhlmann,K,1969,CIN,Cincinnati Bengals,14,16,24,0,0,0,16,32,33,josephvm
k:jan-stenerud,,Jan Stenerud,K,1969,KAN,Kansas City Chiefs,14,27,35,0,0,0,27,38,38,josephvm
k:jim-bakken,,Jim Bakken,K,1969,STL,St. Louis Cardinals,14,12,24,0,0,0,12,38,40,michaelmallari
k:jim-turner,,Jim Turner,K,1969,NYJ,New York Jets,14,32,47,0,0,0,32,33,33,josephvm
k:karl-kremser,,Karl Kremser,K,1969,MIA,Miami Dolphins,14,13,22,0,0,0,13,26,27,josephvm
k:lou-michaels,,Lou Michaels,K,1969,BAL,Baltimore Colts,14,14,31,0,0,0,14,33,34,michaelmallari
k:mac-percival,,Mac Percival,K,1969,CHI,Chicago Bears,14,8,21,0,0,0,8,26,26,michaelmallari
k:mike-clark,,Mike Clark,K,1969,DAL,Dallas Cowboys,14,20,36,0,0,0,20,43,44,michaelmallari
k:mike-mercer,,Mike Mercer,K,1969,GNB,Green Bay Packers,10,5,17,0,0,0,5,23,23,michaelmallari
k:momcilo-gavric,,Momcilo Gavric,K,1969,SFO,San Francisco 49ers,7,3,11,0,0,0,3,22,24,michaelmallari
k:pete-gogolak,,Pete Gogolak,K,1969,NYG,New York Giants,14,11,21,0,0,0,11,33,33,michaelmallari
k:roy-gerela,,Roy Gerela,K,1969,HOU,Houston Oilers,14,19,40,0,0,0,19,29,29,josephvm
k:sam-baker,,Sam Baker,K,1969,PHI,Philadelphia Eagles,14,16,30,0,0,0,16,31,31,michaelmallari
k:tom-dempsey,,Tom Dempsey,K,1969,NOR,New Orleans Saints,14,22,41,0,0,0,22,33,35,michaelmallari
k:tommy-davis,,Tommy Davis,K,1969,SFO,San Francisco 49ers,7,3,10,0,0,0,3,13,13,michaelmallari
k:allan-watson,,Allan Watson,K,1970,PIT,Pittsburgh Steelers,4,5,10,0,0,0,5,7,8,michaelmallari
k:bobby-howfield,,Bobby Howfield,K,1970,DEN,Denver Broncos,14,18,32,0,0,0,18,27,28,michaelmallari
k:bruce-gossett,,Bruce Gossett,K,1970,SFO,San Francisco 49ers,14,21,31,0,0,0,21,39,41,michaelmallari
k:charlie-gogolak,,Charlie Gogolak,K,1970,BOS,Boston Patriots,6,2,7,0,0,0,2,5,5,michaelmallari
k:curt-knight,,Curt Knight,K,1970,WAS,Washington Redskins,14,20,27,0,0,0,20,33,34,michaelmallari
k:dale-livingston,,Dale Livingston,K,1970,GNB,Green Bay Packers,14,15,28,0,0,0,15,19,21,michaelmallari
k:david-ray,,David Ray,K,1970,RAM,Los Angeles Rams,14,29,45,0,0,0,29,34,34,michaelmallari
k:don-cockroft,,Don Cockroft,K,1970,CLE,Cleveland Browns,14,12,22,0,0,0,12,34,35,michaelmallari
k:errol-mann,,Errol Mann,K,1970,DET,Detroit Lions,14,20,29,0,0,0,20,41,41,michaelmallari
k:fred-cox,,Fred Cox,K,1970,MIN,Minnesota Vikings,14,30,46,0,0,0,30,35,35,michaelmallari
k:garo-yepremian,,Garo Yepremian,K,1970,MIA,Miami Dolphins,13,22,29,0,0,0,22,31,31,michaelmallari
k:gene-mingo,,Gene Mingo,K,1970,PIT,Pittsburgh Steelers,10,5,18,0,0,0,5,17,17,michaelmallari
k:george-blanda,,George Blanda,K,1970,OAK,Oakland Raiders,14,16,29,0,0,0,16,36,36,michaelmallari
k:gino-cappelletti,,Gino Cappelletti,K,1970,BOS,Boston Patriots,13,6,15,0,0,0,6,12,13,michaelmallari
k:grant-guthrie,,Grant Guthrie,K,1970,BUF,Buffalo Bills,14,10,19,0,0,0,10,24,25,michaelmallari
k:horst-muhlmann,,Horst Muhlmann,K,1970,CIN,Cincinnati Bengals,14,25,37,0,0,0,25,33,33,michaelmallari
k:jan-stenerud,,Jan Stenerud,K,1970,KAN,Kansas City Chiefs,14,30,42,0,0,0,30,26,26,michaelmallari
k:jim-bakken,,Jim Bakken,K,1970,STL,St. Louis Cardinals,14,20,32,0,0,0,20,37,38,michaelmallari
k:jim-obrien,,Jim O'Brien,K,1970,BAL,Baltimore Colts,14,19,34,0,0,0,19,36,38,michaelmallari
k:jim-turner,,Jim Turner,K,1970,NYJ,New York Jets,14,19,35,0,0,0,19,28,28,michaelmallari
k:karl-kremser,,Karl Kremser,K,1970,MIA,Miami Dolphins,1,0,1,0,0,0,0,2,2,michaelmallari
k:ken-vinyard,,Ken Vinyard,K,1970,ATL,Atlanta Falcons,14,9,25,0,0,0,9,23,26,michaelmallari
k:mac-percival,,Mac Percival,K,1970,CHI,Chicago Bears,14,20,34,0,0,0,20,28,28,michaelmallari
k:mark-moseley,,Mark Moseley,K,1970,PHI,Philadelphia Eagles,14,14,25,0,0,0,14,25,28,michaelmallari
k:mike-clark,,Mike Clark,K,1970,DAL,Dallas Cowboys,14,18,27,0,0,0,18,35,35,michaelmallari
k:mike-mercer,,Mike Mercer,K,1970,SDG,San Diego Chargers,14,12,19,0,0,0,12,34,35,michaelmallari
k:pete-gogolak,,Pete Gogolak,K,1970,NYG,New York Giants,14,25,41,0,0,0,25,32,32,michaelmallari
k:roy-gerela,,Roy Gerela,K,1970,HOU,Houston Oilers,14,18,32,0,0,0,18,23,23,michaelmallari
k:tom-dempsey,,Tom Dempsey,K,1970,NOR,New Orleans Saints,14,18,34,0,0,0,18,16,17,michaelmallari
k:bill-bell,,Bill Bell,K,1971,ATL,Atlanta Falcons,14,13,21,0,0,0,13,29,33,michaelmallari
k:bob-stein,,Bob Stein,K,1971,KAN,Kansas City Chiefs,14,0,1,0,0,0,0,0,0,josephvm
k:bobby-howfield,,Bobby Howfield,K,1971,NYJ,New York Jets,14,8,19,0,0,0,8,25,26,michaelmallari
k:braden-beck,,Braden Beck,K,1971,HOU,Houston Oilers,2,1,2,0,0,0,1,1,2,michaelmallari
k:bruce-gossett,,Bruce Gossett,K,1971,SFO,San Francisco 49ers,14,23,36,0,0,0,23,32,32,michaelmallari
k:charlie-durkee,,Charlie Durkee,K,1971,NOR,New Orleans Saints,12,16,23,0,0,0,16,24,25,michaelmallari
k:charlie-gogolak,,Charlie Gogolak,K,1971,NWE,New England Patriots,14,12,21,0,0,0,12,28,28,michaelmallari
k:curt-knight,,Curt Knight,K,1971,WAS,Washington Redskins,14,29,49,0,0,0,29,27,27,michaelmallari
k:dan-reeves,,Dan Reeves,K,1971,DAL,Dallas Cowboys,14,0,0,0,0,0,0,1,1,michaelmallari
k:dave-conway,,Dave Conway,K,1971,GNB,Green Bay Packers,1,0,1,0,0,0,0,5,5,michaelmallari
k:david-ray,,David Ray,K,1971,RAM,Los Angeles Rams,14,18,29,0,0,0,18,37,37,michaelmallari
k:dennis-partee,,Dennis Partee,K,1971,SDG,San Diego Chargers,14,17,29,0,0,0,17,36,37,michaelmallari
k:don-cockroft,,Don Cockroft,K,1971,CLE,Cleveland Browns,14,15,28,0,0,0,15,34,34,michaelmallari
k:errol-mann,,Errol Mann,K,1971,DET,Detroit Lions,14,22,37,0,0,0,22,37,37,michaelmallari
k:fred-cox,,Fred Cox,K,1971,MIN,Minnesota Vikings,14,22,32,0,0,0,22,25,25,michaelmallari
k:garo-yepremian,,Garo Yepremian,K,1971,MIA,Miami Dolphins,14,28,40,0,0,0,28,33,33,michaelmallari
k:george-blanda,,George Blanda,K,1971,OAK,Oakland Raiders,14,15,22,0,0,0,15,41,42,michaelmallari
k:grant-guthrie,,Grant Guthrie,K,1971,BUF,Buffalo Bills,6,3,10,0,0,0,3,8,9,michaelmallari
k:happy-feller,,Happy Feller,K,1971,PHI,Philadelphia Eagles,9,6,20,0,0,0,6,10,10,michaelmallari
k:horst-muhlmann,,Horst Muhlmann,K,1971,CIN,Cincinnati Bengals,14,20,36,0,0,0,20,31,31,michaelmallari
k:jan-stenerud,,Jan Stenerud,K,1971,KAN,Kansas City Chiefs,14,26,44,0,0,0,26,32,32,michaelmallari
k:jim-bakken,,Jim Bakken,K,1971,STL,St. Louis Cardinals,14,21,32,0,0,0,21,24,24,michaelmallari
k:jim-obrien,,Jim O'Brien,K,1971,BAL,Baltimore Colts,14,20,29,0,0,0,20,35,36,michaelmallari
k:jim-turner,,Jim Turner,K,1971,DEN,Denver Broncos,14,25,38,0,0,0,25,18,18,michaelmallari
k:john-leypoldt,,John Leypoldt,K,1971,BUF,Buffalo Bills,8,9,15,0,0,0,9,12,12,michaelmallari
k:lou-michaels,,Lou Michaels,K,1971,GNB,Green Bay Packers,10,8,14,0,0,0,8,19,20,michaelmallari
k:mac-percival,,Mac Percival,K,1971,CHI,Chicago Bears,14,15,33,0,0,0,15,18,18,michaelmallari
k:mark-moseley,,Mark Moseley,K,1971,HOU,Houston Oilers,12,16,26,0,0,0,16,25,27,michaelmallari
k:mike-clark,,Mike Clark,K,1971,DAL,Dallas Cowboys,12,13,25,0,0,0,13,47,47,michaelmallari
k:pete-gogolak,,Pete Gogolak,K,1971,NYG,New York Giants,14,6,17,0,0,0,6,30,30,michaelmallari
k:roy-gerela,,Roy Gerela,K,1971,PIT,Pittsburgh Steelers,14,17,27,0,0,0,17,27,27,michaelmallari
k:skip-butler,,Skip Butler,K,1971,NOR/NYG,New Orleans Saints / New York Giants,3,1,5,0,0,0,1,5,6,michaelmallari
k:tim-webster,,Tim Webster,K,1971,GNB,Green Bay Packers,4,6,11,0,0,0,6,8,8,michaelmallari
k:tom-dempsey,,Tom Dempsey,K,1971,PHI,Philadelphia Eagles,5,12,17,0,0,0,12,13,14,michaelmallari
k:toni-fritsch,,Toni Fritsch,K,1971,DAL,Dallas Cowboys,2,5,8,0,0,0,5,2,2,michaelmallari
k:wayne-walker,,Wayne Walker,K,1971,DET,Detroit Lions,14,0,0,0,0,0,0,2,2,michaelmallari
k:bill-bell,,Bill Bell,K,1972,ATL,Atlanta Falcons,14,16,30,0,0,0,16,31,31,michaelmallari
k:bill-mcclard,,Bill McClard,K,1972,SDG,San Diego Chargers,9,3,6,0,0,0,3,2,2,michaelmallari
k:bobby-howfield,,Bobby Howfield,K,1972,NYJ,New York Jets,14,27,37,0,0,0,27,40,41,michaelmallari
k:boris-shlapak,,Boris Shlapak,K,1972,BAL,Baltimore Colts,8,0,8,0,0,0,0,4,4,michaelmallari
k:bruce-gossett,,Bruce Gossett,K,1972,SFO,San Francisco 49ers,14,18,29,0,0,0,18,41,42,michaelmallari
k:charlie-durkee,,Charlie Durkee,K,1972,NOR,New Orleans Saints,6,3,9,0,0,0,3,9,9,michaelmallari
k:charlie-gogolak,,Charlie Gogolak,K,1972,NWE,New England Patriots,6,6,8,0,0,0,6,9,9,michaelmallari
k:chester-marcol,,Chester Marcol,K,1972,GNB,Green Bay Packers,14,33,48,0,0,0,33,29,29,michaelmallari
k:curt-knight,,Curt Knight,K,1972,WAS,Washington Redskins,14,14,30,0,0,0,14,40,41,michaelmallari
k:david-ray,,David Ray,K,1972,RAM,Los Angeles Rams,14,24,41,0,0,0,24,31,31,michaelmallari
k:dennis-partee,,Dennis Partee,K,1972,SDG,San Diego Chargers,14,15,25,0,0,0,15,26,28,michaelmallari
k:don-cockroft,,Don Cockroft,K,1972,CLE,Cleveland Browns,14,22,27,0,0,0,22,28,29,michaelmallari
k:errol-mann,,Errol Mann,K,1972,DET,Detroit Lions,14,20,29,0,0,0,20,38,39,michaelmallari
k:fred-cox,,Fred Cox,K,1972,MIN,Minnesota Vikings,14,21,33,0,0,0,21,34,34,michaelmallari
k:garo-yepremian,,Garo Yepremian,K,1972,MIA,Miami Dolphins,14,24,37,0,0,0,24,43,45,michaelmallari
k:george-blanda,,George Blanda,K,1972,OAK,Oakland Raiders,14,17,26,0,0,0,17,44,44,michaelmallari
k:happy-feller,,Happy Feller,K,1972,NOR,New Orleans Saints,6,6,11,0,0,0,6,10,11,michaelmallari
k:horst-muhlmann,,Horst Muhlmann,K,1972,CIN,Cincinnati Bengals,14,27,40,0,0,0,27,30,31,michaelmallari
k:jan-stenerud,,Jan Stenerud,K,1972,KAN,Kansas City Chiefs,14,21,36,0,0,0,21,32,32,michaelmallari
k:jim-bakken,,Jim Bakken,K,1972,STL,St. Louis Cardinals,14,14,22,0,0,0,14,19,21,michaelmallari
k:jim-obrien,,Jim O'Brien,K,1972,BAL,Baltimore Colts,14,13,31,0,0,0,13,24,24,michaelmallari
k:jim-turner,,Jim Turner,K,1972,DEN,Denver Broncos,14,20,29,0,0,0,20,37,37,michaelmallari
k:john-leypoldt,,John Leypoldt,K,1972,BUF,Buffalo Bills,14,16,24,0,0,0,16,29,30,michaelmallari
k:mac-percival,,Mac Percival,K,1972,CHI,Chicago Bears,14,12,24,0,0,0,12,26,26,michaelmallari
k:mark-moseley,,Mark Moseley,K,1972,HOU,Houston Oilers,1,1,2,0,0,0,1,2,2,michaelmallari
k:mike-walker,,Mike Walker,K,1972,NWE,New England Patriots,8,2,8,0,0,0,2,15,15,michaelmallari
k:pete-gogolak,,Pete Gogolak,K,1972,NYG,New York Giants,14,21,31,0,0,0,21,34,38,michaelmallari
k:roy-gerela,,Roy Gerela,K,1972,PIT,Pittsburgh Steelers,14,28,41,0,0,0,28,35,36,michaelmallari
k:skip-butler,,Skip Butler,K,1972,HOU,Houston Oilers,13,12,19,0,0,0,12,15,16,michaelmallari
k:tom-dempsey,,Tom Dempsey,K,1972,PHI,Philadelphia Eagles,14,20,35,0,0,0,20,11,12,michaelmallari
k:toni-fritsch,,Toni Fritsch,K,1972,DAL,Dallas Cowboys,14,21,36,0,0,0,21,36,36,michaelmallari
k:toni-linhart,,Toni Linhart,K,1972,NOR,New Orleans Saints,2,2,5,0,0,0,2,5,5,michaelmallari
k:bill-bell,,Bill Bell,K,1973,NWE,New England Patriots,3,1,4,0,0,0,1,4,5,michaelmallari
k:bill-mcclard,,Bill McClard,K,1973,NOR,New Orleans Saints,8,13,24,0,0,0,13,9,9,michaelmallari
k:bobby-howfield,,Bobby Howfield,K,1973,NYJ,New York Jets,14,17,24,0,0,0,17,27,27,michaelmallari
k:bruce-gossett,,Bruce Gossett,K,1973,SFO,San Francisco 49ers,14,26,33,0,0,0,26,26,26,michaelmallari
k:chester-marcol,,Chester Marcol,K,1973,GNB,Green Bay Packers,14,21,35,0,0,0,21,19,20,michaelmallari
k:curt-knight,,Curt Knight,K,1973,WAS,Washington Redskins,14,22,42,0,0,0,22,37,37,michaelmallari
k:david-ray,,David Ray,K,1973,RAM,Los Angeles Rams,14,30,47,0,0,0,30,40,42,michaelmallari
k:dennis-partee,,Dennis Partee,K,1973,SDG,San Diego Chargers,14,1,2,0,0,0,1,6,6,michaelmallari
k:don-cockroft,,Don Cockroft,K,1973,CLE,Cleveland Browns,14,22,31,0,0,0,22,24,24,michaelmallari
k:errol-mann,,Errol Mann,K,1973,DET,Detroit Lions,8,13,19,0,0,0,13,14,14,michaelmallari
k:fred-cox,,Fred Cox,K,1973,MIN,Minnesota Vikings,14,21,35,0,0,0,21,33,33,michaelmallari
k:garo-yepremian,,Garo Yepremian,K,1973,MIA,Miami Dolphins,14,25,37,0,0,0,25,38,38,michaelmallari
k:george-blanda,,George Blanda,K,1973,OAK,Oakland Raiders,14,23,33,0,0,0,23,31,31,michaelmallari
k:george-hunt,,George Hunt,K,1973,BAL,Baltimore Colts,14,16,28,0,0,0,16,22,24,michaelmallari
k:happy-feller,,Happy Feller,K,1973,NOR,New Orleans Saints,6,4,12,0,0,0,4,7,7,michaelmallari
k:horst-muhlmann,,Horst Muhlmann,K,1973,CIN,Cincinnati Bengals,14,21,31,0,0,0,21,31,32,michaelmallari
k:jan-stenerud,,Jan Stenerud,K,1973,KAN,Kansas City Chiefs,14,24,38,0,0,0,24,21,23,michaelmallari
k:jeff-white,,Jeff White,K,1973,NWE,New England Patriots,11,14,25,0,0,0,14,21,25,michaelmallari
k:jim-bakken,,Jim Bakken,K,1973,STL,St. Louis Cardinals,14,23,32,0,0,0,23,31,31,michaelmallari
k:jim-obrien,,Jim O'Brien,K,1973,DET,Detroit Lions,10,8,14,0,0,0,8,14,14,michaelmallari
k:jim-turner,,Jim Turner,K,1973,DEN,Denver Broncos,14,22,33,0,0,0,22,40,40,michaelmallari
k:john-leypoldt,,John Leypoldt,K,1973,BUF,Buffalo Bills,14,21,30,0,0,0,21,27,27,michaelmallari
k:mac-percival,,Mac Percival,K,1973,CHI,Chicago Bears,4,6,8,0,0,0,6,10,10,michaelmallari
k:marv-bateman,,Marv Bateman,K,1973,DAL,Dallas Cowboys,13,0,0,0,0,0,0,1,1,michaelmallari
k:mike-clark,,Mike Clark,K,1973,DAL,Dallas Cowboys,4,1,2,0,0,0,1,1,2,michaelmallari
k:mirro-roder,,Mirro Roder,K,1973,CHI,Chicago Bears,13,8,16,0,0,0,8,11,12,michaelmallari
k:nick-mike-mayer,,Nick Mike-Mayer,K,1973,ATL,Atlanta Falcons,14,26,38,0,0,0,26,34,34,michaelmallari
k:pete-gogolak,,Pete Gogolak,K,1973,NYG,New York Giants,14,17,28,0,0,0,17,25,25,michaelmallari
k:ray-wersching,,Ray Wersching,K,1973,SDG,San Diego Chargers,14,11,25,0,0,0,11,13,15,michaelmallari
k:roy-gerela,,Roy Gerela,K,1973,PIT,Pittsburgh Steelers,14,29,43,0,0,0,29,36,37,michaelmallari
k:skip-butler,,Skip Butler,K,1973,HOU,Houston Oilers,14,15,24,0,0,0,15,21,21,michaelmallari
k:tom-dempsey,,Tom Dempsey,K,1973,PHI,Philadelphia Eagles,14,24,40,0,0,0,24,34,34,michaelmallari
k:toni-fritsch,,Toni Fritsch,K,1973,DAL,Dallas Cowboys,13,18,28,0,0,0,18,43,43,michaelmallari
k:bill-mcclard,,Bill McClard,K,1974,NOR,New Orleans Saints,14,9,16,0,0,0,9,19,20,michaelmallari
k:bobby-howfield,,Bobby Howfield,K,1974,NYJ,New York Jets,7,6,7,0,0,0,6,8,12,michaelmallari
k:bruce-gossett,,Bruce Gossett,K,1974,SFO,San Francisco 49ers,14,11,24,0,0,0,11,25,27,michaelmallari
k:chester-marcol,,Chester Marcol,K,1974,GNB,Green Bay Packers,14,25,39,0,0,0,25,19,19,michaelmallari
k:david-ray,,David Ray,K,1974,RAM,Los Angeles Rams,13,9,16,0,0,0,9,25,31,michaelmallari
k:deacon-jones,,Deacon Jones,K,1974,WAS,Washington Redskins,14,0,0,0,0,0,0,1,1,michaelmallari
k:dennis-partee,,Dennis Partee,K,1974,SDG,San Diego Chargers,14,1,5,0,0,0,1,26,28,michaelmallari
k:don-cockroft,,Don Cockroft,K,1974,CLE,Cleveland Browns,14,14,16,0,0,0,14,29,30,michaelmallari
k:efren-herrera,,Efren Herrera,K,1974,DAL,Dallas Cowboys,11,8,13,0,0,0,8,33,33,michaelmallari
k:errol-mann,,Errol Mann,K,1974,DET,Detroit Lions,14,23,32,0,0,0,23,23,26,michaelmallari
k:fred-cox,,Fred Cox,K,1974,MIN,Minnesota Vikings,14,12,20,0,0,0,12,32,39,michaelmallari
k:garo-yepremian,,Garo Yepremian,K,1974,MIA,Miami Dolphins,14,8,15,0,0,0,8,43,43,michaelmallari
k:george-blanda,,George Blanda,K,1974,OAK,Oakland Raiders,14,11,17,0,0,0,11,44,46,michaelmallari
k:greg-gantt,,Greg Gantt,K,1974,NYJ,New York Jets,14,0,0,0,0,0,0,1,2,michaelmallari
k:horst-muhlmann,,Horst Muhlmann,K,1974,CIN,Cincinnati Bengals,14,11,18,0,0,0,11,32,35,michaelmallari
k:jan-stenerud,,Jan Stenerud,K,1974,KAN,Kansas City Chiefs,14,17,24,0,0,0,17,24,26,michaelmallari
k:jim-bakken,,Jim Bakken,K,1974,STL,St. Louis Cardinals,14,13,22,0,0,0,13,30,36,michaelmallari
k:jim-turner,,Jim Turner,K,1974,DEN,Denver Broncos,14,11,21,0,0,0,11,35,38,michaelmallari
k:john-leypoldt,,John Leypoldt,K,1974,BUF,Buffalo Bills,14,19,33,0,0,0,19,25,29,michaelmallari
k:john-smith,,John Smith,K,1974,NWE,New England Patriots,14,16,22,0,0,0,16,42,43,michaelmallari
k:mac-percival,,Mac Percival,K,1974,DAL,Dallas Cowboys,3,2,8,0,0,0,2,4,5,michaelmallari
k:mark-moseley,,Mark Moseley,K,1974,WAS,Washington Redskins,13,18,30,0,0,0,18,27,29,michaelmallari
k:mike-bragg,,Mike Bragg,K,1974,WAS,Washington Redskins,14,1,1,0,0,0,1,7,8,michaelmallari
k:mike-burke,,Mike Burke,K,1974,RAM,Los Angeles Rams,8,0,0,0,0,0,0,1,3,michaelmallari
k:mirro-roder,,Mirro Roder,K,1974,CHI,Chicago Bears,14,9,13,0,0,0,9,17,17,michaelmallari
k:nick-mike-mayer,,Nick Mike-Mayer,K,1974,ATL,Atlanta Falcons,14,9,16,0,0,0,9,12,12,michaelmallari
k:pat-leahy,,Pat Leahy,K,1974,NYJ,New York Jets,6,6,11,0,0,0,6,18,19,michaelmallari
k:pete-gogolak,,Pete Gogolak,K,1974,NYG,New York Giants,14,10,19,0,0,0,10,21,23,michaelmallari
k:ray-wersching,,Ray Wersching,K,1974,SDG,San Diego Chargers,14,5,11,0,0,0,5,0,0,michaelmallari
k:roy-gerela,,Roy Gerela,K,1974,PIT,Pittsburgh Steelers,14,20,29,0,0,0,20,33,35,michaelmallari
k:skip-butler,,Skip Butler,K,1974,HOU,Houston Oilers,14,9,19,0,0,0,9,29,29,michaelmallari
k:tom-dempsey,,Tom Dempsey,K,1974,PHI,Philadelphia Eagles,14,10,16,0,0,0,10,26,30,michaelmallari
k:toni-linhart,,Toni Linhart,K,1974,BAL,Baltimore Colts,14,12,20,0,0,0,12,22,22,michaelmallari
k:bill-mcclard,,Bill McClard,K,1975,NOR,New Orleans Saints,3,1,5,0,0,0,1,1,1,michaelmallari
k:bob-thomas,,Bob Thomas,K,1975,CHI,Chicago Bears,14,13,23,0,0,0,13,18,22,michaelmallari
k:chester-marcol,,Chester Marcol,K,1975,GNB,Green Bay Packers,1,1,1,0,0,0,1,0,0,michaelmallari
k:dave-green,,Dave Green,K,1975,CIN,Cincinnati Bengals,14,10,21,0,0,0,10,40,45,michaelmallari
k:dave-pureifory,,Dave Pureifory,K,1975,GNB,Green Bay Packers,14,0,0,0,0,0,0,2,4,michaelmallari
k:don-cockroft,,Don Cockroft,K,1975,CLE,Cleveland Browns,14,17,23,0,0,0,17,21,24,michaelmallari
k:errol-mann,,Errol Mann,K,1975,DET,Detroit Lions,14,14,21,0,0,0,14,25,29,michaelmallari
k:fred-cox,,Fred Cox,K,1975,MIN,Minnesota Vikings,14,13,17,0,0,0,13,46,48,michaelmallari
k:garo-yepremian,,Garo Yepremian,K,1975,MIA,Miami Dolphins,14,13,16,0,0,0,13,40,46,michaelmallari
k:george-blanda,,George Blanda,K,1975,OAK,Oakland Raiders,14,13,21,0,0,0,13,44,48,michaelmallari
k:george-hunt,,George Hunt,K,1975,NYG,New York Giants,14,6,11,0,0,0,6,24,29,michaelmallari
k:horst-muhlmann,,Horst Muhlmann,K,1975,PHI,Philadelphia Eagles,14,20,29,0,0,0,20,21,24,michaelmallari
k:jan-stenerud,,Jan Stenerud,K,1975,KAN,Kansas City Chiefs,14,22,32,0,0,0,22,30,31,michaelmallari
k:jim-bakken,,Jim Bakken,K,1975,STL,St. Louis Cardinals,14,19,24,0,0,0,19,40,41,michaelmallari
k:jim-turner,,Jim Turner,K,1975,DEN,Denver Broncos,14,21,28,0,0,0,21,23,26,michaelmallari
k:joe-danelo,,Joe Danelo,K,1975,GNB,Green Bay Packers,12,11,16,0,0,0,11,20,23,michaelmallari
k:john-leypoldt,,John Leypoldt,K,1975,BUF,Buffalo Bills,14,9,16,0,0,0,9,51,57,michaelmallari
k:john-smith,,John Smith,K,1975,NWE,New England Patriots,14,9,17,0,0,0,9,33,33,michaelmallari
k:mark-moseley,,Mark Moseley,K,1975,WAS,Washington Redskins,14,16,25,0,0,0,16,37,39,michaelmallari
k:nick-mike-mayer,,Nick Mike-Mayer,K,1975,ATL,Atlanta Falcons,14,4,10,0,0,0,4,30,33,michaelmallari
k:pat-leahy,,Pat Leahy,K,1975,NYJ,New York Jets,14,13,21,0,0,0,13,27,30,michaelmallari
k:ray-wersching,,Ray Wersching,K,1975,SDG,San Diego Chargers,14,12,24,0,0,0,12,20,21,michaelmallari
k:rich-szaro,,Rich Szaro,K,1975,NOR,New Orleans Saints,11,10,16,0,0,0,10,17,17,michaelmallari
k:roy-gerela,,Roy Gerela,K,1975,PIT,Pittsburgh Steelers,14,17,21,0,0,0,17,44,46,michaelmallari
k:skip-butler,,Skip Butler,K,1975,HOU,Houston Oilers,14,18,30,0,0,0,18,31,34,michaelmallari
k:steve-mike-mayer,,Steve Mike-Mayer,K,1975,SFO,San Francisco 49ers,14,14,28,0,0,0,14,27,31,michaelmallari
k:tom-dempsey,,Tom Dempsey,K,1975,RAM,Los Angeles Rams,14,21,26,0,0,0,21,31,36,michaelmallari
k:toni-fritsch,,Toni Fritsch,K,1975,DAL,Dallas Cowboys,14,22,35,0,0,0,22,38,40,michaelmallari
k:toni-linhart,,Toni Linhart,K,1975,BAL,Baltimore Colts,14,10,18,0,0,0,10,51,52,michaelmallari
k:benny-ricardo,,Benny Ricardo,K,1976,BUF/DET,Buffalo Bills / Detroit Lions,10,11,18,0,0,0,11,21,23,michaelmallari
k:bob-thomas,,Bob Thomas,K,1976,CHI,Chicago Bears,14,12,25,0,0,0,12,27,30,michaelmallari
k:chester-marcol,,Chester Marcol,K,1976,GNB,Green Bay Packers,14,10,19,0,0,0,10,24,27,michaelmallari
k:chris-bahr,,Chris Bahr,K,1976,CIN,Cincinnati Bengals,14,14,27,0,0,0,14,39,42,michaelmallari
k:dave-green,,Dave Green,K,1976,TAM,Tampa Bay Buccaneers,14,8,14,0,0,0,8,11,14,michaelmallari
k:don-bitterlich,,Don Bitterlich,K,1976,SEA,Seattle Seahawks,3,1,4,0,0,0,1,7,7,michaelmallari
k:don-cockroft,,Don Cockroft,K,1976,CLE,Cleveland Browns,14,15,28,0,0,0,15,27,30,michaelmallari
k:efren-herrera,,Efren Herrera,K,1976,DAL,Dallas Cowboys,14,18,23,0,0,0,18,34,34,michaelmallari
k:errol-mann,,Errol Mann,K,1976,DET/OAK,Detroit Lions / Oakland Raiders,13,8,21,0,0,0,8,35,37,michaelmallari
k:fred-cox,,Fred Cox,K,1976,MIN,Minnesota Vikings,14,19,31,0,0,0,19,32,36,michaelmallari
k:fred-steinfort,,Fred Steinfort,K,1976,OAK,Oakland Raiders,7,4,8,0,0,0,4,16,19,michaelmallari
k:garo-yepremian,,Garo Yepremian,K,1976,MIA,Miami Dolphins,14,16,23,0,0,0,16,29,31,michaelmallari
k:george-jakowenko,,George Jakowenko,K,1976,BUF,Buffalo Bills,11,12,17,0,0,0,12,21,24,michaelmallari
k:horst-muhlmann,,Horst Muhlmann,K,1976,PHI,Philadelphia Eagles,14,11,16,0,0,0,11,18,19,michaelmallari
k:jan-stenerud,,Jan Stenerud,K,1976,KAN,Kansas City Chiefs,14,21,38,0,0,0,21,27,33,michaelmallari
k:jim-bakken,,Jim Bakken,K,1976,STL,St. Louis Cardinals,14,20,27,0,0,0,20,33,35,michaelmallari
k:jim-turner,,Jim Turner,K,1976,DEN,Denver Broncos,14,15,21,0,0,0,15,36,39,michaelmallari
k:joe-danelo,,Joe Danelo,K,1976,NYG,New York Giants,14,8,21,0,0,0,8,20,21,michaelmallari
k:john-leypoldt,,John Leypoldt,K,1976,BUF/SEA,Buffalo Bills / Seattle Seahawks,12,8,15,0,0,0,8,22,25,michaelmallari
k:john-smith,,John Smith,K,1976,NWE,New England Patriots,14,15,25,0,0,0,15,42,46,michaelmallari
k:mark-moseley,,Mark Moseley,K,1976,WAS,Washington Redskins,14,22,34,0,0,0,22,31,32,michaelmallari
k:mirro-roder,,Mirro Roder,K,1976,TAM,Tampa Bay Buccaneers,2,0,3,0,0,0,0,0,0,josephvm
k:nick-mike-mayer,,Nick Mike-Mayer,K,1976,ATL,Atlanta Falcons,14,10,21,0,0,0,10,20,20,michaelmallari
k:pat-leahy,,Pat Leahy,K,1976,NYJ,New York Jets,14,11,16,0,0,0,11,16,20,michaelmallari
k:ray-guy,,Ray Guy,K,1976,OAK,Oakland Raiders,14,0,0,0,0,0,0,0,1,josephvm
k:ray-wersching,,Ray Wersching,K,1976,SDG,San Diego Chargers,9,4,8,0,0,0,4,14,16,michaelmallari
k:rich-szaro,,Rich Szaro,K,1976,NOR,New Orleans Saints,14,18,23,0,0,0,18,25,29,michaelmallari
k:roy-gerela,,Roy Gerela,K,1976,PIT,Pittsburgh Steelers,14,14,26,0,0,0,14,40,43,michaelmallari
k:skip-butler,,Skip Butler,K,1976,HOU,Houston Oilers,14,16,27,0,0,0,16,24,24,michaelmallari
k:steve-mike-mayer,,Steve Mike-Mayer,K,1976,SFO,San Francisco 49ers,14,16,28,0,0,0,16,26,30,michaelmallari
k:steve-zabel,,Steve Zabel,K,1976,NWE,New England Patriots,14,0,0,0,0,0,0,1,1,michaelmallari
k:tom-dempsey,,Tom Dempsey,K,1976,RAM,Los Angeles Rams,14,17,26,0,0,0,17,36,44,michaelmallari
k:toni-fritsch,,Toni Fritsch,K,1976,SDG,San Diego Chargers,5,6,12,0,0,0,6,11,14,michaelmallari
k:toni-linhart,,Toni Linhart,K,1976,BAL,Baltimore Colts,14,20,27,0,0,0,20,49,50,michaelmallari
k:allan-leavitt,,Allan Leavitt,K,1977,TAM,Tampa Bay Buccaneers,8,5,10,0,0,0,5,5,5,michaelmallari
k:bob-thomas,,Bob Thomas,K,1977,CHI,Chicago Bears,14,14,27,0,0,0,14,27,30,michaelmallari
k:carson-long,,Carson Long,K,1977,BUF,Buffalo Bills,9,7,11,0,0,0,7,13,14,michaelmallari
k:chester-marcol,,Chester Marcol,K,1977,GNB,Green Bay Packers,14,13,21,0,0,0,13,11,14,michaelmallari
k:chris-bahr,,Chris Bahr,K,1977,CIN,Cincinnati Bengals,14,19,27,0,0,0,19,25,26,michaelmallari
k:dan-pastorini,,Dan Pastorini,K,1977,HOU,Houston Oilers,14,0,0,0,0,0,0,0,1,michaelmallari
k:dave-green,,Dave Green,K,1977,TAM,Tampa Bay Buccaneers,14,4,7,0,0,0,4,5,6,michaelmallari
k:don-cockroft,,Don Cockroft,K,1977,CLE,Cleveland Browns,14,17,23,0,0,0,17,30,31,michaelmallari
k:efren-herrera,,Efren Herrera,K,1977,DAL,Dallas Cowboys,14,18,29,0,0,0,18,39,41,michaelmallari
k:errol-mann,,Errol Mann,K,1977,OAK,Oakland Raiders,14,20,28,0,0,0,20,39,42,michaelmallari
k:fred-cox,,Fred Cox,K,1977,MIN,Minnesota Vikings,14,8,17,0,0,0,8,25,29,michaelmallari
k:fred-steinfort,,Fred Steinfort,K,1977,ATL,Atlanta Falcons,7,6,11,0,0,0,6,13,13,michaelmallari
k:garo-yepremian,,Garo Yepremian,K,1977,MIA,Miami Dolphins,14,10,22,0,0,0,10,37,40,michaelmallari
k:horst-muhlmann,,Horst Muhlmann,K,1977,PHI,Philadelphia Eagles,9,3,8,0,0,0,3,17,19,michaelmallari
k:jan-stenerud,,Jan Stenerud,K,1977,KAN,Kansas City Chiefs,14,8,18,0,0,0,8,27,28,michaelmallari
k:jim-bakken,,Jim Bakken,K,1977,STL,St. Louis Cardinals,14,7,16,0,0,0,7,35,36,michaelmallari
k:jim-turner,,Jim Turner,K,1977,DEN,Denver Broncos,14,13,19,0,0,0,13,31,34,michaelmallari
k:joe-danelo,,Joe Danelo,K,1977,NYG,New York Giants,14,14,23,0,0,0,14,19,20,michaelmallari
k:john-leypoldt,,John Leypoldt,K,1977,SEA,Seattle Seahawks,13,9,18,0,0,0,9,33,37,michaelmallari
k:john-smith,,John Smith,K,1977,NWE,New England Patriots,14,15,21,0,0,0,15,33,33,michaelmallari
k:mark-moseley,,Mark Moseley,K,1977,WAS,Washington Redskins,14,21,37,0,0,0,21,19,19,michaelmallari
k:mike-michel,,Mike Michel,K,1977,MIA,Miami Dolphins,13,0,0,0,0,0,0,0,1,josephvm
k:neil-odonoghue,,Neil O'Donoghue,K,1977,BUF,Buffalo Bills,5,2,6,0,0,0,2,4,5,michaelmallari
k:nick-mike-mayer,,Nick Mike-Mayer,K,1977,ATL/PHI,Atlanta Falcons / Philadelphia Eagles,10,10,22,0,0,0,10,14,14,michaelmallari
k:ove-johansson,,Ove Johansson,K,1977,PHI,Philadelphia Eagles,2,1,4,0,0,0,1,1,3,michaelmallari
k:pat-leahy,,Pat Leahy,K,1977,NYJ,New York Jets,14,15,25,0,0,0,15,18,21,michaelmallari
k:rafael-septien,,Rafael Septien,K,1977,RAM,Los Angeles Rams,14,18,30,0,0,0,18,32,35,michaelmallari
k:ray-wersching,,Ray Wersching,K,1977,SFO,San Francisco 49ers,10,10,17,0,0,0,10,23,23,michaelmallari
k:rich-szaro,,Rich Szaro,K,1977,NOR,New Orleans Saints,14,5,12,0,0,0,5,29,31,michaelmallari
k:rolf-benirschke,,Rolf Benirschke,K,1977,SDG,San Diego Chargers,14,17,23,0,0,0,17,21,24,michaelmallari
k:roy-gerela,,Roy Gerela,K,1977,PIT,Pittsburgh Steelers,14,9,14,0,0,0,9,34,37,michaelmallari
k:skip-butler,,Skip Butler,K,1977,HOU,Houston Oilers,1,0,3,0,0,0,0,2,3,michaelmallari
k:steve-mike-mayer,,Steve Mike-Mayer,K,1977,DET,Detroit Lions,14,8,19,0,0,0,8,19,21,michaelmallari
k:tom-dempsey,,Tom Dempsey,K,1977,HOU,Houston Oilers,5,4,6,0,0,0,4,8,11,michaelmallari
k:tom-wittum,,Tom Wittum,K,1977,SFO,San Francisco 49ers,14,1,2,0,0,0,1,2,4,michaelmallari
k:toni-fritsch,,Toni Fritsch,K,1977,HOU,Houston Oilers,9,12,16,0,0,0,12,19,20,michaelmallari
k:toni-linhart,,Toni Linhart,K,1977,BAL,Baltimore Colts,14,17,26,0,0,0,17,32,35,michaelmallari
k:benny-ricardo,,Benny Ricardo,K,1978,DET,Detroit Lions,16,20,28,0,0,0,20,32,33,michaelmallari
k:bob-thomas,,Bob Thomas,K,1978,CHI,Chicago Bears,16,17,22,0,0,0,17,26,28,michaelmallari
k:chester-marcol,,Chester Marcol,K,1978,GNB,Green Bay Packers,16,11,19,0,0,0,11,30,30,michaelmallari
k:chris-bahr,,Chris Bahr,K,1978,CIN,Cincinnati Bengals,16,16,30,0,0,0,16,26,29,michaelmallari
k:dave-green,,Dave Green,K,1978,TAM,Tampa Bay Buccaneers,16,1,1,0,0,0,1,0,0,michaelmallari
k:david-posey,,David Posey,K,1978,NWE,New England Patriots,11,11,22,0,0,0,11,29,31,michaelmallari
k:don-cockroft,,Don Cockroft,K,1978,CLE,Cleveland Browns,16,19,28,0,0,0,19,37,40,michaelmallari
k:efren-herrera,,Efren Herrera,K,1978,SEA,Seattle Seahawks,16,13,21,0,0,0,13,40,44,michaelmallari
k:errol-mann,,Errol Mann,K,1978,OAK,Oakland Raiders,16,12,20,0,0,0,12,33,38,michaelmallari
k:frank-corral,,Frank Corral,K,1978,RAM,Los Angeles Rams,16,29,43,0,0,0,29,31,33,michaelmallari
k:fred-steinfort,,Fred Steinfort,K,1978,ATL,Atlanta Falcons,6,3,10,0,0,0,3,8,9,michaelmallari
k:garo-yepremian,,Garo Yepremian,K,1978,MIA,Miami Dolphins,16,19,23,0,0,0,19,41,45,michaelmallari
k:jan-stenerud,,Jan Stenerud,K,1978,KAN,Kansas City Chiefs,16,20,30,0,0,0,20,25,26,michaelmallari
k:jerrel-wilson,,Jerrel Wilson,K,1978,NWE,New England Patriots,14,0,0,0,0,0,0,0,1,josephvm
k:jim-bakken,,Jim Bakken,K,1978,STL,St. Louis Cardinals,16,11,22,0,0,0,11,27,30,michaelmallari
k:jim-turner,,Jim Turner,K,1978,DEN,Denver Broncos,16,11,22,0,0,0,11,31,35,michaelmallari
k:joe-danelo,,Joe Danelo,K,1978,NYG,New York Giants,16,21,29,0,0,0,21,27,29,michaelmallari
k:john-leypoldt,,John Leypoldt,K,1978,NOR/SEA,New Orleans Saints / Seattle Seahawks,3,2,3,0,0,0,2,4,5,michaelmallari
k:john-smith,,John Smith,K,1978,NWE,New England Patriots,3,1,1,0,0,0,1,6,7,michaelmallari
k:mark-moseley,,Mark Moseley,K,1978,WAS,Washington Redskins,16,19,30,0,0,0,19,30,31,michaelmallari
k:mike-michel,,Mike Michel,K,1978,PHI,Philadelphia Eagles,10,0,0,0,0,0,0,9,12,michaelmallari
k:neil-odonoghue,,Neil O'Donoghue,K,1978,TAM,Tampa Bay Buccaneers,15,13,23,0,0,0,13,25,29,michaelmallari
k:nick-lowery,,Nick Lowery,K,1978,NWE,New England Patriots,2,0,1,0,0,0,0,7,7,michaelmallari
k:nick-mike-mayer,,Nick Mike-Mayer,K,1978,PHI,Philadelphia Eagles,12,8,17,0,0,0,8,21,22,michaelmallari
k:pat-leahy,,Pat Leahy,K,1978,NYJ,New York Jets,16,22,30,0,0,0,22,41,42,michaelmallari
k:rafael-septien,,Rafael Septien,K,1978,DAL,Dallas Cowboys,16,16,26,0,0,0,16,46,47,michaelmallari
k:ray-wersching,,Ray Wersching,K,1978,SFO,San Francisco 49ers,16,15,23,0,0,0,15,24,25,michaelmallari
k:rich-szaro,,Rich Szaro,K,1978,NOR,New Orleans Saints,4,4,6,0,0,0,4,9,9,michaelmallari
k:rick-danmeier,,Rick Danmeier,K,1978,MIN,Minnesota Vikings,16,12,19,0,0,0,12,36,37,michaelmallari
k:rolf-benirschke,,Rolf Benirschke,K,1978,SDG,San Diego Chargers,15,18,22,0,0,0,18,37,43,michaelmallari
k:roy-gerela,,Roy Gerela,K,1978,PIT,Pittsburgh Steelers,16,12,26,0,0,0,12,44,45,michaelmallari
k:steve-mike-mayer,,Steve Mike-Mayer,K,1978,NOR,New Orleans Saints,9,6,13,0,0,0,6,18,18,michaelmallari
k:tim-mazzetti,,Tim Mazzetti,K,1978,ATL,Atlanta Falcons,10,13,16,0,0,0,13,18,18,michaelmallari
k:tom-dempsey,,Tom Dempsey,K,1978,BUF,Buffalo Bills,16,10,13,0,0,0,10,36,38,michaelmallari
k:tom-jurich,,Tom Jurich,K,1978,NOR,New Orleans Saints,1,0,3,0,0,0,0,2,2,michaelmallari
k:toni-fritsch,,Toni Fritsch,K,1978,HOU,Houston Oilers,16,14,18,0,0,0,14,31,32,michaelmallari
k:toni-linhart,,Toni Linhart,K,1978,BAL,Baltimore Colts,16,8,17,0,0,0,8,27,31,michaelmallari
k:tony-galbreath,,Tony Galbreath,K,1978,NOR,New Orleans Saints,16,0,0,0,0,0,0,0,1,michaelmallari
k:benny-ricardo,,Benny Ricardo,K,1979,DET,Detroit Lions,16,10,18,0,0,0,10,25,26,michaelmallari
k:bob-thomas,,Bob Thomas,K,1979,CHI,Chicago Bears,16,16,27,0,0,0,16,34,37,michaelmallari
k:chester-marcol,,Chester Marcol,K,1979,GNB,Green Bay Packers,10,4,10,0,0,0,4,16,18,michaelmallari
k:chris-bahr,,Chris Bahr,K,1979,CIN,Cincinnati Bengals,16,13,23,0,0,0,13,40,42,michaelmallari
k:cliff-olander,,Cliff Olander,K,1979,SDG,San Diego Chargers,4,0,1,0,0,0,0,1,1,michaelmallari
k:dave-jacobs,,Dave Jacobs,K,1979,NYJ,New York Jets,4,5,9,0,0,0,5,10,11,michaelmallari
k:don-cockroft,,Don Cockroft,K,1979,CLE,Cleveland Browns,16,17,29,0,0,0,17,38,43,michaelmallari
k:efren-herrera,,Efren Herrera,K,1979,SEA,Seattle Seahawks,16,19,23,0,0,0,19,43,46,michaelmallari
k:frank-corral,,Frank Corral,K,1979,RAM,Los Angeles Rams,16,13,25,0,0,0,13,36,39,michaelmallari
k:garo-yepremian,,Garo Yepremian,K,1979,NOR,New Orleans Saints,14,12,16,0,0,0,12,39,40,michaelmallari
k:jan-stenerud,,Jan Stenerud,K,1979,KAN,Kansas City Chiefs,16,12,23,0,0,0,12,28,29,michaelmallari
k:jim-breech,,Jim Breech,K,1979,OAK,Oakland Raiders,16,18,27,0,0,0,18,41,45,michaelmallari
k:jim-turner,,Jim Turner,K,1979,DEN,Denver Broncos,16,13,21,0,0,0,13,32,34,michaelmallari
k:joe-danelo,,Joe Danelo,K,1979,NYG,New York Giants,16,9,20,0,0,0,9,28,29,michaelmallari
k:john-anderson,,John Anderson,K,1979,GNB,Green Bay Packers,7,1,1,0,0,0,1,1,2,michaelmallari
k:john-smith,,John Smith,K,1979,NWE,New England Patriots,16,23,33,0,0,0,23,46,49,michaelmallari
k:mark-moseley,,Mark Moseley,K,1979,WAS,Washington Redskins,16,25,33,0,0,0,25,39,39,michaelmallari
k:matt-bahr,,Matt Bahr,K,1979,PIT,Pittsburgh Steelers,16,18,30,0,0,0,18,50,52,michaelmallari
k:mike-wood,,Mike Wood,K,1979,SDG/STL,San Diego Chargers / St. Louis Cardinals,12,13,21,0,0,0,13,34,38,michaelmallari
k:neil-odonoghue,,Neil O'Donoghue,K,1979,TAM,Tampa Bay Buccaneers,16,11,19,0,0,0,11,30,35,michaelmallari
k:nick-mike-mayer,,Nick Mike-Mayer,K,1979,BUF,Buffalo Bills,13,20,29,0,0,0,20,17,18,michaelmallari
k:pat-leahy,,Pat Leahy,K,1979,NYJ,New York Jets,6,8,13,0,0,0,8,12,15,michaelmallari
k:rafael-septien,,Rafael Septien,K,1979,DAL,Dallas Cowboys,16,19,29,0,0,0,19,40,44,michaelmallari
k:ray-wersching,,Ray Wersching,K,1979,SFO,San Francisco 49ers,16,20,24,0,0,0,20,32,35,michaelmallari
k:rich-szaro,,Rich Szaro,K,1979,NYJ,New York Jets,1,0,2,0,0,0,0,2,2,michaelmallari
k:rick-danmeier,,Rick Danmeier,K,1979,MIN,Minnesota Vikings,16,13,22,0,0,0,13,28,31,michaelmallari
k:rolf-benirschke,,Rolf Benirschke,K,1979,SDG,San Diego Chargers,4,4,4,0,0,0,4,12,13,michaelmallari
k:roy-gerela,,Roy Gerela,K,1979,SDG,San Diego Chargers,3,1,7,0,0,0,1,6,7,michaelmallari
k:russell-erxleben,,Russell Erxleben,K,1979,NOR,New Orleans Saints,1,2,2,0,0,0,2,4,4,michaelmallari
k:steve-little,,Steve Little,K,1979,STL,St. Louis Cardinals,16,10,19,0,0,0,10,24,32,michaelmallari
k:steve-mike-mayer,,Steve Mike-Mayer,K,1979,BAL,Baltimore Colts,13,11,20,0,0,0,11,28,29,michaelmallari
k:tim-mazzetti,,Tim Mazzetti,K,1979,ATL,Atlanta Falcons,16,13,25,0,0,0,13,31,37,michaelmallari
k:tom-birney,,Tom Birney,K,1979,GNB,Green Bay Packers,6,7,9,0,0,0,7,7,10,michaelmallari
k:tom-dempsey,,Tom Dempsey,K,1979,BUF,Buffalo Bills,3,1,4,0,0,0,1,8,11,michaelmallari
k:toni-fritsch,,Toni Fritsch,K,1979,HOU,Houston Oilers,16,21,25,0,0,0,21,41,43,michaelmallari
k:toni-linhart,,Toni Linhart,K,1979,BAL/NYJ,Baltimore Colts / New York Jets,8,6,14,0,0,0,6,14,18,michaelmallari
k:tony-franklin,,Tony Franklin,K,1979,PHI,Philadelphia Eagles,16,23,31,0,0,0,23,36,39,michaelmallari
k:tony-galbreath,,Tony Galbreath,K,1979,NOR,New Orleans Saints,15,2,3,0,0,0,2,1,2,michaelmallari
k:uwe-von-schamann,,Uwe von Schamann,K,1979,MIA,Miami Dolphins,16,21,29,0,0,0,21,36,40,michaelmallari
k:benny-ricardo,,Benny Ricardo,K,1980,NOR,New Orleans Saints,14,10,17,0,0,0,10,31,34,michaelmallari
k:bob-thomas,,Bob Thomas,K,1980,CHI,Chicago Bears,16,13,18,0,0,0,13,35,37,michaelmallari
k:chester-marcol,,Chester Marcol,K,1980,GNB/HOU,Green Bay Packers / Houston Oilers,6,3,4,0,0,0,3,8,10,michaelmallari
k:chris-bahr,,Chris Bahr,K,1980,OAK,Oakland Raiders,16,19,37,0,0,0,19,41,44,michaelmallari
k:don-cockroft,,Don Cockroft,K,1980,CLE,Cleveland Browns,16,16,26,0,0,0,16,39,44,michaelmallari
k:eddie-murray,murraedd01,Eddie Murray,K,1980,DET,Detroit Lions,16,27,42,0,0,0,27,35,36,michaelmallari
k:efren-herrera,,Efren Herrera,K,1980,SEA,Seattle Seahawks,16,20,31,0,0,0,20,33,33,michaelmallari
k:frank-corral,,Frank Corral,K,1980,RAM,Los Angeles Rams,16,16,30,0,0,0,16,51,52,michaelmallari
k:fred-steinfort,,Fred Steinfort,K,1980,DEN,Denver Broncos,16,26,34,0,0,0,26,32,33,michaelmallari
k:garo-yepremian,,Garo Yepremian,K,1980,TAM,Tampa Bay Buccaneers,16,16,23,0,0,0,16,31,32,michaelmallari
k:ian-sunter,,Ian Sunter,K,1980,CIN,Cincinnati Bengals,10,11,20,0,0,0,11,15,15,michaelmallari
k:jan-stenerud,,Jan Stenerud,K,1980,GNB,Green Bay Packers,4,3,5,0,0,0,3,3,3,michaelmallari
k:jim-breech,,Jim Breech,K,1980,CIN,Cincinnati Bengals,4,4,7,0,0,0,4,11,12,michaelmallari
k:joe-danelo,,Joe Danelo,K,1980,NYG,New York Giants,16,16,24,0,0,0,16,27,28,michaelmallari
k:john-smith,,John Smith,K,1980,NWE,New England Patriots,16,26,34,0,0,0,26,51,51,michaelmallari
k:mark-moseley,,Mark Moseley,K,1980,WAS,Washington Redskins,16,18,33,0,0,0,18,27,30,michaelmallari
k:matt-bahr,,Matt Bahr,K,1980,PIT,Pittsburgh Steelers,16,19,28,0,0,0,19,39,42,michaelmallari
k:neil-odonoghue,,Neil O'Donoghue,K,1980,STL,St. Louis Cardinals,10,11,15,0,0,0,11,18,18,michaelmallari
k:nick-lowery,,Nick Lowery,K,1980,KAN,Kansas City Chiefs,16,20,26,0,0,0,20,37,37,michaelmallari
k:nick-mike-mayer,,Nick Mike-Mayer,K,1980,BUF,Buffalo Bills,16,13,23,0,0,0,13,37,39,michaelmallari
k:pat-leahy,,Pat Leahy,K,1980,NYJ,New York Jets,16,14,22,0,0,0,14,36,36,michaelmallari
k:rafael-septien,,Rafael Septien,K,1980,DAL,Dallas Cowboys,16,11,17,0,0,0,11,59,60,michaelmallari
k:ray-wersching,,Ray Wersching,K,1980,SFO,San Francisco 49ers,16,15,19,0,0,0,15,33,39,michaelmallari
k:rick-danmeier,,Rick Danmeier,K,1980,MIN,Minnesota Vikings,16,16,26,0,0,0,16,33,38,michaelmallari
k:rolf-benirschke,,Rolf Benirschke,K,1980,SDG,San Diego Chargers,16,24,36,0,0,0,24,46,48,michaelmallari
k:russell-erxleben,,Russell Erxleben,K,1980,NOR,New Orleans Saints,16,2,5,0,0,0,2,2,2,michaelmallari
k:sandro-vitiello,,Sandro Vitiello,K,1980,CIN,Cincinnati Bengals,2,0,2,0,0,0,0,1,1,michaelmallari
k:steve-little,,Steve Little,K,1980,STL,St. Louis Cardinals,6,3,8,0,0,0,3,17,19,michaelmallari
k:steve-mike-mayer,,Steve Mike-Mayer,K,1980,BAL,Baltimore Colts,16,12,23,0,0,0,12,43,46,michaelmallari
k:ted-thompson,,Ted Thompson,K,1980,HOU,Houston Oilers,15,0,0,0,0,0,0,4,4,michaelmallari
k:tim-mazzetti,,Tim Mazzetti,K,1980,ATL,Atlanta Falcons,16,19,27,0,0,0,19,46,49,michaelmallari
k:tom-birney,,Tom Birney,K,1980,GNB,Green Bay Packers,7,6,12,0,0,0,6,14,18,michaelmallari
k:toni-fritsch,,Toni Fritsch,K,1980,HOU,Houston Oilers,15,19,24,0,0,0,19,26,27,michaelmallari
k:tony-franklin,,Tony Franklin,K,1980,PHI,Philadelphia Eagles,16,16,31,0,0,0,16,48,48,michaelmallari
k:uwe-von-schamann,,Uwe von Schamann,K,1980,MIA,Miami Dolphins,16,14,23,0,0,0,14,32,32,michaelmallari
k:benny-ricardo,,Benny Ricardo,K,1981,NOR,New Orleans Saints,16,13,25,0,0,0,13,24,24,michaelmallari
k:bill-capece,,Bill Capece,K,1981,TAM,Tampa Bay Buccaneers,13,15,24,0,0,0,15,30,32,michaelmallari
k:bob-thomas,,Bob Thomas,K,1981,CHI,Chicago Bears,2,2,3,0,0,0,2,2,3,michaelmallari
k:chris-bahr,,Chris Bahr,K,1981,OAK,Oakland Raiders,16,14,24,0,0,0,14,27,33,michaelmallari
k:dave-jacobs,,Dave Jacobs,K,1981,CLE,Cleveland Browns,5,4,12,0,0,0,4,9,10,michaelmallari
k:david-trout,,David Trout,K,1981,PIT,Pittsburgh Steelers,16,12,17,0,0,0,12,38,46,michaelmallari
k:eddie-murray,murraedd01,Eddie Murray,K,1981,DET,Detroit Lions,16,25,35,0,0,0,25,46,46,michaelmallari
k:efren-herrera,,Efren Herrera,K,1981,SEA,Seattle Seahawks,12,12,17,0,0,0,12,23,25,michaelmallari
k:frank-corral,,Frank Corral,K,1981,RAM,Los Angeles Rams,16,17,26,0,0,0,17,36,36,michaelmallari
k:fred-steinfort,,Fred Steinfort,K,1981,DEN,Denver Broncos,16,17,30,0,0,0,17,36,37,michaelmallari
k:garo-yepremian,,Garo Yepremian,K,1981,TAM,Tampa Bay Buccaneers,3,2,4,0,0,0,2,6,6,michaelmallari
k:hans-nielsen,,Hans Nielsen,K,1981,CHI,Chicago Bears,3,0,2,0,0,0,0,8,8,michaelmallari
k:jan-stenerud,,Jan Stenerud,K,1981,GNB,Green Bay Packers,16,22,24,0,0,0,22,35,36,michaelmallari
k:jim-breech,,Jim Breech,K,1981,CIN,Cincinnati Bengals,16,22,32,0,0,0,22,49,51,michaelmallari
k:joe-danelo,,Joe Danelo,K,1981,NYG,New York Giants,16,24,38,0,0,0,24,31,31,michaelmallari
k:john-roveto,,John Roveto,K,1981,CHI,Chicago Bears,11,10,18,0,0,0,10,19,20,michaelmallari
k:john-smith,,John Smith,K,1981,NWE,New England Patriots,16,15,24,0,0,0,15,37,39,michaelmallari
k:mark-moseley,,Mark Moseley,K,1981,WAS,Washington Redskins,16,19,30,0,0,0,19,38,42,michaelmallari
k:matt-bahr,,Matt Bahr,K,1981,CLE/SFO,Cleveland Browns / San Francisco 49ers,15,15,26,0,0,0,15,34,34,michaelmallari
k:mick-luckhurst,,Mick Luckhurst,K,1981,ATL,Atlanta Falcons,16,21,33,0,0,0,21,51,51,michaelmallari
k:mike-wood,,Mike Wood,K,1981,BAL,Baltimore Colts,16,10,18,0,0,0,10,29,33,michaelmallari
k:neil-odonoghue,,Neil O'Donoghue,K,1981,STL,St. Louis Cardinals,16,19,32,0,0,0,19,36,37,michaelmallari
k:nick-lowery,,Nick Lowery,K,1981,KAN,Kansas City Chiefs,16,26,36,0,0,0,26,37,38,michaelmallari
k:nick-mike-mayer,,Nick Mike-Mayer,K,1981,BUF,Buffalo Bills,16,14,24,0,0,0,14,37,37,michaelmallari
k:pat-leahy,,Pat Leahy,K,1981,NYJ,New York Jets,16,25,36,0,0,0,25,38,39,michaelmallari
k:rafael-septien,,Rafael Septien,K,1981,DAL,Dallas Cowboys,16,27,35,0,0,0,27,40,40,michaelmallari
k:ray-wersching,,Ray Wersching,K,1981,SFO,San Francisco 49ers,12,17,23,0,0,0,17,30,30,michaelmallari
k:rick-danmeier,,Rick Danmeier,K,1981,MIN,Minnesota Vikings,16,21,25,0,0,0,21,34,37,michaelmallari
k:rolf-benirschke,,Rolf Benirschke,K,1981,SDG,San Diego Chargers,16,19,26,0,0,0,19,55,61,michaelmallari
k:steve-cox,,Steve Cox,K,1981,CLE,Cleveland Browns,16,0,1,0,0,0,0,0,0,josephvm
k:toni-fritsch,,Toni Fritsch,K,1981,HOU,Houston Oilers,16,15,22,0,0,0,15,32,34,michaelmallari
k:tony-franklin,,Tony Franklin,K,1981,PHI,Philadelphia Eagles,16,20,31,0,0,0,20,41,43,michaelmallari
k:uwe-von-schamann,,Uwe von Schamann,K,1981,MIA,Miami Dolphins,16,24,31,0,0,0,24,37,38,michaelmallari
k:wilson-alvarez,,Wilson Alvarez,K,1981,SEA,Seattle Seahawks,4,3,7,0,0,0,3,14,15,michaelmallari
k:bill-capece,,Bill Capece,K,1982,TAM,Tampa Bay Buccaneers,9,18,23,0,0,0,18,14,14,michaelmallari
k:bob-thomas,,Bob Thomas,K,1982,CHI/DET,Chicago Bears / Detroit Lions,4,10,12,0,0,0,10,9,9,michaelmallari
k:chris-bahr,,Chris Bahr,K,1982,RAI,Los Angeles Raiders,9,10,16,0,0,0,10,32,33,michaelmallari
k:dan-miller,,Dan Miller,K,1982,BAL/NWE,Baltimore Colts / New England Patriots,5,6,11,0,0,0,6,9,10,michaelmallari
k:eddie-murray,murraedd01,Eddie Murray,K,1982,DET,Detroit Lions,7,11,12,0,0,0,11,16,16,michaelmallari
k:efren-herrera,,Efren Herrera,K,1982,BUF,Buffalo Bills,7,8,14,0,0,0,8,11,12,michaelmallari
k:florian-kempf,,Florian Kempf,K,1982,HOU,Houston Oilers,9,4,6,0,0,0,4,16,18,michaelmallari
k:gary-anderson,andergar02,Gary Anderson,K,1982,PIT,Pittsburgh Steelers,9,10,12,0,0,0,10,22,22,michaelmallari
k:jan-stenerud,,Jan Stenerud,K,1982,GNB,Green Bay Packers,9,13,18,0,0,0,13,25,27,michaelmallari
k:jim-breech,,Jim Breech,K,1982,CIN,Cincinnati Bengals,9,14,18,0,0,0,14,25,26,michaelmallari
k:joe-danelo,,Joe Danelo,K,1982,NYG,New York Giants,9,12,21,0,0,0,12,18,18,michaelmallari
k:john-roveto,,John Roveto,K,1982,CHI,Chicago Bears,7,4,13,0,0,0,4,10,10,michaelmallari
k:john-smith,,John Smith,K,1982,NWE,New England Patriots,4,5,8,0,0,0,5,6,7,michaelmallari
k:mark-moseley,,Mark Moseley,K,1982,WAS,Washington Redskins,9,20,21,0,0,0,20,16,19,michaelmallari
k:matt-bahr,,Matt Bahr,K,1982,CLE,Cleveland Browns,9,7,15,0,0,0,7,17,17,michaelmallari
k:mick-luckhurst,,Mick Luckhurst,K,1982,ATL,Atlanta Falcons,9,10,14,0,0,0,10,21,22,michaelmallari
k:mike-lansford,,Mike Lansford,K,1982,RAM,Los Angeles Rams,9,9,15,0,0,0,9,23,24,michaelmallari
k:mike-wood,,Mike Wood,K,1982,BAL,Baltimore Colts,6,6,10,0,0,0,6,6,6,michaelmallari
k:morten-andersen,andermor01,Morten Andersen,K,1982,NOR,New Orleans Saints,8,2,5,0,0,0,2,6,6,michaelmallari
k:neil-odonoghue,,Neil O'Donoghue,K,1982,STL,St. Louis Cardinals,8,8,13,0,0,0,8,15,16,michaelmallari
k:nick-lowery,,Nick Lowery,K,1982,KAN,Kansas City Chiefs,9,19,24,0,0,0,19,17,17,michaelmallari
k:nick-mike-mayer,,Nick Mike-Mayer,K,1982,BUF,Buffalo Bills,2,1,4,0,0,0,1,4,5,michaelmallari
k:norm-johnson,johnsnor01,Norm Johnson,K,1982,SEA,Seattle Seahawks,9,10,14,0,0,0,10,13,14,michaelmallari
k:pat-leahy,,Pat Leahy,K,1982,NYJ,New York Jets,9,11,17,0,0,0,11,26,31,michaelmallari
k:rafael-septien,,Rafael Septien,K,1982,DAL,Dallas Cowboys,9,10,14,0,0,0,10,28,28,michaelmallari
k:ray-wersching,,Ray Wersching,K,1982,SFO,San Francisco 49ers,9,12,17,0,0,0,12,23,25,michaelmallari
k:rex-robinson,,Rex Robinson,K,1982,NWE,New England Patriots,3,1,2,0,0,0,1,5,5,michaelmallari
k:rich-karlis,,Rich Karlis,K,1982,DEN,Denver Broncos,9,11,13,0,0,0,11,15,16,michaelmallari
k:rick-danmeier,,Rick Danmeier,K,1982,MIN,Minnesota Vikings,9,8,14,0,0,0,8,23,23,michaelmallari
k:rolf-benirschke,,Rolf Benirschke,K,1982,SDG,San Diego Chargers,9,16,22,0,0,0,16,32,34,michaelmallari
k:russell-erxleben,,Russell Erxleben,K,1982,NOR,New Orleans Saints,9,0,1,0,0,0,0,1,1,michaelmallari
k:steve-cox,,Steve Cox,K,1982,CLE,Cleveland Browns,9,0,1,0,0,0,0,0,0,josephvm
k:toni-fritsch,,Toni Fritsch,K,1982,NOR,New Orleans Saints,5,4,7,0,0,0,4,8,9,michaelmallari
k:tony-franklin,,Tony Franklin,K,1982,PHI,Philadelphia Eagles,9,6,9,0,0,0,6,23,25,michaelmallari
k:uwe-von-schamann,,Uwe von Schamann,K,1982,MIA,Miami Dolphins,9,15,20,0,0,0,15,21,22,michaelmallari
k:ali-haji-sheikh,,Ali Haji-Sheikh,K,1983,NYG,New York Giants,16,35,42,0,0,0,35,22,23,michaelmallari
k:benny-ricardo,,Benny Ricardo,K,1983,MIN,Minnesota Vikings,16,25,33,0,0,0,25,33,34,michaelmallari
k:bill-capece,,Bill Capece,K,1983,TAM,Tampa Bay Buccaneers,15,10,23,0,0,0,10,23,26,michaelmallari
k:bob-thomas,,Bob Thomas,K,1983,CHI,Chicago Bears,16,14,25,0,0,0,14,35,38,michaelmallari
k:chris-bahr,,Chris Bahr,K,1983,RAI,Los Angeles Raiders,16,21,27,0,0,0,21,51,53,michaelmallari
k:chuck-nelson,,Chuck Nelson,K,1983,RAM,Los Angeles Rams,12,5,11,0,0,0,5,33,37,michaelmallari
k:david-warnke,,David Warnke,K,1983,TAM,Tampa Bay Buccaneers,1,0,1,0,0,0,0,1,2,michaelmallari
k:eddie-murray,murraedd01,Eddie Murray,K,1983,DET,Detroit Lions,16,25,32,0,0,0,25,38,38,michaelmallari
k:florian-kempf,,Florian Kempf,K,1983,HOU,Houston Oilers,16,17,21,0,0,0,17,33,34,michaelmallari
k:fred-steinfort,,Fred Steinfort,K,1983,BUF/NWE,Buffalo Bills / New England Patriots,11,7,21,0,0,0,7,17,18,michaelmallari
k:gary-anderson,andergar02,Gary Anderson,K,1983,PIT,Pittsburgh Steelers,16,27,31,0,0,0,27,38,39,michaelmallari
k:george-yarno,,George Yarno,K,1983,TAM,Tampa Bay Buccaneers,14,0,0,0,0,0,0,1,1,michaelmallari
k:jan-stenerud,,Jan Stenerud,K,1983,GNB,Green Bay Packers,16,21,26,0,0,0,21,52,52,michaelmallari
k:jim-breech,,Jim Breech,K,1983,CIN,Cincinnati Bengals,16,16,23,0,0,0,16,39,41,michaelmallari
k:joaquin-zendejas,,Joaquin Zendejas,K,1983,NWE,New England Patriots,2,0,1,0,0,0,0,3,4,michaelmallari
k:joe-danelo,,Joe Danelo,K,1983,BUF,Buffalo Bills,14,10,20,0,0,0,10,33,35,michaelmallari
k:john-smith,,John Smith,K,1983,NWE,New England Patriots,5,3,6,0,0,0,3,12,15,michaelmallari
k:mark-moseley,,Mark Moseley,K,1983,WAS,Washington Redskins,16,33,47,0,0,0,33,62,63,michaelmallari
k:matt-bahr,,Matt Bahr,K,1983,CLE,Cleveland Browns,16,21,24,0,0,0,21,38,40,michaelmallari
k:mick-luckhurst,,Mick Luckhurst,K,1983,ATL,Atlanta Falcons,16,17,22,0,0,0,17,43,45,michaelmallari
k:mike-lansford,,Mike Lansford,K,1983,RAM,Los Angeles Rams,4,6,9,0,0,0,6,9,9,michaelmallari
k:morten-andersen,andermor01,Morten Andersen,K,1983,NOR,New Orleans Saints,16,18,24,0,0,0,18,37,38,michaelmallari
k:neil-odonoghue,,Neil O'Donoghue,K,1983,STL,St. Louis Cardinals,16,15,28,0,0,0,15,45,47,michaelmallari
k:nick-lowery,,Nick Lowery,K,1983,KAN,Kansas City Chiefs,16,24,30,0,0,0,24,44,45,michaelmallari
k:norm-johnson,johnsnor01,Norm Johnson,K,1983,SEA,Seattle Seahawks,16,18,25,0,0,0,18,49,50,michaelmallari
k:pat-leahy,,Pat Leahy,K,1983,NYJ,New York Jets,16,16,24,0,0,0,16,36,37,michaelmallari
k:rafael-septien,,Rafael Septien,K,1983,DAL,Dallas Cowboys,16,22,27,0,0,0,22,57,59,michaelmallari
k:raul-allegre,,Raul Allegre,K,1983,BAL,Baltimore Colts,16,30,35,0,0,0,30,22,24,michaelmallari
k:ray-wersching,,Ray Wersching,K,1983,SFO,San Francisco 49ers,16,25,30,0,0,0,25,51,51,michaelmallari
k:rich-karlis,,Rich Karlis,K,1983,DEN,Denver Broncos,16,21,25,0,0,0,21,33,34,michaelmallari
k:rolf-benirschke,,Rolf Benirschke,K,1983,SDG,San Diego Chargers,16,15,24,0,0,0,15,43,45,michaelmallari
k:steve-cox,,Steve Cox,K,1983,CLE,Cleveland Browns,7,1,1,0,0,0,1,0,0,michaelmallari
k:tony-franklin,,Tony Franklin,K,1983,PHI,Philadelphia Eagles,16,15,26,0,0,0,15,24,27,michaelmallari
k:uwe-von-schamann,,Uwe von Schamann,K,1983,MIA,Miami Dolphins,16,18,27,0,0,0,18,45,48,michaelmallari
k:al-del-greco,delgralx01,Al Del Greco,K,1984,GNB,Green Bay Packers,9,9,12,0,0,0,9,34,34,michaelmallari
k:ali-haji-sheikh,,Ali Haji-Sheikh,K,1984,NYG,New York Giants,16,17,33,0,0,0,17,32,35,michaelmallari
k:benny-ricardo,,Benny Ricardo,K,1984,SDG,San Diego Chargers,2,3,3,0,0,0,3,5,6,michaelmallari
k:bob-thomas,,Bob Thomas,K,1984,CHI,Chicago Bears,16,22,28,0,0,0,22,35,37,michaelmallari
k:chris-bahr,,Chris Bahr,K,1984,RAI,Los Angeles Raiders,16,20,27,0,0,0,20,40,42,michaelmallari
k:chuck-nelson,,Chuck Nelson,K,1984,BUF,Buffalo Bills,7,3,5,0,0,0,3,14,14,michaelmallari
k:dean-biasucci,,Dean Biasucci,K,1984,IND,Indianapolis Colts,15,3,5,0,0,0,3,13,14,michaelmallari
k:eddie-garcia,,Eddie Garcia,K,1984,GNB,Green Bay Packers,7,3,9,0,0,0,3,14,15,michaelmallari
k:eddie-murray,murraedd01,Eddie Murray,K,1984,DET,Detroit Lions,16,20,27,0,0,0,20,31,31,michaelmallari
k:florian-kempf,,Florian Kempf,K,1984,HOU,Houston Oilers,9,4,6,0,0,0,4,14,14,michaelmallari
k:gary-anderson,andergar02,Gary Anderson,K,1984,PIT,Pittsburgh Steelers,16,24,32,0,0,0,24,45,45,michaelmallari
k:jan-stenerud,,Jan Stenerud,K,1984,MIN,Minnesota Vikings,16,20,23,0,0,0,20,30,31,michaelmallari
k:jim-breech,,Jim Breech,K,1984,CIN,Cincinnati Bengals,16,22,31,0,0,0,22,37,37,michaelmallari
k:joe-cooper,,Joe Cooper,K,1984,HOU,Houston Oilers,7,11,13,0,0,0,11,13,13,michaelmallari
k:joe-danelo,,Joe Danelo,K,1984,BUF,Buffalo Bills,9,8,16,0,0,0,8,17,17,michaelmallari
k:mark-moseley,,Mark Moseley,K,1984,WAS,Washington Redskins,16,24,31,0,0,0,24,48,51,michaelmallari
k:matt-bahr,,Matt Bahr,K,1984,CLE,Cleveland Browns,16,24,32,0,0,0,24,25,25,michaelmallari
k:mick-luckhurst,,Mick Luckhurst,K,1984,ATL,Atlanta Falcons,16,20,27,0,0,0,20,31,31,michaelmallari
k:mike-lansford,,Mike Lansford,K,1984,RAM,Los Angeles Rams,16,25,33,0,0,0,25,37,38,michaelmallari
k:morten-andersen,andermor01,Morten Andersen,K,1984,NOR,New Orleans Saints,16,20,27,0,0,0,20,34,34,michaelmallari
k:neil-odonoghue,,Neil O'Donoghue,K,1984,STL,St. Louis Cardinals,16,23,35,0,0,0,23,48,51,michaelmallari
k:nick-lowery,,Nick Lowery,K,1984,KAN,Kansas City Chiefs,16,23,33,0,0,0,23,35,35,michaelmallari
k:norm-johnson,johnsnor01,Norm Johnson,K,1984,SEA,Seattle Seahawks,16,20,24,0,0,0,20,50,51,michaelmallari
k:obed-ariri,,Obed Ariri,K,1984,TAM,Tampa Bay Buccaneers,16,19,26,0,0,0,19,38,40,michaelmallari
k:pat-leahy,,Pat Leahy,K,1984,NYJ,New York Jets,16,17,24,0,0,0,17,38,39,michaelmallari
k:paul-mcfadden,,Paul McFadden,K,1984,PHI,Philadelphia Eagles,16,30,37,0,0,0,30,26,27,michaelmallari
k:rafael-septien,,Rafael Septien,K,1984,DAL,Dallas Cowboys,16,23,29,0,0,0,23,33,34,michaelmallari
k:raul-allegre,,Raul Allegre,K,1984,IND,Indianapolis Colts,12,11,18,0,0,0,11,14,14,michaelmallari
k:ray-wersching,,Ray Wersching,K,1984,SFO,San Francisco 49ers,16,25,35,0,0,0,25,56,56,michaelmallari
k:rich-karlis,,Rich Karlis,K,1984,DEN,Denver Broncos,16,21,28,0,0,0,21,38,41,michaelmallari
k:rolf-benirschke,,Rolf Benirschke,K,1984,SDG,San Diego Chargers,14,17,26,0,0,0,17,41,41,michaelmallari
k:steve-cox,,Steve Cox,K,1984,CLE,Cleveland Browns,16,1,3,0,0,0,1,0,0,michaelmallari
k:tony-franklin,,Tony Franklin,K,1984,NWE,New England Patriots,16,22,28,0,0,0,22,42,42,michaelmallari
k:uwe-von-schamann,,Uwe von Schamann,K,1984,MIA,Miami Dolphins,16,9,19,0,0,0,9,66,70,michaelmallari
k:al-del-greco,delgralx01,Al Del Greco,K,1985,GNB,Green Bay Packers,16,19,26,0,0,0,19,38,40,michaelmallari
k:ali-haji-sheikh,,Ali Haji-Sheikh,K,1985,NYG,New York Giants,2,2,5,0,0,0,2,5,5,michaelmallari
k:bob-thomas,,Bob Thomas,K,1985,SDG,San Diego Chargers,15,18,28,0,0,0,18,51,55,michaelmallari
k:chris-bahr,,Chris Bahr,K,1985,RAI,Los Angeles Raiders,16,20,32,0,0,0,20,40,42,michaelmallari
k:donald-igwebuike,,Donald Igwebuike,K,1985,TAM,Tampa Bay Buccaneers,16,22,32,0,0,0,22,30,32,michaelmallari
k:eddie-murray,murraedd01,Eddie Murray,K,1985,DET,Detroit Lions,16,26,31,0,0,0,26,31,33,michaelmallari
k:eric-schubert,,Eric Schubert,K,1985,NYG,New York Giants,8,10,13,0,0,0,10,26,27,michaelmallari
k:fuad-reveiz,,Fuad Reveiz,K,1985,MIA,Miami Dolphins,16,22,27,0,0,0,22,50,52,michaelmallari
k:gary-anderson,andergar02,Gary Anderson,K,1985,PIT,Pittsburgh Steelers,16,33,42,0,0,0,33,40,40,michaelmallari
k:jan-stenerud,,Jan Stenerud,K,1985,MIN,Minnesota Vikings,16,15,26,0,0,0,15,41,43,michaelmallari
k:jess-atkinson,,Jess Atkinson,K,1985,NYG/STL,New York Giants / St. Louis Cardinals,8,10,18,0,0,0,10,17,18,michaelmallari
k:jim-breech,,Jim Breech,K,1985,CIN,Cincinnati Bengals,16,24,33,0,0,0,24,48,50,michaelmallari
k:kevin-butler,,Kevin Butler,K,1985,CHI,Chicago Bears,16,31,37,0,0,0,31,51,51,michaelmallari
k:mark-moseley,,Mark Moseley,K,1985,WAS,Washington Redskins,16,22,34,0,0,0,22,31,33,michaelmallari
k:matt-bahr,,Matt Bahr,K,1985,CLE,Cleveland Browns,16,14,18,0,0,0,14,35,35,michaelmallari
k:mick-luckhurst,,Mick Luckhurst,K,1985,ATL,Atlanta Falcons,16,24,31,0,0,0,24,29,29,michaelmallari
k:mike-lansford,,Mike Lansford,K,1985,RAM,Los Angeles Rams,16,22,29,0,0,0,22,38,39,michaelmallari
k:morten-andersen,andermor01,Morten Andersen,K,1985,NOR,New Orleans Saints,16,31,35,0,0,0,31,27,29,michaelmallari
k:neil-odonoghue,,Neil O'Donoghue,K,1985,STL,St. Louis Cardinals,8,10,18,0,0,0,10,19,19,michaelmallari
k:nick-lowery,,Nick Lowery,K,1985,KAN,Kansas City Chiefs,16,24,27,0,0,0,24,35,35,michaelmallari
k:norm-johnson,johnsnor01,Norm Johnson,K,1985,SEA,Seattle Seahawks,16,14,25,0,0,0,14,40,41,michaelmallari
k:novo-bojovic,,Novo Bojovic,K,1985,STL,St. Louis Cardinals,6,3,7,0,0,0,3,11,12,michaelmallari
k:pat-leahy,,Pat Leahy,K,1985,NYJ,New York Jets,16,26,34,0,0,0,26,43,45,michaelmallari
k:paul-mcfadden,,Paul McFadden,K,1985,PHI,Philadelphia Eagles,16,25,30,0,0,0,25,29,29,michaelmallari
k:rafael-septien,,Rafael Septien,K,1985,DAL,Dallas Cowboys,16,19,28,0,0,0,19,42,43,michaelmallari
k:raul-allegre,,Raul Allegre,K,1985,IND,Indianapolis Colts,16,16,26,0,0,0,16,36,39,michaelmallari
k:ray-wersching,,Ray Wersching,K,1985,SFO,San Francisco 49ers,16,13,21,0,0,0,13,52,53,michaelmallari
k:rich-karlis,,Rich Karlis,K,1985,DEN,Denver Broncos,16,23,38,0,0,0,23,41,44,michaelmallari
k:rolf-benirschke,,Rolf Benirschke,K,1985,SDG,San Diego Chargers,1,0,0,0,0,0,0,2,2,michaelmallari
k:scott-norwood,,Scott Norwood,K,1985,BUF,Buffalo Bills,16,13,17,0,0,0,13,23,23,michaelmallari
k:steve-cox,,Steve Cox,K,1985,WAS,Washington Redskins,12,0,1,0,0,0,0,0,0,josephvm
k:tony-franklin,,Tony Franklin,K,1985,NWE,New England Patriots,16,24,30,0,0,0,24,40,41,michaelmallari
k:tony-zendejas,,Tony Zendejas,K,1985,HOU,Houston Oilers,14,21,27,0,0,0,21,29,31,michaelmallari
k:al-del-greco,delgralx01,Al Del Greco,K,1986,GNB,Green Bay Packers,16,17,27,0,0,0,17,29,29,michaelmallari
k:ali-haji-sheikh,,Ali Haji-Sheikh,K,1986,ATL,Atlanta Falcons,6,9,12,0,0,0,9,7,8,michaelmallari
k:bob-thomas,,Bob Thomas,K,1986,NYG,New York Giants,1,0,1,0,0,0,0,4,4,michaelmallari
k:chris-bahr,,Chris Bahr,K,1986,RAI,Los Angeles Raiders,16,21,28,0,0,0,21,36,36,michaelmallari
k:chuck-nelson,,Chuck Nelson,K,1986,MIN,Minnesota Vikings,16,22,28,0,0,0,22,44,47,michaelmallari
k:dean-biasucci,,Dean Biasucci,K,1986,IND,Indianapolis Colts,16,13,25,0,0,0,13,26,27,michaelmallari
k:donald-igwebuike,,Donald Igwebuike,K,1986,TAM,Tampa Bay Buccaneers,16,17,24,0,0,0,17,26,27,michaelmallari
k:eddie-murray,murraedd01,Eddie Murray,K,1986,DET,Detroit Lions,16,18,25,0,0,0,18,31,32,michaelmallari
k:eric-schubert,,Eric Schubert,K,1986,STL,St. Louis Cardinals,5,3,11,0,0,0,3,9,9,michaelmallari
k:fuad-reveiz,,Fuad Reveiz,K,1986,MIA,Miami Dolphins,16,14,22,0,0,0,14,52,55,michaelmallari
k:gary-anderson,andergar02,Gary Anderson,K,1986,PIT,Pittsburgh Steelers,16,21,32,0,0,0,21,32,32,michaelmallari
k:jess-atkinson,,Jess Atkinson,K,1986,WAS,Washington Redskins,1,0,0,0,0,0,0,3,3,michaelmallari
k:jim-breech,,Jim Breech,K,1986,CIN,Cincinnati Bengals,16,17,32,0,0,0,17,50,51,michaelmallari
k:joe-cooper,,Joe Cooper,K,1986,NYG,New York Giants,2,2,4,0,0,0,2,4,4,michaelmallari
k:john-lee,,John Lee,K,1986,STL,St. Louis Cardinals,11,8,13,0,0,0,8,14,17,michaelmallari
k:kevin-butler,,Kevin Butler,K,1986,CHI,Chicago Bears,16,28,41,0,0,0,28,36,37,michaelmallari
k:mark-moseley,,Mark Moseley,K,1986,CLE/WAS,Cleveland Browns / Washington Redskins,10,12,19,0,0,0,12,25,28,michaelmallari
k:matt-bahr,,Matt Bahr,K,1986,CLE,Cleveland Browns,12,20,26,0,0,0,20,30,30,michaelmallari
k:max-zendejas,,Max Zendejas,K,1986,WAS,Washington Redskins,9,9,14,0,0,0,9,23,28,michaelmallari
k:mick-luckhurst,,Mick Luckhurst,K,1986,ATL,Atlanta Falcons,10,14,24,0,0,0,14,21,21,michaelmallari
k:mike-lansford,,Mike Lansford,K,1986,RAM,Los Angeles Rams,16,17,24,0,0,0,17,34,35,michaelmallari
k:morten-andersen,andermor01,Morten Andersen,K,1986,NOR,New Orleans Saints,16,26,30,0,0,0,26,30,30,michaelmallari
k:nick-lowery,,Nick Lowery,K,1986,KAN,Kansas City Chiefs,16,19,26,0,0,0,19,43,43,michaelmallari
k:norm-johnson,johnsnor01,Norm Johnson,K,1986,SEA,Seattle Seahawks,16,22,35,0,0,0,22,42,42,michaelmallari
k:pat-leahy,,Pat Leahy,K,1986,NYJ,New York Jets,16,16,19,0,0,0,16,44,44,michaelmallari
k:paul-mcfadden,,Paul McFadden,K,1986,PHI,Philadelphia Eagles,16,20,31,0,0,0,20,26,27,michaelmallari
k:rafael-septien,,Rafael Septien,K,1986,DAL,Dallas Cowboys,16,15,21,0,0,0,15,43,43,michaelmallari
k:raul-allegre,,Raul Allegre,K,1986,NYG,New York Giants,13,24,32,0,0,0,24,33,33,michaelmallari
k:ray-wersching,,Ray Wersching,K,1986,SFO,San Francisco 49ers,16,25,35,0,0,0,25,41,42,michaelmallari
k:rich-karlis,,Rich Karlis,K,1986,DEN,Denver Broncos,16,20,28,0,0,0,20,44,45,michaelmallari
k:rick-donnelly,,Rick Donnelly,K,1986,ATL,Atlanta Falcons,16,0,0,0,0,0,0,1,1,michaelmallari
k:rolf-benirschke,,Rolf Benirschke,K,1986,SDG,San Diego Chargers,16,16,25,0,0,0,16,39,41,michaelmallari
k:scott-norwood,,Scott Norwood,K,1986,BUF,Buffalo Bills,16,17,27,0,0,0,17,32,34,michaelmallari
k:steve-cox,,Steve Cox,K,1986,WAS,Washington Redskins,16,3,6,0,0,0,3,0,0,michaelmallari
k:tony-franklin,,Tony Franklin,K,1986,NWE,New England Patriots,16,32,41,0,0,0,32,44,45,michaelmallari
k:tony-zendejas,,Tony Zendejas,K,1986,HOU,Houston Oilers,15,22,27,0,0,0,22,28,29,michaelmallari
k:al-del-greco,delgralx01,Al Del Greco,K,1987,GNB/STL,Green Bay Packers / St. Louis Cardinals,8,9,15,0,0,0,9,19,20,michaelmallari
k:ali-haji-sheikh,,Ali Haji-Sheikh,K,1987,WAS,Washington Redskins,11,13,19,0,0,0,13,29,32,michaelmallari
k:brendan-toibin,,Brendan Toibin,K,1987,WAS,Washington Redskins,1,0,2,0,0,0,0,4,4,michaelmallari
k:brian-franco,,Brian Franco,K,1987,CLE,Cleveland Browns,2,3,4,0,0,0,3,2,2,michaelmallari
k:chris-bahr,,Chris Bahr,K,1987,RAI,Los Angeles Raiders,13,19,29,0,0,0,19,27,28,michaelmallari
k:chuck-nelson,,Chuck Nelson,K,1987,MIN,Minnesota Vikings,12,13,24,0,0,0,13,36,37,michaelmallari
k:dale-dawson,,Dale Dawson,K,1987,MIN,Minnesota Vikings,3,1,5,0,0,0,1,4,4,michaelmallari
k:dave-jacobs,,Dave Jacobs,K,1987,PHI,Philadelphia Eagles,3,3,5,0,0,0,3,2,4,michaelmallari
k:david-hardy,,David Hardy,K,1987,RAI,Los Angeles Raiders,2,0,1,0,0,0,0,7,7,michaelmallari
k:david-trout,,David Trout,K,1987,PIT,Pittsburgh Steelers,3,0,2,0,0,0,0,10,10,michaelmallari
k:dean-biasucci,,Dean Biasucci,K,1987,IND,Indianapolis Colts,12,24,27,0,0,0,24,24,24,michaelmallari
k:donald-igwebuike,,Donald Igwebuike,K,1987,TAM,Tampa Bay Buccaneers,12,14,18,0,0,0,14,24,26,michaelmallari
k:eddie-murray,murraedd01,Eddie Murray,K,1987,DET,Detroit Lions,12,20,32,0,0,0,20,21,21,michaelmallari
k:eric-schubert,,Eric Schubert,K,1987,NWE,New England Patriots,1,1,2,0,0,0,1,1,1,michaelmallari
k:florian-kempf,,Florian Kempf,K,1987,NOR,New Orleans Saints,1,4,5,0,0,0,4,1,1,michaelmallari
k:fuad-reveiz,,Fuad Reveiz,K,1987,MIA,Miami Dolphins,11,9,11,0,0,0,9,28,30,michaelmallari
k:gary-anderson,andergar02,Gary Anderson,K,1987,PIT,Pittsburgh Steelers,12,22,27,0,0,0,22,21,21,michaelmallari
k:george-benyola,,George Benyola,K,1987,NYG,New York Giants,3,3,5,0,0,0,3,3,3,michaelmallari
k:greg-davis,,Greg Davis,K,1987,ATL,Atlanta Falcons,3,3,4,0,0,0,3,6,6,michaelmallari
k:james-hamrick,,James Hamrick,K,1987,KAN,Kansas City Chiefs,3,2,2,0,0,0,2,4,4,michaelmallari
k:jason-staurovsky,,Jason Staurovsky,K,1987,STL,St. Louis Cardinals,2,1,3,0,0,0,1,6,6,michaelmallari
k:jeff-brockhaus,,Jeff Brockhaus,K,1987,SFO,San Francisco 49ers,3,3,6,0,0,0,3,11,13,michaelmallari
k:jeff-gaffney,,Jeff Gaffney,K,1987,SDG,San Diego Chargers,3,3,6,0,0,0,3,4,5,michaelmallari
k:jeff-jaeger,jaegejef01,Jeff Jaeger,K,1987,CLE,Cleveland Browns,10,14,22,0,0,0,14,33,33,michaelmallari
k:jess-atkinson,,Jess Atkinson,K,1987,WAS,Washington Redskins,1,1,1,0,0,0,1,1,1,michaelmallari
k:jim-breech,,Jim Breech,K,1987,CIN,Cincinnati Bengals,12,24,30,0,0,0,24,25,27,michaelmallari
k:jim-gallery,,Jim Gallery,K,1987,STL,St. Louis Cardinals,13,9,19,0,0,0,9,30,31,michaelmallari
k:john-diettrich,,John Diettrich,K,1987,HOU,Houston Oilers,2,6,6,0,0,0,6,5,5,michaelmallari
k:kerry-brady,,Kerry Brady,K,1987,DAL,Dallas Cowboys,1,0,0,0,0,0,0,1,1,michaelmallari
k:kevin-butler,,Kevin Butler,K,1987,CHI,Chicago Bears,12,19,28,0,0,0,19,28,30,michaelmallari
k:luis-zendejas,,Luis Zendejas,K,1987,DAL,Dallas Cowboys,2,3,4,0,0,0,3,10,10,michaelmallari
k:massimo-manca,,Massimo Manca,K,1987,CIN,Cincinnati Bengals,3,1,2,0,0,0,1,3,3,michaelmallari
k:matt-bahr,,Matt Bahr,K,1987,CLE,Cleveland Browns,3,4,5,0,0,0,4,9,10,michaelmallari
k:max-zendejas,,Max Zendejas,K,1987,GNB,Green Bay Packers,10,16,19,0,0,0,16,13,15,michaelmallari
k:mick-luckhurst,,Mick Luckhurst,K,1987,ATL,Atlanta Falcons,12,9,13,0,0,0,9,17,17,michaelmallari
k:mike-clendenen,,Mike Clendenen,K,1987,DEN,Denver Broncos,3,3,4,0,0,0,3,7,7,michaelmallari
k:mike-cofer,,Mike Cofer,K,1987,NOR,New Orleans Saints,2,1,1,0,0,0,1,5,7,michaelmallari
k:mike-lansford,,Mike Lansford,K,1987,RAM,Los Angeles Rams,15,17,21,0,0,0,17,36,38,michaelmallari
k:mike-prindle,,Mike Prindle,K,1987,DET,Detroit Lions,3,6,7,0,0,0,6,6,6,michaelmallari
k:morten-andersen,andermor01,Morten Andersen,K,1987,NOR,New Orleans Saints,12,28,36,0,0,0,28,37,37,michaelmallari
k:nick-lowery,,Nick Lowery,K,1987,KAN,Kansas City Chiefs,12,19,23,0,0,0,19,26,26,michaelmallari
k:norm-johnson,johnsnor01,Norm Johnson,K,1987,SEA,Seattle Seahawks,13,15,20,0,0,0,15,40,40,michaelmallari
k:obed-ariri,,Obed Ariri,K,1987,WAS,Washington Redskins,2,3,5,0,0,0,3,6,6,michaelmallari
k:pat-leahy,,Pat Leahy,K,1987,NYJ,New York Jets,12,18,22,0,0,0,18,31,31,michaelmallari
k:pat-ragusa,,Pat Ragusa,K,1987,NYJ,New York Jets,3,2,4,0,0,0,2,7,7,michaelmallari
k:paul-mcfadden,,Paul McFadden,K,1987,PHI,Philadelphia Eagles,12,16,26,0,0,0,16,36,36,michaelmallari
k:raul-allegre,,Raul Allegre,K,1987,NYG,New York Giants,12,17,27,0,0,0,17,25,26,michaelmallari
k:ray-wersching,,Ray Wersching,K,1987,SFO,San Francisco 49ers,12,13,17,0,0,0,13,44,46,michaelmallari
k:rich-karlis,,Rich Karlis,K,1987,DEN,Denver Broncos,12,18,25,0,0,0,18,37,37,michaelmallari
k:roger-ruzek,,Roger Ruzek,K,1987,DAL,Dallas Cowboys,12,22,25,0,0,0,22,26,26,michaelmallari
k:scott-hagler,,Scott Hagler,K,1987,SEA,Seattle Seahawks,2,2,2,0,0,0,2,4,4,michaelmallari
k:scott-norwood,,Scott Norwood,K,1987,BUF,Buffalo Bills,12,10,15,0,0,0,10,31,31,michaelmallari
k:steve-cox,,Steve Cox,K,1987,WAS,Washington Redskins,12,1,2,0,0,0,1,3,3,michaelmallari
k:steve-jordan,,Steve Jordan,K,1987,IND,Indianapolis Colts,3,3,5,0,0,0,3,7,7,michaelmallari
k:tim-lashar,,Tim Lashar,K,1987,CHI,Chicago Bears,3,3,4,0,0,0,3,10,10,michaelmallari
k:todd-schlopy,,Todd Schlopy,K,1987,BUF,Buffalo Bills,3,2,5,0,0,0,2,1,2,michaelmallari
k:tony-franklin,,Tony Franklin,K,1987,NWE,New England Patriots,14,15,26,0,0,0,15,37,38,michaelmallari
k:tony-zendejas,,Tony Zendejas,K,1987,HOU,Houston Oilers,13,20,26,0,0,0,20,32,33,michaelmallari
k:van-tiffin,,Van Tiffin,K,1987,MIA/TAM,Miami Dolphins / Tampa Bay Buccaneers,4,5,7,0,0,0,5,11,11,michaelmallari
k:vince-abbott,,Vince Abbott,K,1987,SDG,San Diego Chargers,12,13,22,0,0,0,13,22,23,michaelmallari
k:willie-beecher,,Willie Beecher,K,1987,MIA,Miami Dolphins,3,3,4,0,0,0,3,12,12,michaelmallari
k:al-del-greco,delgralx01,Al Del Greco,K,1988,PHO,Phoenix Cardinals,16,12,21,0,0,0,12,42,44,michaelmallari
k:chip-lohmiller,,Chip Lohmiller,K,1988,WAS,Washington Redskins,16,19,26,0,0,0,19,40,41,michaelmallari
k:chris-bahr,,Chris Bahr,K,1988,RAI,Los Angeles Raiders,16,18,29,0,0,0,18,37,39,michaelmallari
k:chuck-nelson,,Chuck Nelson,K,1988,MIN,Minnesota Vikings,16,20,25,0,0,0,20,48,49,michaelmallari
k:curtis-burrow,,Curtis Burrow,K,1988,GNB,Green Bay Packers,1,0,1,0,0,0,0,2,4,michaelmallari
k:dale-dawson,,Dale Dawson,K,1988,GNB/PHI,Green Bay Packers / Philadelphia Eagles,5,3,6,0,0,0,3,4,5,michaelmallari
k:dean-biasucci,,Dean Biasucci,K,1988,IND,Indianapolis Colts,16,25,32,0,0,0,25,39,40,michaelmallari
k:dean-dorsey,,Dean Dorsey,K,1988,GNB/PHI,Green Bay Packers / Philadelphia Eagles,6,5,10,0,0,0,5,12,13,michaelmallari
k:donald-igwebuike,,Donald Igwebuike,K,1988,TAM,Tampa Bay Buccaneers,12,19,25,0,0,0,19,21,21,michaelmallari
k:eddie-murray,murraedd01,Eddie Murray,K,1988,DET,Detroit Lions,16,20,21,0,0,0,20,22,23,michaelmallari
k:fuad-reveiz,,Fuad Reveiz,K,1988,MIA,Miami Dolphins,11,8,12,0,0,0,8,31,32,michaelmallari
k:gary-anderson,andergar02,Gary Anderson,K,1988,PIT,Pittsburgh Steelers,16,28,36,0,0,0,28,34,35,michaelmallari
k:greg-davis,,Greg Davis,K,1988,ATL,Atlanta Falcons,16,19,30,0,0,0,19,25,27,michaelmallari
k:jason-staurovsky,,Jason Staurovsky,K,1988,NWE,New England Patriots,8,7,11,0,0,0,7,14,15,michaelmallari
k:jim-breech,,Jim Breech,K,1988,CIN,Cincinnati Bengals,16,11,16,0,0,0,11,56,59,michaelmallari
k:john-carney,carnejoh01,John Carney,K,1988,TAM,Tampa Bay Buccaneers,4,2,5,0,0,0,2,6,6,michaelmallari
k:kevin-butler,,Kevin Butler,K,1988,CHI,Chicago Bears,16,15,19,0,0,0,15,37,38,michaelmallari
k:lee-johnson,,Lee Johnson,K,1988,CIN/CLE,Cincinnati Bengals / Cleveland Browns,15,1,2,0,0,0,1,0,0,michaelmallari
k:luis-zendejas,,Luis Zendejas,K,1988,DAL/PHI,Dallas Cowboys / Philadelphia Eagles,14,20,27,0,0,0,20,35,36,michaelmallari
k:matt-bahr,,Matt Bahr,K,1988,CLE,Cleveland Browns,16,24,29,0,0,0,24,32,33,michaelmallari
k:max-zendejas,,Max Zendejas,K,1988,GNB,Green Bay Packers,8,9,16,0,0,0,9,17,19,michaelmallari
k:mike-cofer,,Mike Cofer,K,1988,SFO,San Francisco 49ers,16,27,38,0,0,0,27,40,41,michaelmallari
k:mike-lansford,,Mike Lansford,K,1988,RAM,Los Angeles Rams,16,24,32,0,0,0,24,45,48,michaelmallari
k:morten-andersen,andermor01,Morten Andersen,K,1988,NOR,New Orleans Saints,16,26,36,0,0,0,26,32,33,michaelmallari
k:nick-lowery,,Nick Lowery,K,1988,KAN,Kansas City Chiefs,16,27,32,0,0,0,27,23,23,michaelmallari
k:norm-johnson,johnsnor01,Norm Johnson,K,1988,SEA,Seattle Seahawks,16,22,28,0,0,0,22,39,39,michaelmallari
k:pat-leahy,,Pat Leahy,K,1988,NYJ,New York Jets,16,23,28,0,0,0,23,43,43,michaelmallari
k:paul-mcfadden,,Paul McFadden,K,1988,NYG,New York Giants,10,14,19,0,0,0,14,25,27,michaelmallari
k:raul-allegre,,Raul Allegre,K,1988,NYG,New York Giants,6,10,11,0,0,0,10,14,14,michaelmallari
k:ray-criswell,,Ray Criswell,K,1988,TAM,Tampa Bay Buccaneers,16,0,0,0,0,0,0,1,1,michaelmallari
k:rich-karlis,,Rich Karlis,K,1988,DEN,Denver Broncos,16,23,36,0,0,0,23,36,37,michaelmallari
k:roger-ruzek,,Roger Ruzek,K,1988,DAL,Dallas Cowboys,14,12,22,0,0,0,12,27,27,michaelmallari
k:scott-norwood,,Scott Norwood,K,1988,BUF,Buffalo Bills,16,32,37,0,0,0,32,33,33,michaelmallari
k:steve-deline,,Steve DeLine,K,1988,SDG,San Diego Chargers,5,6,8,0,0,0,6,12,12,michaelmallari
k:teddy-garcia,,Teddy Garcia,K,1988,NWE,New England Patriots,16,6,13,0,0,0,6,11,16,michaelmallari
k:tony-franklin,,Tony Franklin,K,1988,MIA,Miami Dolphins,5,4,11,0,0,0,4,6,7,michaelmallari
k:tony-zendejas,,Tony Zendejas,K,1988,HOU,Houston Oilers,16,22,34,0,0,0,22,48,50,michaelmallari
k:vince-abbott,,Vince Abbott,K,1988,SDG,San Diego Chargers,11,8,12,0,0,0,8,15,15,michaelmallari
k:al-del-greco,delgralx01,Al Del Greco,K,1989,PHO,Phoenix Cardinals,16,18,26,0,0,0,18,28,29,michaelmallari
k:bjorn-nittmo,,Bjorn Nittmo,K,1989,NYG,New York Giants,6,9,12,0,0,0,9,12,13,michaelmallari
k:chip-lohmiller,,Chip Lohmiller,K,1989,WAS,Washington Redskins,16,29,40,0,0,0,29,41,41,michaelmallari
k:chris-bahr,,Chris Bahr,K,1989,SDG,San Diego Chargers,16,17,25,0,0,0,17,29,30,michaelmallari
k:chris-jacke,jackechr01,Chris Jacke,K,1989,GNB,Green Bay Packers,16,22,28,0,0,0,22,42,42,michaelmallari
k:chris-miller,,Chris Miller,K,1989,ATL,Atlanta Falcons,15,1,1,0,0,0,1,0,0,michaelmallari
k:chris-mohr,,Chris Mohr,K,1989,TAM,Tampa Bay Buccaneers,16,0,0,0,0,0,0,1,1,michaelmallari
k:david-treadwell,,David Treadwell,K,1989,DEN,Denver Broncos,16,27,33,0,0,0,27,39,40,michaelmallari
k:dean-biasucci,,Dean Biasucci,K,1989,IND,Indianapolis Colts,16,21,27,0,0,0,21,31,32,michaelmallari
k:donald-igwebuike,,Donald Igwebuike,K,1989,TAM,Tampa Bay Buccaneers,16,22,28,0,0,0,22,33,35,michaelmallari
k:eddie-murray,murraedd01,Eddie Murray,K,1989,DET,Detroit Lions,16,20,21,0,0,0,20,36,36,michaelmallari
k:gary-anderson,andergar02,Gary Anderson,K,1989,PIT,Pittsburgh Steelers,16,21,30,0,0,0,21,28,28,michaelmallari
k:greg-davis,,Greg Davis,K,1989,ATL/NWE,Atlanta Falcons / New England Patriots,15,23,34,0,0,0,23,25,28,michaelmallari
k:jason-staurovsky,,Jason Staurovsky,K,1989,NWE,New England Patriots,7,14,17,0,0,0,14,14,14,michaelmallari
k:jeff-jaeger,jaegejef01,Jeff Jaeger,K,1989,RAI,Los Angeles Raiders,16,23,34,0,0,0,23,34,34,michaelmallari
k:jim-breech,,Jim Breech,K,1989,CIN,Cincinnati Bengals,12,12,14,0,0,0,12,37,38,michaelmallari
k:jim-gallery,,Jim Gallery,K,1989,CIN,Cincinnati Bengals,4,2,6,0,0,0,2,13,13,michaelmallari
k:kevin-butler,,Kevin Butler,K,1989,CHI,Chicago Bears,16,15,19,0,0,0,15,43,45,michaelmallari
k:lee-johnson,,Lee Johnson,K,1989,CIN,Cincinnati Bengals,16,0,0,0,0,0,0,0,1,josephvm
k:luis-zendejas,,Luis Zendejas,K,1989,DAL/PHI,Dallas Cowboys / Philadelphia Eagles,15,14,24,0,0,0,14,33,33,michaelmallari
k:matt-bahr,,Matt Bahr,K,1989,CLE,Cleveland Browns,16,16,24,0,0,0,16,40,40,michaelmallari
k:mike-cofer,,Mike Cofer,K,1989,SFO,San Francisco 49ers,16,29,36,0,0,0,29,49,51,michaelmallari
k:mike-lansford,,Mike Lansford,K,1989,RAM,Los Angeles Rams,16,23,30,0,0,0,23,51,51,michaelmallari
k:morten-andersen,andermor01,Morten Andersen,K,1989,NOR,New Orleans Saints,16,20,29,0,0,0,20,44,45,michaelmallari
k:nick-lowery,,Nick Lowery,K,1989,KAN,Kansas City Chiefs,16,24,33,0,0,0,24,34,35,michaelmallari
k:norm-johnson,johnsnor01,Norm Johnson,K,1989,SEA,Seattle Seahawks,16,15,25,0,0,0,15,27,27,michaelmallari
k:pat-leahy,,Pat Leahy,K,1989,NYJ,New York Jets,16,14,21,0,0,0,14,29,30,michaelmallari
k:paul-mcfadden,,Paul McFadden,K,1989,ATL,Atlanta Falcons,9,15,20,0,0,0,15,18,18,michaelmallari
k:pete-stoyanovich,stoyapet01,Pete Stoyanovich,K,1989,MIA,Miami Dolphins,16,19,26,0,0,0,19,38,39,michaelmallari
k:raul-allegre,,Raul Allegre,K,1989,NYG,New York Giants,10,20,26,0,0,0,20,23,24,michaelmallari
k:rich-karlis,,Rich Karlis,K,1989,MIN,Minnesota Vikings,13,31,39,0,0,0,31,27,28,michaelmallari
k:roger-ruzek,,Roger Ruzek,K,1989,DAL/PHI,Dallas Cowboys / Philadelphia Eagles,14,13,22,0,0,0,13,28,29,michaelmallari
k:scott-norwood,,Scott Norwood,K,1989,BUF,Buffalo Bills,16,23,30,0,0,0,23,46,47,michaelmallari
k:steve-deline,,Steve DeLine,K,1989,PHI,Philadelphia Eagles,3,3,7,0,0,0,3,3,3,michaelmallari
k:teddy-garcia,,Teddy Garcia,K,1989,MIN,Minnesota Vikings,3,1,5,0,0,0,1,8,8,michaelmallari
k:tony-zendejas,,Tony Zendejas,K,1989,HOU,Houston Oilers,16,25,37,0,0,0,25,40,40,michaelmallari
k:al-del-greco,delgralx01,Al Del Greco,K,1990,PHO,Phoenix Cardinals,16,17,27,0,0,0,17,31,31,michaelmallari
k:chip-lohmiller,,Chip Lohmiller,K,1990,WAS,Washington Redskins,16,30,40,0,0,0,30,41,41,michaelmallari
k:chris-jacke,jackechr01,Chris Jacke,K,1990,GNB,Green Bay Packers,16,23,30,0,0,0,23,28,29,michaelmallari
k:david-treadwell,,David Treadwell,K,1990,DEN,Denver Broncos,16,25,34,0,0,0,25,34,36,michaelmallari
k:dean-biasucci,,Dean Biasucci,K,1990,IND,Indianapolis Colts,16,17,24,0,0,0,17,32,33,michaelmallari
k:donald-igwebuike,,Donald Igwebuike,K,1990,MIN,Minnesota Vikings,8,14,16,0,0,0,14,19,19,michaelmallari
k:eddie-murray,murraedd01,Eddie Murray,K,1990,DET,Detroit Lions,11,13,19,0,0,0,13,34,34,michaelmallari
k:fuad-reveiz,,Fuad Reveiz,K,1990,MIN/SDG,Minnesota Vikings / San Diego Chargers,13,13,19,0,0,0,13,26,27,michaelmallari
k:gary-anderson,andergar02,Gary Anderson,K,1990,PIT,Pittsburgh Steelers,16,20,25,0,0,0,20,32,32,michaelmallari
k:greg-davis,,Greg Davis,K,1990,ATL,Atlanta Falcons,16,22,33,0,0,0,22,40,40,michaelmallari
k:jason-staurovsky,,Jason Staurovsky,K,1990,NWE,New England Patriots,16,16,22,0,0,0,16,19,19,michaelmallari
k:jeff-jaeger,jaegejef01,Jeff Jaeger,K,1990,RAI,Los Angeles Raiders,16,15,20,0,0,0,15,40,42,michaelmallari
k:jerry-kauric,,Jerry Kauric,K,1990,CLE,Cleveland Browns,14,14,20,0,0,0,14,24,27,michaelmallari
k:jim-breech,,Jim Breech,K,1990,CIN,Cincinnati Bengals,16,17,21,0,0,0,17,41,44,michaelmallari
k:john-carney,carnejoh01,John Carney,K,1990,RAM/SDG,Los Angeles Rams / San Diego Chargers,13,19,21,0,0,0,19,27,28,michaelmallari
k:ken-willis,,Ken Willis,K,1990,DAL,Dallas Cowboys,16,18,25,0,0,0,18,26,26,michaelmallari
k:kevin-butler,,Kevin Butler,K,1990,CHI,Chicago Bears,16,26,37,0,0,0,26,36,37,michaelmallari
k:lee-johnson,,Lee Johnson,K,1990,CIN,Cincinnati Bengals,16,0,1,0,0,0,0,0,0,josephvm
k:matt-bahr,,Matt Bahr,K,1990,NYG,New York Giants,13,17,23,0,0,0,17,29,30,michaelmallari
k:mike-cofer,,Mike Cofer,K,1990,SFO,San Francisco 49ers,16,24,36,0,0,0,24,39,39,michaelmallari
k:mike-lansford,,Mike Lansford,K,1990,RAM,Los Angeles Rams,16,15,24,0,0,0,15,42,43,michaelmallari
k:morten-andersen,andermor01,Morten Andersen,K,1990,NOR,New Orleans Saints,16,21,27,0,0,0,21,29,29,michaelmallari
k:nick-lowery,,Nick Lowery,K,1990,KAN,Kansas City Chiefs,16,34,37,0,0,0,34,37,38,michaelmallari
k:norm-johnson,johnsnor01,Norm Johnson,K,1990,SEA,Seattle Seahawks,16,23,32,0,0,0,23,33,34,michaelmallari
k:pat-leahy,,Pat Leahy,K,1990,NYJ,New York Jets,16,23,26,0,0,0,23,32,32,michaelmallari
k:pete-stoyanovich,stoyapet01,Pete Stoyanovich,K,1990,MIA,Miami Dolphins,16,21,25,0,0,0,21,37,37,michaelmallari
k:raul-allegre,,Raul Allegre,K,1990,NYG,New York Giants,3,4,5,0,0,0,4,9,9,michaelmallari
k:rich-karlis,,Rich Karlis,K,1990,DET,Detroit Lions,6,4,7,0,0,0,4,12,12,michaelmallari
k:roger-ruzek,,Roger Ruzek,K,1990,PHI,Philadelphia Eagles,16,21,29,0,0,0,21,45,48,michaelmallari
k:scott-norwood,,Scott Norwood,K,1990,BUF,Buffalo Bills,16,20,29,0,0,0,20,50,52,michaelmallari
k:steve-christie,chrisste01,Steve Christie,K,1990,TAM,Tampa Bay Buccaneers,16,23,27,0,0,0,23,27,27,michaelmallari
k:teddy-garcia,,Teddy Garcia,K,1990,HOU,Houston Oilers,9,14,20,0,0,0,14,26,28,michaelmallari
k:tony-zendejas,,Tony Zendejas,K,1990,HOU,Houston Oilers,7,7,12,0,0,0,7,20,21,michaelmallari
k:al-del-greco,delgralx01,Al Del Greco,K,1991,HOU,Houston Oilers,7,10,13,7,2,1,0,16,16,michaelmallari+josephvm
k:brad-daluiso,daluibra01,Brad Daluiso,K,1991,ATL/BUF,Atlanta Falcons / Buffalo Bills,16,2,3,2,0,0,0,2,2,michaelmallari+kendallgillies
k:charlie-baumann,,Charlie Baumann,K,1991,MIA/NWE,Miami Dolphins / New England Patriots,9,9,12,4,5,0,0,15,16,michaelmallari+josephvm+kendallgillies
k:chip-lohmiller,,Chip Lohmiller,K,1991,WAS,Washington Redskins,16,31,43,19,10,2,0,56,56,michaelmallari+josephvm
k:chris-jacke,jackechr01,Chris Jacke,K,1991,GNB,Green Bay Packers,16,18,24,13,4,1,0,31,31,michaelmallari+josephvm
k:david-treadwell,,David Treadwell,K,1991,DEN,Denver Broncos,16,27,36,24,3,0,0,31,32,michaelmallari+josephvm
k:dean-biasucci,,Dean Biasucci,K,1991,IND,Indianapolis Colts,16,15,26,9,5,1,0,14,14,michaelmallari+josephvm
k:eddie-murray,murraedd01,Eddie Murray,K,1991,DET,Detroit Lions,16,19,28,12,5,2,0,40,40,michaelmallari+josephvm
k:fuad-reveiz,,Fuad Reveiz,K,1991,MIN,Minnesota Vikings,16,17,24,12,3,2,0,34,35,michaelmallari+josephvm
k:gary-anderson,andergar02,Gary Anderson,K,1991,PIT,Pittsburgh Steelers,16,23,33,17,5,1,0,31,31,michaelmallari+josephvm
k:greg-davis,,Greg Davis,K,1991,PHO,Phoenix Cardinals,16,21,30,13,5,3,0,19,19,michaelmallari+josephvm
k:ian-howfield,,Ian Howfield,K,1991,HOU,Houston Oilers,9,13,18,12,1,0,0,25,29,michaelmallari+josephvm
k:jason-staurovsky,,Jason Staurovsky,K,1991,NWE,New England Patriots,9,13,19,12,1,0,0,10,11,michaelmallari+josephvm
k:jeff-jaeger,jaegejef01,Jeff Jaeger,K,1991,RAI,Los Angeles Raiders,16,29,34,20,7,2,0,29,30,michaelmallari+josephvm
k:jim-breech,,Jim Breech,K,1991,CIN,Cincinnati Bengals,16,23,29,17,5,1,0,27,27,michaelmallari+josephvm
k:john-carney,carnejoh01,John Carney,K,1991,SDG,San Diego Chargers,16,19,29,13,4,2,0,31,31,michaelmallari+josephvm
k:john-kasay,kasayjoh01,John Kasay,K,1991,SEA,Seattle Seahawks,16,25,31,17,6,2,0,27,28,michaelmallari+josephvm
k:ken-willis,,Ken Willis,K,1991,DAL,Dallas Cowboys,16,27,39,17,6,4,0,37,37,michaelmallari+josephvm
k:kevin-butler,,Kevin Butler,K,1991,CHI,Chicago Bears,16,19,29,13,5,1,0,32,34,michaelmallari+josephvm
k:lee-johnson,,Lee Johnson,K,1991,CIN,Cincinnati Bengals,16,1,3,0,0,1,0,0,0,michaelmallari+josephvm
k:louie-aguiar,,Louie Aguiar,K,1991,NYJ,New York Jets,16,1,2,1,0,0,0,0,0,michaelmallari+josephvm
k:matt-bahr,,Matt Bahr,K,1991,NYG,New York Giants,13,22,29,12,9,1,0,24,25,michaelmallari+josephvm
k:matt-stover,stovemat01,Matt Stover,K,1991,CLE,Cleveland Browns,16,16,22,11,3,2,0,33,34,michaelmallari+josephvm
k:mike-cofer,,Mike Cofer,K,1991,SFO,San Francisco 49ers,16,14,28,8,4,2,0,49,50,michaelmallari+josephvm
k:morten-andersen,andermor01,Morten Andersen,K,1991,NOR,New Orleans Saints,16,25,32,17,6,2,0,38,38,michaelmallari+josephvm
k:nick-lowery,,Nick Lowery,K,1991,KAN,Kansas City Chiefs,16,25,30,21,4,0,0,35,35,michaelmallari+josephvm
k:norm-johnson,johnsnor01,Norm Johnson,K,1991,ATL,Atlanta Falcons,14,19,23,13,5,1,0,38,39,michaelmallari+josephvm
k:pat-leahy,,Pat Leahy,K,1991,NYJ,New York Jets,15,26,37,25,1,0,0,30,30,michaelmallari+josephvm
k:pete-stoyanovich,stoyapet01,Pete Stoyanovich,K,1991,MIA,Miami Dolphins,14,31,37,21,7,3,0,28,29,michaelmallari+josephvm
k:raul-allegre,,Raul Allegre,K,1991,NYG/NYJ,New York Giants / New York Jets,4,5,6,4,1,0,0,7,7,michaelmallari+josephvm+kendallgillies
k:roger-ruzek,,Roger Ruzek,K,1991,PHI,Philadelphia Eagles,16,28,33,19,8,1,0,27,29,michaelmallari+josephvm
k:scott-norwood,,Scott Norwood,K,1991,BUF,Buffalo Bills,16,18,29,11,5,2,0,56,58,michaelmallari+josephvm
k:steve-christie,chrisste01,Steve Christie,K,1991,TAM,Tampa Bay Buccaneers,16,15,20,12,3,0,0,22,22,michaelmallari+josephvm
k:tony-zendejas,,Tony Zendejas,K,1991,RAM,Los Angeles Rams,16,17,17,12,3,2,0,25,26,michaelmallari+josephvm
k:al-del-greco,delgralx01,Al Del Greco,K,1992,HOU,Houston Oilers,16,21,27,16,4,1,0,41,41,michaelmallari+josephvm
k:brad-daluiso,daluibra01,Brad Daluiso,K,1992,DEN,Denver Broncos,16,0,1,0,0,0,0,0,0,josephvm
k:cary-blanchard,blanccar01,Cary Blanchard,K,1992,NYJ,New York Jets,11,16,22,9,7,0,0,17,17,michaelmallari+josephvm
k:charlie-baumann,,Charlie Baumann,K,1992,NWE,New England Patriots,16,11,17,9,2,0,0,22,24,michaelmallari+josephvm
k:chip-lohmiller,,Chip Lohmiller,K,1992,WAS,Washington Redskins,16,30,40,20,8,2,0,30,30,michaelmallari+josephvm
k:chris-jacke,jackechr01,Chris Jacke,K,1992,GNB,Green Bay Packers,16,22,29,14,6,2,0,30,30,michaelmallari+josephvm
k:david-treadwell,,David Treadwell,K,1992,DEN,Denver Broncos,16,20,24,16,4,0,0,28,28,michaelmallari+josephvm
k:dean-biasucci,,Dean Biasucci,K,1992,IND,Indianapolis Colts,16,16,29,9,6,1,0,24,24,michaelmallari+josephvm
k:eddie-murray,murraedd01,Eddie Murray,K,1992,KAN/TAM,Kansas City Chiefs / Tampa Bay Buccaneers,8,5,9,2,2,1,0,13,13,michaelmallari+josephvm+manual
k:fuad-reveiz,,Fuad Reveiz,K,1992,MIN,Minnesota Vikings,16,19,25,11,5,3,0,45,45,michaelmallari+josephvm
k:gary-anderson,andergar02,Gary Anderson,K,1992,PIT,Pittsburgh Steelers,16,28,36,24,4,0,0,29,31,michaelmallari+josephvm
k:greg-davis,,Greg Davis,K,1992,PHO,Phoenix Cardinals,16,13,26,9,4,0,0,28,28,michaelmallari+josephvm
k:jason-hanson,hansojas01,Jason Hanson,K,1992,DET,Detroit Lions,16,21,26,15,4,2,0,30,30,michaelmallari+josephvm
k:jason-staurovsky,,Jason Staurovsky,K,1992,NYJ,New York Jets,4,3,8,2,1,0,0,6,6,michaelmallari+josephvm
k:jeff-jaeger,jaegejef01,Jeff Jaeger,K,1992,RAI,Los Angeles Raiders,16,15,26,7,5,3,0,28,28,michaelmallari+josephvm
k:jim-breech,,Jim Breech,K,1992,CIN,Cincinnati Bengals,16,19,27,15,4,0,0,31,31,michaelmallari+josephvm
k:john-carney,carnejoh01,John Carney,K,1992,SDG,San Diego Chargers,16,26,32,18,7,1,0,35,35,michaelmallari+josephvm
k:john-kasay,kasayjoh01,John Kasay,K,1992,SEA,Seattle Seahawks,16,14,22,12,2,0,0,14,14,michaelmallari+josephvm
k:ken-willis,,Ken Willis,K,1992,NYG/TAM,New York Giants / Tampa Bay Buccaneers,15,10,16,5,5,0,0,27,27,michaelmallari+josephvm+manual
k:kevin-butler,,Kevin Butler,K,1992,CHI,Chicago Bears,16,19,26,18,0,1,0,34,34,michaelmallari+josephvm
k:lee-johnson,,Lee Johnson,K,1992,CIN,Cincinnati Bengals,16,0,1,0,0,0,0,0,0,josephvm
k:lin-elliott,,Lin Elliott,K,1992,DAL,Dallas Cowboys,16,24,35,16,5,3,0,47,48,michaelmallari+josephvm
k:matt-bahr,,Matt Bahr,K,1992,NYG,New York Giants,12,16,21,13,3,0,0,29,29,michaelmallari+josephvm
k:matt-stover,stovemat01,Matt Stover,K,1992,CLE,Cleveland Browns,16,21,29,18,2,1,0,29,30,michaelmallari+josephvm
k:mike-cofer,,Mike Cofer,K,1992,SFO,San Francisco 49ers,16,18,27,12,6,0,0,53,54,michaelmallari+josephvm
k:morten-andersen,andermor01,Morten Andersen,K,1992,NOR,New Orleans Saints,16,29,34,18,8,3,0,33,34,michaelmallari+josephvm
k:nick-lowery,,Nick Lowery,K,1992,KAN,Kansas City Chiefs,15,22,24,18,3,1,0,39,39,michaelmallari+josephvm
k:norm-johnson,johnsnor01,Norm Johnson,K,1992,ATL,Atlanta Falcons,16,18,22,10,4,4,0,39,39,michaelmallari+josephvm
k:pete-stoyanovich,stoyapet01,Pete Stoyanovich,K,1992,MIA,Miami Dolphins,16,30,37,23,4,3,0,34,36,michaelmallari+josephvm
k:rich-camarillo,,Rich Camarillo,K,1992,PHO,Phoenix Cardinals,15,0,0,0,0,0,0,0,1,josephvm
k:roger-ruzek,,Roger Ruzek,K,1992,PHI,Philadelphia Eagles,16,16,25,9,6,1,0,40,44,michaelmallari+josephvm
k:steve-christie,chrisste01,Steve Christie,K,1992,BUF,Buffalo Bills,16,24,30,14,7,3,0,43,44,michaelmallari+josephvm
k:tony-zendejas,,Tony Zendejas,K,1992,RAM,Los Angeles Rams,16,15,20,12,3,0,0,38,38,michaelmallari+josephvm
k:al-del-greco,delgralx01,Al Del Greco,K,1993,HOU,Houston Oilers,16,29,34,21,4,4,0,39,40,michaelmallari+josephvm
k:brad-daluiso,daluibra01,Brad Daluiso,K,1993,NYG,New York Giants,15,1,3,0,0,1,0,0,0,michaelmallari+josephvm
k:cary-blanchard,blanccar01,Cary Blanchard,K,1993,NYJ,New York Jets,16,17,26,12,5,0,0,31,31,michaelmallari+josephvm
k:chip-lohmiller,,Chip Lohmiller,K,1993,WAS,Washington Redskins,16,16,28,14,1,1,0,24,26,michaelmallari+josephvm
k:chris-jacke,jackechr01,Chris Jacke,K,1993,GNB,Green Bay Packers,16,31,37,19,6,6,0,35,35,michaelmallari+josephvm
k:david-treadwell,,David Treadwell,K,1993,NYG,New York Giants,16,25,31,21,4,0,0,28,29,michaelmallari+josephvm
k:dean-biasucci,,Dean Biasucci,K,1993,IND,Indianapolis Colts,16,26,31,22,3,1,0,15,16,michaelmallari+josephvm
k:doug-pelfrey,pelfrdou01,Doug Pelfrey,K,1993,CIN,Cincinnati Bengals,15,24,31,14,8,2,0,13,16,michaelmallari+josephvm
k:eddie-murray,murraedd01,Eddie Murray,K,1993,DAL,Dallas Cowboys,14,28,33,17,8,3,0,38,38,michaelmallari+josephvm
k:fuad-reveiz,,Fuad Reveiz,K,1993,MIN,Minnesota Vikings,16,26,35,22,3,1,0,27,28,michaelmallari+josephvm
k:gary-anderson,andergar02,Gary Anderson,K,1993,PIT,Pittsburgh Steelers,16,28,30,23,5,0,0,32,32,michaelmallari+josephvm
k:greg-davis,,Greg Davis,K,1993,PHO,Phoenix Cardinals,16,21,28,13,4,4,0,37,37,michaelmallari+josephvm
k:jason-elam,elamxjas01,Jason Elam,K,1993,DEN,Denver Broncos,16,26,35,18,4,4,0,41,42,michaelmallari+josephvm
k:jason-hanson,hansojas01,Jason Hanson,K,1993,DET,Detroit Lions,16,34,43,24,7,3,0,28,28,michaelmallari+josephvm
k:jeff-jaeger,jaegejef01,Jeff Jaeger,K,1993,RAI,Los Angeles Raiders,16,35,44,25,6,4,0,27,29,michaelmallari+josephvm
k:john-carney,carnejoh01,John Carney,K,1993,SDG,San Diego Chargers,16,31,40,22,7,2,0,31,33,michaelmallari+josephvm
k:john-kasay,kasayjoh01,John Kasay,K,1993,SEA,Seattle Seahawks,16,23,28,16,4,3,0,29,29,michaelmallari+josephvm
k:kevin-butler,,Kevin Butler,K,1993,CHI,Chicago Bears,16,27,36,19,3,5,0,21,22,michaelmallari+josephvm
k:lin-elliott,,Lin Elliott,K,1993,DAL,Dallas Cowboys,2,2,4,1,1,0,0,2,3,michaelmallari+kendallgillies
k:matt-bahr,,Matt Bahr,K,1993,NWE/PHI,New England Patriots / Philadelphia Eagles,14,13,18,11,2,0,0,28,29,michaelmallari+josephvm+kendallgillies
k:matt-stover,stovemat01,Matt Stover,K,1993,CLE,Cleveland Browns,16,16,22,9,6,1,0,36,36,michaelmallari+josephvm
k:michael-husted,hustemic01,Michael Husted,K,1993,TAM,Tampa Bay Buccaneers,16,16,22,10,3,3,0,27,27,michaelmallari+josephvm
k:mike-cofer,,Mike Cofer,K,1993,SFO,San Francisco 49ers,16,16,26,12,4,0,0,59,61,michaelmallari+josephvm
k:morten-andersen,andermor01,Morten Andersen,K,1993,NOR,New Orleans Saints,16,28,35,16,11,1,0,33,33,michaelmallari+josephvm
k:nick-lowery,,Nick Lowery,K,1993,KAN,Kansas City Chiefs,16,23,29,15,7,1,0,37,37,michaelmallari+josephvm
k:norm-johnson,johnsnor01,Norm Johnson,K,1993,ATL,Atlanta Falcons,15,26,27,17,7,2,0,34,34,michaelmallari+josephvm
k:pete-stoyanovich,stoyapet01,Pete Stoyanovich,K,1993,MIA,Miami Dolphins,16,24,32,18,4,2,0,37,37,michaelmallari+josephvm
k:roger-ruzek,,Roger Ruzek,K,1993,PHI,Philadelphia Eagles,5,8,10,7,1,0,0,13,16,michaelmallari+josephvm
k:scott-sisson,,Scott Sisson,K,1993,NWE,New England Patriots,13,14,26,12,2,0,0,15,15,michaelmallari+josephvm
k:steve-christie,chrisste01,Steve Christie,K,1993,BUF,Buffalo Bills,16,23,32,16,6,1,0,36,37,michaelmallari+josephvm
k:tony-zendejas,,Tony Zendejas,K,1993,RAM,Los Angeles Rams,16,16,23,10,0,6,0,23,25,michaelmallari+josephvm
k:al-del-greco,delgralx01,Al Del Greco,K,1994,HOU,Houston Oilers,16,16,20,8,7,1,0,18,18,michaelmallari+josephvm
k:brad-daluiso,daluibra01,Brad Daluiso,K,1994,NYG,New York Giants,16,11,11,8,2,1,0,5,5,michaelmallari+josephvm
k:chip-lohmiller,,Chip Lohmiller,K,1994,WAS,Washington Redskins,16,20,28,14,5,1,0,30,32,michaelmallari+josephvm
k:chris-boniol,boniochr01,Chris Boniol,K,1994,DAL,Dallas Cowboys,16,22,29,16,6,0,0,48,48,michaelmallari+josephvm
k:chris-jacke,jackechr01,Chris Jacke,K,1994,GNB,Green Bay Packers,16,19,26,16,2,1,0,41,43,michaelmallari+josephvm
k:david-treadwell,,David Treadwell,K,1994,NYG,New York Giants,13,11,17,10,1,0,0,22,23,michaelmallari+josephvm
k:dean-biasucci,,Dean Biasucci,K,1994,IND,Indianapolis Colts,16,16,24,9,5,2,0,37,37,michaelmallari+josephvm
k:doug-brien,briendou01,Doug Brien,K,1994,SFO,San Francisco 49ers,16,15,20,10,5,0,0,60,62,michaelmallari+josephvm
k:doug-pelfrey,pelfrdou01,Doug Pelfrey,K,1994,CIN,Cincinnati Bengals,16,28,33,17,9,2,0,24,25,michaelmallari+josephvm
k:eddie-murray,murraedd01,Eddie Murray,K,1994,PHI,Philadelphia Eagles,16,21,25,19,2,0,0,33,33,michaelmallari+josephvm
k:fuad-reveiz,,Fuad Reveiz,K,1994,MIN,Minnesota Vikings,16,34,39,25,8,1,0,30,30,michaelmallari+josephvm
k:gary-anderson,andergar02,Gary Anderson,K,1994,PIT,Pittsburgh Steelers,16,24,29,16,7,1,0,32,32,michaelmallari+josephvm
k:greg-davis,,Greg Davis,K,1994,ARI,Arizona Cardinals,14,20,26,13,6,1,0,17,17,michaelmallari+josephvm
k:jason-elam,elamxjas01,Jason Elam,K,1994,DEN,Denver Broncos,16,30,37,22,7,1,0,29,29,michaelmallari+josephvm
k:jason-hanson,hansojas01,Jason Hanson,K,1994,DET,Detroit Lions,16,18,27,13,5,0,0,39,40,michaelmallari+josephvm
k:jeff-jaeger,jaegejef01,Jeff Jaeger,K,1994,RAI,Los Angeles Raiders,16,22,28,12,8,2,0,31,31,michaelmallari+josephvm
k:john-carney,carnejoh01,John Carney,K,1994,SDG,San Diego Chargers,16,34,38,27,5,2,0,33,33,michaelmallari+josephvm
k:john-kasay,kasayjoh01,John Kasay,K,1994,SEA,Seattle Seahawks,16,20,24,13,6,1,0,25,26,michaelmallari+josephvm
k:kevin-butler,,Kevin Butler,K,1994,CHI,Chicago Bears,15,21,29,14,5,2,0,24,24,michaelmallari+josephvm
k:lin-elliott,,Lin Elliott,K,1994,KAN,Kansas City Chiefs,16,25,30,22,3,0,0,30,30,michaelmallari+josephvm
k:matt-bahr,,Matt Bahr,K,1994,NWE,New England Patriots,16,27,34,23,4,0,0,36,36,michaelmallari+josephvm
k:matt-stover,stovemat01,Matt Stover,K,1994,CLE,Cleveland Browns,16,26,28,18,8,0,0,32,32,michaelmallari+josephvm
k:michael-husted,hustemic01,Michael Husted,K,1994,TAM,Tampa Bay Buccaneers,16,23,35,18,4,1,0,20,20,michaelmallari+josephvm
k:morten-andersen,andermor01,Morten Andersen,K,1994,NOR,New Orleans Saints,16,28,39,20,8,0,0,32,32,michaelmallari+josephvm
k:nick-lowery,,Nick Lowery,K,1994,NYJ,New York Jets,16,20,23,14,6,0,0,26,27,michaelmallari+josephvm
k:norm-johnson,johnsnor01,Norm Johnson,K,1994,ATL,Atlanta Falcons,16,21,25,16,4,1,0,32,32,michaelmallari+josephvm
k:pat-oneill,,Pat O'Neill,K,1994,NWE,New England Patriots,16,0,1,0,0,0,0,0,0,josephvm
k:pete-stoyanovich,stoyapet01,Pete Stoyanovich,K,1994,MIA,Miami Dolphins,16,24,31,15,8,1,0,35,35,michaelmallari+josephvm
k:steve-christie,chrisste01,Steve Christie,K,1994,BUF,Buffalo Bills,16,24,28,17,5,2,0,38,38,michaelmallari+josephvm
k:todd-peterson,petertod01,Todd Peterson,K,1994,ARI,Arizona Cardinals,2,2,4,2,0,0,0,4,4,michaelmallari+josephvm
k:tony-zendejas,,Tony Zendejas,K,1994,RAM,Los Angeles Rams,16,18,23,17,1,0,0,28,28,michaelmallari+josephvm
k:al-del-greco,delgralx01,Al Del Greco,K,1995,HOU,Houston Oilers,16,27,31,14,10,3,0,33,33,michaelmallari+josephvm
k:brad-daluiso,daluibra01,Brad Daluiso,K,1995,NYG,New York Giants,16,20,28,16,2,2,0,28,28,michaelmallari+josephvm
k:cary-blanchard,blanccar01,Cary Blanchard,K,1995,IND,Indianapolis Colts,12,19,24,11,7,1,0,25,25,michaelmallari+josephvm
k:chip-lohmiller,,Chip Lohmiller,K,1995,NOR,New Orleans Saints,8,8,14,7,0,1,0,11,13,michaelmallari+josephvm
k:chris-boniol,boniochr01,Chris Boniol,K,1995,DAL,Dallas Cowboys,16,27,28,24,3,0,0,46,48,michaelmallari+josephvm
k:chris-jacke,jackechr01,Chris Jacke,K,1995,GNB,Green Bay Packers,14,17,23,6,8,3,0,43,43,michaelmallari+josephvm
k:cole-ford,,Cole Ford,K,1995,OAK,Oakland Raiders,5,8,9,7,1,0,0,17,18,michaelmallari+josephvm
k:craig-hentrich,,Craig Hentrich,K,1995,GNB,Green Bay Packers,16,3,5,2,1,0,0,5,5,michaelmallari+josephvm
k:dean-biasucci,,Dean Biasucci,K,1995,STL,St. Louis Rams,8,9,12,7,1,1,0,13,14,michaelmallari+josephvm
k:doug-brien,briendou01,Doug Brien,K,1995,NOR/SFO,New Orleans Saints / San Francisco 49ers,14,19,29,12,6,1,0,35,35,michaelmallari+josephvm+manual
k:doug-pelfrey,pelfrdou01,Doug Pelfrey,K,1995,CIN,Cincinnati Bengals,16,29,36,18,10,1,0,34,34,michaelmallari+josephvm
k:eddie-murray,murraedd01,Eddie Murray,K,1995,WAS,Washington Redskins,16,27,36,20,6,1,0,33,33,michaelmallari+josephvm
k:fuad-reveiz,,Fuad Reveiz,K,1995,MIN,Minnesota Vikings,16,26,36,16,9,1,0,44,44,michaelmallari+josephvm
k:gary-anderson,andergar02,Gary Anderson,K,1995,PHI,Philadelphia Eagles,16,22,30,14,8,0,0,32,33,michaelmallari+josephvm
k:greg-davis,,Greg Davis,K,1995,ARI,Arizona Cardinals,16,30,39,23,6,1,0,19,19,michaelmallari+josephvm
k:jason-elam,elamxjas01,Jason Elam,K,1995,DEN,Denver Broncos,16,31,38,21,5,5,0,39,39,michaelmallari+josephvm
k:jason-hanson,hansojas01,Jason Hanson,K,1995,DET,Detroit Lions,16,28,34,22,5,1,0,48,48,michaelmallari+josephvm
k:jeff-jaeger,jaegejef01,Jeff Jaeger,K,1995,OAK,Oakland Raiders,11,13,18,10,3,0,0,22,22,michaelmallari+josephvm
k:jeff-wilkins,wilkijef01,Jeff Wilkins,K,1995,SFO,San Francisco 49ers,7,12,13,11,1,0,0,27,29,michaelmallari+josephvm
k:john-carney,carnejoh01,John Carney,K,1995,SDG,San Diego Chargers,16,21,26,18,3,0,0,32,33,michaelmallari+josephvm
k:john-kasay,kasayjoh01,John Kasay,K,1995,CAR,Carolina Panthers,16,26,33,16,9,1,0,27,28,michaelmallari+josephvm
k:kevin-butler,,Kevin Butler,K,1995,CHI,Chicago Bears,16,23,31,21,2,0,0,45,45,michaelmallari+josephvm
k:lin-elliott,,Lin Elliott,K,1995,KAN,Kansas City Chiefs,16,24,30,17,7,0,0,34,37,michaelmallari+josephvm
k:matt-bahr,,Matt Bahr,K,1995,NWE,New England Patriots,16,23,33,16,5,2,0,27,27,michaelmallari+josephvm
k:matt-stover,stovemat01,Matt Stover,K,1995,CLE,Cleveland Browns,16,29,33,22,7,0,0,26,26,michaelmallari+josephvm
k:michael-husted,hustemic01,Michael Husted,K,1995,TAM,Tampa Bay Buccaneers,16,19,26,11,5,3,0,25,25,michaelmallari+josephvm
k:mike-cofer,,Mike Cofer,K,1995,IND,Indianapolis Colts,4,4,9,2,1,1,0,9,9,michaelmallari+josephvm
k:mike-hollis,hollimik01,Mike Hollis,K,1995,JAX,Jacksonville Jaguars,16,20,27,14,4,2,0,27,28,michaelmallari+josephvm
k:morten-andersen,andermor01,Morten Andersen,K,1995,ATL,Atlanta Falcons,16,31,37,20,3,8,0,29,30,michaelmallari+josephvm
k:nick-lowery,,Nick Lowery,K,1995,NYJ,New York Jets,14,17,21,12,3,2,0,24,24,michaelmallari+josephvm
k:norm-johnson,johnsnor01,Norm Johnson,K,1995,PIT,Pittsburgh Steelers,16,34,41,25,8,1,0,39,39,michaelmallari+josephvm
k:pete-stoyanovich,stoyapet01,Pete Stoyanovich,K,1995,MIA,Miami Dolphins,16,27,34,19,6,2,0,37,37,michaelmallari+josephvm
k:steve-christie,chrisste01,Steve Christie,K,1995,BUF,Buffalo Bills,16,31,40,26,3,2,0,33,35,michaelmallari+josephvm
k:steve-mclaughlin,,Steve McLaughlin,K,1995,STL,St. Louis Rams,8,8,16,7,1,0,0,17,17,michaelmallari+josephvm
k:todd-peterson,petertod01,Todd Peterson,K,1995,SEA,Seattle Seahawks,16,23,28,15,8,0,0,40,40,michaelmallari+josephvm
k:tony-zendejas,,Tony Zendejas,K,1995,ATL/SFO,Atlanta Falcons / San Francisco 49ers,4,3,6,1,2,0,0,5,6,michaelmallari+josephvm+kendallgillies
k:adam-vinatieri,vinatada01,Adam Vinatieri,K,1996,NWE,New England Patriots,16,27,35,18,8,1,0,39,42,michaelmallari+josephvm
k:al-del-greco,delgralx01,Al Del Greco,K,1996,HOU,Houston Oilers,16,32,38,21,10,1,0,35,35,michaelmallari+josephvm
k:brad-daluiso,daluibra01,Brad Daluiso,K,1996,NYG,New York Giants,16,24,27,21,3,0,0,22,22,michaelmallari+josephvm
k:carlos-huerta,,Carlos Huerta,K,1996,CHI/STL,Chicago Bears / St. Louis Rams,4,4,7,3,1,0,0,5,5,michaelmallari+josephvm+manual
k:cary-blanchard,blanccar01,Cary Blanchard,K,1996,IND,Indianapolis Colts,16,36,40,20,11,5,0,27,27,michaelmallari+josephvm
k:chip-lohmiller,,Chip Lohmiller,K,1996,STL,St. Louis Rams,15,21,25,16,4,1,0,28,29,michaelmallari+josephvm
k:chris-boniol,boniochr01,Chris Boniol,K,1996,DAL,Dallas Cowboys,16,32,36,26,5,1,0,24,25,michaelmallari+josephvm
k:chris-jacke,jackechr01,Chris Jacke,K,1996,GNB,Green Bay Packers,16,21,27,15,5,1,0,51,53,michaelmallari+josephvm
k:cole-ford,,Cole Ford,K,1996,OAK,Oakland Raiders,16,24,31,19,5,0,0,36,36,michaelmallari+josephvm
k:doug-brien,briendou01,Doug Brien,K,1996,NOR,New Orleans Saints,16,21,25,13,5,3,0,18,18,michaelmallari+josephvm
k:doug-pelfrey,pelfrdou01,Doug Pelfrey,K,1996,CIN,Cincinnati Bengals,16,23,28,18,5,0,0,41,41,michaelmallari+josephvm
k:gary-anderson,andergar02,Gary Anderson,K,1996,PHI,Philadelphia Eagles,16,25,29,18,7,0,0,40,40,michaelmallari+josephvm
k:greg-davis,,Greg Davis,K,1996,ARI,Arizona Cardinals,9,9,14,8,1,0,0,12,12,michaelmallari+josephvm
k:jason-elam,elamxjas01,Jason Elam,K,1996,DEN,Denver Broncos,16,21,28,14,6,1,0,46,46,michaelmallari+josephvm
k:jason-hanson,hansojas01,Jason Hanson,K,1996,DET,Detroit Lions,16,12,17,8,3,1,0,36,36,michaelmallari+josephvm
k:jeff-jaeger,jaegejef01,Jeff Jaeger,K,1996,CHI,Chicago Bears,13,19,23,7,12,0,0,23,23,michaelmallari+josephvm
k:jeff-wilkins,wilkijef01,Jeff Wilkins,K,1996,SFO,San Francisco 49ers,16,30,34,23,7,0,0,40,40,michaelmallari+josephvm
k:joe-nedney,nednejoe01,Joe Nedney,K,1996,MIA,Miami Dolphins,16,18,29,15,3,0,0,35,36,michaelmallari+josephvm
k:john-carney,carnejoh01,John Carney,K,1996,SDG,San Diego Chargers,16,29,36,19,7,3,0,31,31,michaelmallari+josephvm
k:john-kasay,kasayjoh01,John Kasay,K,1996,CAR,Carolina Panthers,16,37,45,27,7,3,0,34,35,michaelmallari+josephvm
k:kevin-butler,,Kevin Butler,K,1996,ARI,Arizona Cardinals,7,14,17,12,2,0,0,17,19,michaelmallari+josephvm
k:matt-stover,stovemat01,Matt Stover,K,1996,BAL,Baltimore Ravens,16,19,25,13,5,1,0,34,35,michaelmallari+josephvm
k:michael-husted,hustemic01,Michael Husted,K,1996,TAM,Tampa Bay Buccaneers,16,25,32,17,7,1,0,18,19,michaelmallari+josephvm
k:mike-hollis,hollimik01,Mike Hollis,K,1996,JAX,Jacksonville Jaguars,16,30,36,23,5,2,0,27,27,michaelmallari+josephvm
k:morten-andersen,andermor01,Morten Andersen,K,1996,ATL,Atlanta Falcons,16,22,29,14,7,1,0,31,31,michaelmallari+josephvm
k:nick-lowery,,Nick Lowery,K,1996,NYJ,New York Jets,16,17,24,15,2,0,0,26,27,michaelmallari+josephvm
k:norm-johnson,johnsnor01,Norm Johnson,K,1996,PIT,Pittsburgh Steelers,16,23,30,18,5,0,0,37,37,michaelmallari+josephvm
k:pete-stoyanovich,stoyapet01,Pete Stoyanovich,K,1996,KAN,Kansas City Chiefs,16,17,24,13,4,0,0,34,34,michaelmallari+josephvm
k:scott-blanton,,Scott Blanton,K,1996,WAS,Washington Redskins,16,26,32,22,2,2,0,40,40,michaelmallari+josephvm
k:scott-sisson,,Scott Sisson,K,1996,MIN,Minnesota Vikings,16,22,29,19,3,0,0,30,30,michaelmallari+josephvm
k:steve-christie,chrisste01,Steve Christie,K,1996,BUF,Buffalo Bills,16,24,29,17,7,0,0,33,33,michaelmallari+josephvm
k:todd-peterson,petertod01,Todd Peterson,K,1996,SEA,Seattle Seahawks,16,28,34,18,8,2,0,27,27,michaelmallari+josephvm
k:adam-vinatieri,vinatada01,Adam Vinatieri,K,1997,NWE,New England Patriots,16,25,29,18,6,1,0,40,40,michaelmallari+josephvm
k:al-del-greco,delgralx01,Al Del Greco,K,1997,TEN,Tennessee Oilers,16,27,35,18,7,2,0,32,32,michaelmallari+josephvm
k:brad-daluiso,daluibra01,Brad Daluiso,K,1997,NYG,New York Giants,16,22,32,13,8,1,0,27,29,michaelmallari+josephvm
k:cary-blanchard,blanccar01,Cary Blanchard,K,1997,IND,Indianapolis Colts,16,32,41,21,10,1,0,21,21,michaelmallari+josephvm
k:chris-boniol,boniochr01,Chris Boniol,K,1997,PHI,Philadelphia Eagles,16,22,31,18,4,0,0,33,33,michaelmallari+josephvm
k:chris-jacke,jackechr01,Chris Jacke,K,1997,WAS,Washington Redskins,1,0,0,0,0,0,0,5,5,michaelmallari+josephvm
k:cole-ford,,Cole Ford,K,1997,OAK,Oakland Raiders,16,13,22,7,5,1,0,33,35,michaelmallari+josephvm
k:doug-brien,briendou01,Doug Brien,K,1997,NOR,New Orleans Saints,16,23,27,13,6,4,0,22,22,michaelmallari+josephvm
k:doug-pelfrey,pelfrdou01,Doug Pelfrey,K,1997,CIN,Cincinnati Bengals,16,12,16,7,5,0,0,41,43,michaelmallari+josephvm
k:eddie-murray,murraedd01,Eddie Murray,K,1997,MIN,Minnesota Vikings,12,12,17,8,4,0,0,23,24,michaelmallari+josephvm
k:gary-anderson,andergar02,Gary Anderson,K,1997,SFO,San Francisco 49ers,16,29,36,20,8,1,0,38,38,michaelmallari+josephvm
k:greg-davis,,Greg Davis,K,1997,MIN/SDG,Minnesota Vikings / San Diego Chargers,16,26,34,20,6,0,0,31,32,michaelmallari+josephvm+kendallgillies
k:jason-elam,elamxjas01,Jason Elam,K,1997,DEN,Denver Broncos,15,26,36,20,3,3,0,46,46,michaelmallari+josephvm
k:jason-hanson,hansojas01,Jason Hanson,K,1997,DET,Detroit Lions,16,26,29,18,5,3,0,39,40,michaelmallari+josephvm
k:jeff-jaeger,jaegejef01,Jeff Jaeger,K,1997,CHI,Chicago Bears,16,21,26,16,4,1,0,20,20,michaelmallari+josephvm
k:jeff-wilkins,wilkijef01,Jeff Wilkins,K,1997,STL,St. Louis Rams,16,25,37,16,7,2,0,32,32,michaelmallari+josephvm
k:joe-nedney,nednejoe01,Joe Nedney,K,1997,ARI,Arizona Cardinals,10,11,17,8,3,0,0,19,19,michaelmallari+josephvm
k:john-carney,carnejoh01,John Carney,K,1997,SDG,San Diego Chargers,4,7,7,5,2,0,0,5,5,michaelmallari+josephvm
k:john-hall,hallxjoh01,John Hall,K,1997,NYJ,New York Jets,16,28,41,22,2,4,0,36,36,michaelmallari+josephvm
k:john-kasay,kasayjoh01,John Kasay,K,1997,CAR,Carolina Panthers,16,22,26,15,4,3,0,25,25,michaelmallari+josephvm
k:kevin-butler,,Kevin Butler,K,1997,ARI,Arizona Cardinals,6,8,12,6,2,0,0,9,10,michaelmallari+josephvm
k:matt-stover,stovemat01,Matt Stover,K,1997,BAL,Baltimore Ravens,16,26,34,20,6,0,0,32,32,michaelmallari+josephvm
k:michael-husted,hustemic01,Michael Husted,K,1997,TAM,Tampa Bay Buccaneers,16,13,17,7,5,1,0,32,35,michaelmallari+josephvm
k:mike-hollis,hollimik01,Mike Hollis,K,1997,JAX,Jacksonville Jaguars,16,31,36,22,7,2,0,41,41,michaelmallari+josephvm
k:morten-andersen,andermor01,Morten Andersen,K,1997,ATL,Atlanta Falcons,16,23,27,18,3,2,0,35,35,michaelmallari+josephvm
k:norm-johnson,johnsnor01,Norm Johnson,K,1997,PIT,Pittsburgh Steelers,16,22,25,15,6,1,0,40,40,michaelmallari+josephvm
k:olindo-mare,marexoli01,Olindo Mare,K,1997,MIA,Miami Dolphins,16,28,36,24,3,1,0,33,33,michaelmallari+josephvm
k:pete-stoyanovich,stoyapet01,Pete Stoyanovich,K,1997,KAN,Kansas City Chiefs,16,26,27,12,12,2,0,35,36,michaelmallari+josephvm
k:richie-cunningham,cunniric01,Richie Cunningham,K,1997,DAL,Dallas Cowboys,16,34,37,26,7,1,0,24,24,michaelmallari+josephvm
k:ryan-longwell,longwrya01,Ryan Longwell,K,1997,GNB,Green Bay Packers,16,24,30,21,2,1,0,48,48,michaelmallari+josephvm
k:scott-bentley,bentlsco01,Scott Bentley,K,1997,ATL/DEN,Atlanta Falcons / Denver Broncos,3,2,3,2,0,0,0,4,4,michaelmallari+manual
k:scott-blanton,,Scott Blanton,K,1997,WAS,Washington Redskins,15,16,24,11,4,1,0,34,34,michaelmallari+josephvm
k:steve-christie,chrisste01,Steve Christie,K,1997,BUF,Buffalo Bills,16,24,30,15,8,1,0,21,21,michaelmallari+josephvm
k:toby-gowin,,Toby Gowin,K,1997,DAL,Dallas Cowboys,16,0,1,0,0,0,0,0,0,josephvm
k:todd-peterson,petertod01,Todd Peterson,K,1997,SEA,Seattle Seahawks,16,22,28,16,5,1,0,37,37,michaelmallari+josephvm
k:adam-vinatieri,vinatada01,Adam Vinatieri,K,1998,NWE,New England Patriots,16,31,39,20,9,2,0,32,32,michaelmallari+josephvm
k:al-del-greco,delgralx01,Al Del Greco,K,1998,TEN,Tennessee Oilers,16,36,39,24,12,0,0,28,28,michaelmallari+josephvm
k:brad-daluiso,daluibra01,Brad Daluiso,K,1998,NYG,New York Giants,16,21,27,13,7,1,0,32,32,michaelmallari+josephvm
k:cary-blanchard,blanccar01,Cary Blanchard,K,1998,WAS,Washington Redskins,13,11,17,8,2,1,0,30,31,michaelmallari+josephvm
k:chris-boniol,boniochr01,Chris Boniol,K,1998,PHI,Philadelphia Eagles,16,14,21,10,3,1,0,15,17,michaelmallari+josephvm
k:chris-jacke,jackechr01,Chris Jacke,K,1998,ARI,Arizona Cardinals,4,10,14,8,1,1,0,6,6,michaelmallari+josephvm
k:craig-hentrich,,Craig Hentrich,K,1998,TEN,Tennessee Oilers,16,0,1,0,0,0,0,0,0,josephvm
k:david-akers,akersdav01,David Akers,K,1998,WAS,Washington Redskins,1,0,2,0,0,0,0,2,2,michaelmallari+josephvm
k:doug-brien,briendou01,Doug Brien,K,1998,NOR,New Orleans Saints,16,20,22,10,6,4,0,31,31,michaelmallari+josephvm
k:doug-pelfrey,pelfrdou01,Doug Pelfrey,K,1998,CIN,Cincinnati Bengals,16,19,27,11,6,2,0,21,21,michaelmallari+josephvm
k:gary-anderson,andergar02,Gary Anderson,K,1998,MIN,Minnesota Vikings,16,35,35,21,12,2,0,59,59,michaelmallari+josephvm
k:greg-davis,,Greg Davis,K,1998,OAK,Oakland Raiders,16,17,27,10,6,1,0,31,31,michaelmallari+josephvm
k:jason-elam,elamxjas01,Jason Elam,K,1998,DEN,Denver Broncos,16,23,27,16,4,3,0,58,58,michaelmallari+josephvm
k:jason-hanson,hansojas01,Jason Hanson,K,1998,DET,Detroit Lions,16,29,33,15,13,1,0,27,29,michaelmallari+josephvm
k:jeff-jaeger,jaegejef01,Jeff Jaeger,K,1998,CHI,Chicago Bears,16,21,26,19,1,1,0,27,28,michaelmallari+josephvm
k:jeff-wilkins,wilkijef01,Jeff Wilkins,K,1998,STL,St. Louis Rams,16,20,26,12,5,3,0,25,26,michaelmallari+josephvm
k:joe-nedney,nednejoe01,Joe Nedney,K,1998,ARI,Arizona Cardinals,12,13,19,7,5,1,0,30,30,michaelmallari+josephvm
k:john-carney,carnejoh01,John Carney,K,1998,SDG,San Diego Chargers,16,26,30,16,8,2,0,19,19,michaelmallari+josephvm
k:john-hall,hallxjoh01,John Hall,K,1998,NYJ,New York Jets,16,25,35,18,6,1,0,45,46,michaelmallari+josephvm
k:john-kasay,kasayjoh01,John Kasay,K,1998,CAR,Carolina Panthers,16,19,26,9,6,4,0,35,37,michaelmallari+josephvm
k:matt-george,,Matt George,K,1998,PIT,Pittsburgh Steelers,1,0,1,0,0,0,0,2,2,michaelmallari+josephvm
k:matt-stover,stovemat01,Matt Stover,K,1998,BAL,Baltimore Ravens,16,21,28,11,10,0,0,24,24,michaelmallari+josephvm
k:michael-husted,hustemic01,Michael Husted,K,1998,TAM,Tampa Bay Buccaneers,16,21,28,15,5,1,0,29,30,michaelmallari+josephvm
k:mike-hollis,hollimik01,Mike Hollis,K,1998,JAX,Jacksonville Jaguars,16,21,26,17,4,0,0,45,45,michaelmallari+josephvm
k:mike-vanderjagt,vandemik01,Mike Vanderjagt,K,1998,IND,Indianapolis Colts,14,27,31,13,8,6,0,23,23,michaelmallari+josephvm
k:morten-andersen,andermor01,Morten Andersen,K,1998,ATL,Atlanta Falcons,16,23,28,15,6,2,0,51,52,michaelmallari+josephvm
k:norm-johnson,johnsnor01,Norm Johnson,K,1998,PIT,Pittsburgh Steelers,15,26,31,15,11,0,0,21,21,michaelmallari+josephvm
k:olindo-mare,marexoli01,Olindo Mare,K,1998,MIA,Miami Dolphins,16,22,27,17,5,0,0,33,34,michaelmallari+josephvm
k:pete-stoyanovich,stoyapet01,Pete Stoyanovich,K,1998,KAN,Kansas City Chiefs,16,27,32,20,5,2,0,34,34,michaelmallari+josephvm
k:richie-cunningham,cunniric01,Richie Cunningham,K,1998,DAL,Dallas Cowboys,16,29,35,18,10,1,0,40,40,michaelmallari+josephvm
k:ryan-longwell,longwrya01,Ryan Longwell,K,1998,GNB,Green Bay Packers,16,29,33,20,9,0,0,41,43,michaelmallari+josephvm
k:scott-blanton,,Scott Blanton,K,1998,WAS,Washington Redskins,2,2,4,1,1,0,0,4,4,michaelmallari+josephvm
k:steve-christie,chrisste01,Steve Christie,K,1998,BUF,Buffalo Bills,16,33,41,23,9,1,0,41,41,michaelmallari+josephvm
k:todd-peterson,petertod01,Todd Peterson,K,1998,SEA,Seattle Seahawks,16,19,24,11,5,3,0,41,41,michaelmallari+josephvm
k:tom-rouen,,Tom Rouen,K,1998,DEN,Denver Broncos,16,0,0,0,0,0,0,0,1,josephvm
k:wade-richey,richewad01,Wade Richey,K,1998,SFO,San Francisco 49ers,16,18,27,12,6,0,0,49,51,michaelmallari+josephvm
